2025-08-22 12:47:45,175 | INFO    | scraper.cli          | Email scraper starting
2025-08-22 12:47:45,177 | INFO    | scraper.cli          | Input file: test_input.xlsx
2025-08-22 12:47:45,177 | INFO    | scraper.cli          | Output file: results.xlsx
2025-08-22 12:47:45,177 | INFO    | scraper.cli          | Workers: 16
2025-08-22 12:47:45,178 | INFO    | scraper.cli          | Domain threshold: 65
2025-08-22 12:47:45,178 | INFO    | scraper.cli          | Max pages: 30
2025-08-22 12:47:45,179 | INFO    | scraper.cli          | Process PDFs: False
2025-08-22 12:47:45,179 | INFO    | scraper.cli          | Save domain only: False
2025-08-22 12:47:45,339 | INFO    | scraper.cli          | Loaded 9 companies from test_input.xlsx
2025-08-22 12:47:45,340 | INFO    | scraper.orchestrator | ▶ Processing company: walter schmidt chemie gmbh
2025-08-22 12:47:45,340 | INFO    | scraper.orchestrator | ▶ Processing company: henan xinlianxin fertilizer 
2025-08-22 12:47:45,341 | INFO    | scraper.orchestrator | ▶ Processing company: mitsui toatsu chemicals 
2025-08-22 12:47:45,341 | INFO    | scraper.orchestrator | ▶ Processing company: bluetec haman
2025-08-22 12:47:45,342 | INFO    | scraper.orchestrator | ▶ Processing company: daf trucks
2025-08-22 12:47:45,343 | INFO    | scraper.orchestrator | ▶ Processing company: petrol rete 
2025-08-22 12:47:45,343 | INFO    | scraper.orchestrator | ▶ Processing company: euro dam jas doo
2025-08-22 12:47:45,344 | INFO    | scraper.orchestrator | ▶ Processing company: Synsol
2025-08-22 12:47:45,344 | INFO    | scraper.orchestrator | ▶ Processing company: speedy fuels
2025-08-22 12:47:45,670 | INFO    | scraper.orchestrator | ✓ Found domain: walter-schmidt-chemie.de (score: 89)
2025-08-22 12:47:46,352 | INFO    | scraper.orchestrator | ✓ Found domain: bluetech00.gobizkorea.com (score: 88)
2025-08-22 12:47:46,572 | INFO    | scraper.orchestrator | ✓ Found domain: bpetrol.it (score: 92)
2025-08-22 12:47:46,575 | INFO    | scraper.orchestrator | ✓ Found domain: us.mitsuichemicals.com (score: 88)
2025-08-22 12:47:46,592 | INFO    | scraper.orchestrator | ✓ Found domain: worldfertilizer.com (score: 80)
2025-08-22 12:47:46,597 | INFO    | scraper.orchestrator | ✓ Found domain: eurodamjas.com (score: 100)
2025-08-22 12:47:46,600 | INFO    | scraper.orchestrator | ✓ Found domain: synsol.ch (score: 100)
2025-08-22 12:47:46,746 | INFO    | scraper.orchestrator | ✓ Found domain: daf.com (score: 100)
2025-08-22 12:47:46,752 | INFO    | scraper.orchestrator | ✓ Found domain: speedyfuels.co.uk (score: 100)
2025-08-22 12:47:46,833 | INFO    | scraper.http         | HTTP GET https://synsol.ch → 200
2025-08-22 12:47:46,871 | INFO    | scraper.email_extractor |   1 emails on https://synsol.ch/ (def from text)
2025-08-22 12:47:46,872 | INFO    | scraper.hybrid_email_extractor | Static pass found 1 emails in https://synsol.ch/
2025-08-22 12:47:46,978 | INFO    | scraper.http         | HTTP GET https://worldfertilizer.com → 404
2025-08-22 12:47:47,005 | INFO    | scraper.http         | Retrying with www-prefix: https://www.worldfertilizer.com
2025-08-22 12:47:47,133 | INFO    | scraper.http         | HTTP GET https://eurodamjas.com → 200
2025-08-22 12:47:47,148 | INFO    | scraper.hybrid_email_extractor | Static pass found 1 emails in https://eurodamjas.com/
2025-08-22 12:47:47,216 | INFO    | scraper.http         | HTTP GET https://speedyfuels.co.uk → 200
2025-08-22 12:47:47,279 | INFO    | scraper.email_extractor |   0 emails on https://www.speedyfuels.co.uk/ (def from text)
2025-08-22 12:47:47,308 | INFO    | scraper.hybrid_email_extractor | JS fallback for https://www.speedyfuels.co.uk/
2025-08-22 12:47:47,353 | INFO    | scraper.http         | HTTP GET https://us.mitsuichemicals.com → 200
2025-08-22 12:47:47,391 | INFO    | scraper.email_extractor |   0 emails on https://us.mitsuichemicals.com/ (def from text)
2025-08-22 12:47:47,419 | INFO    | scraper.hybrid_email_extractor | JS fallback for https://us.mitsuichemicals.com/
2025-08-22 12:47:47,420 | INFO    | scraper.http         | HTTP GET https://daf.com → 200
2025-08-22 12:47:47,492 | INFO    | scraper.email_extractor |   0 emails on https://www.daf.com/en/sites-landing (def from text)
2025-08-22 12:47:47,522 | INFO    | scraper.hybrid_email_extractor | JS fallback for https://www.daf.com/en/sites-landing
2025-08-22 12:47:47,586 | INFO    | scraper.http         | HTTP HEAD https://www.eurodamjas.com/sitemap.xml → 200
2025-08-22 12:47:47,868 | INFO    | scraper.email_extractor |   1 emails on https://www.worldfertilizer.com/ (def from text)
2025-08-22 12:47:47,868 | INFO    | scraper.hybrid_email_extractor | Static pass found 1 emails in https://www.worldfertilizer.com/
2025-08-22 12:47:47,936 | INFO    | scraper.http         | HTTP GET https://www.eurodamjas.com/sitemap.xml → 200
2025-08-22 12:47:47,936 | INFO    | scraper.sitemap      | Found sitemap via standard filenames: https://www.eurodamjas.com/sitemap.xml (0.79s)
2025-08-22 12:47:48,017 | INFO    | scraper.http         | HTTP HEAD https://www.worldfertilizer.com/sitemap.xml → 200
2025-08-22 12:47:48,122 | INFO    | scraper.http         | HTTP GET https://www.worldfertilizer.com/sitemap.xml → 200
2025-08-22 12:47:48,122 | INFO    | scraper.sitemap      | Found sitemap via standard filenames: https://www.worldfertilizer.com/sitemap.xml (0.25s)
2025-08-22 12:47:48,126 | INFO    | scraper.http         | HTTP GET https://eurodamjas.com/wp-sitemap-posts-post-1.xml → 200
2025-08-22 12:47:48,306 | INFO    | scraper.http         | HTTP GET https://eurodamjas.com/wp-sitemap-posts-cspt-portfolio-1.xml → 200
2025-08-22 12:47:48,342 | INFO    | scraper.http         | HTTP GET https://eurodamjas.com/wp-sitemap-posts-cspt-service-1.xml → 200
2025-08-22 12:47:48,343 | INFO    | scraper.http         | HTTP GET https://eurodamjas.com/wp-sitemap-posts-page-1.xml → 200
2025-08-22 12:47:48,350 | INFO    | scraper.http         | HTTP GET https://eurodamjas.com/wp-sitemap-posts-cspt-team-member-1.xml → 200
2025-08-22 12:47:48,508 | INFO    | scraper.http         | HTTP GET https://eurodamjas.com/wp-sitemap-posts-cspt-testimonial-1.xml → 200
2025-08-22 12:47:48,526 | INFO    | scraper.http         | HTTP GET https://eurodamjas.com/wp-sitemap-taxonomies-cspt-portfolio-category-1.xml → 200
2025-08-22 12:47:48,530 | INFO    | scraper.http         | HTTP GET https://eurodamjas.com/wp-sitemap-taxonomies-category-1.xml → 200
2025-08-22 12:47:48,538 | INFO    | scraper.http         | HTTP GET https://eurodamjas.com/wp-sitemap-users-1.xml → 200
2025-08-22 12:47:48,685 | INFO    | scraper.http         | HTTP GET https://www.worldfertilizer.com/materials-handling/02082022/shiploader-for-fertilizer-and-granulated-urea-supplied-to-fertil-ruwais-terminal/ → 200
2025-08-22 12:47:48,696 | INFO    | scraper.email_extractor |   1 emails on https://www.worldfertilizer.com/materials-handling/02082022/shiploader-for-fertilizer-and-granulated-urea-supplied-to-fertil-ruwais-terminal/ (def from text)
2025-08-22 12:47:48,696 | INFO    | scraper.hybrid_email_extractor | Static pass found 1 on https://www.worldfertilizer.com/materials-handling/02082022/shiploader-for-fertilizer-and-granulated-urea-supplied-to-fertil-ruwais-terminal/
2025-08-22 12:47:48,854 | INFO    | scraper.http         | HTTP GET https://eurodamjas.com/about-us-01/ → 200
2025-08-22 12:47:48,872 | INFO    | scraper.hybrid_email_extractor | Static pass found 1 on https://eurodamjas.com/about-us-01/
2025-08-22 12:47:49,052 | INFO    | scraper.http         | HTTP GET https://www.worldfertilizer.com/project-news/02032023/kimre-celebrates-engineering-and-technical-sales-personnel/ → 200
2025-08-22 12:47:49,064 | INFO    | scraper.email_extractor |   1 emails on https://www.worldfertilizer.com/project-news/02032023/kimre-celebrates-engineering-and-technical-sales-personnel/ (def from text)
2025-08-22 12:47:49,065 | INFO    | scraper.hybrid_email_extractor | Static pass found 1 on https://www.worldfertilizer.com/project-news/02032023/kimre-celebrates-engineering-and-technical-sales-personnel/
2025-08-22 12:47:49,141 | INFO    | scraper.http         | HTTP GET https://eurodamjas.com/kontakt/ → 200
2025-08-22 12:47:49,155 | INFO    | scraper.hybrid_email_extractor | Static pass found 1 on https://eurodamjas.com/kontakt/
2025-08-22 12:47:49,290 | INFO    | scraper.http         | HTTP HEAD https://www.synsol.ch/sitemap.xml → 200
2025-08-22 12:47:49,291 | INFO    | scraper.email_extractor |   0 emails on https://www.speedyfuels.co.uk/ (def from text)
2025-08-22 12:47:49,379 | INFO    | scraper.http         | HTTP GET https://www.synsol.ch/sitemap.xml → 200
2025-08-22 12:47:49,379 | INFO    | scraper.sitemap      | Found sitemap via standard filenames: https://www.synsol.ch/sitemap.xml (2.51s)
2025-08-22 12:47:49,389 | INFO    | scraper.http         | HTTP GET https://www.worldfertilizer.com/special-reports/04072022/cru-appoints-new-regional-director-of-sales-for-mena/ → 200
2025-08-22 12:47:49,406 | INFO    | scraper.email_extractor |   1 emails on https://www.worldfertilizer.com/special-reports/04072022/cru-appoints-new-regional-director-of-sales-for-mena/ (def from text)
2025-08-22 12:47:49,407 | INFO    | scraper.hybrid_email_extractor | Static pass found 1 on https://www.worldfertilizer.com/special-reports/04072022/cru-appoints-new-regional-director-of-sales-for-mena/
2025-08-22 12:47:49,456 | INFO    | scraper.http         | HTTP GET https://eurodamjas.com/usluge/adblue/ → 200
2025-08-22 12:47:49,499 | INFO    | scraper.http         | HTTP GET https://synsol.ch/wp-sitemap-posts-page-1.xml → 200
2025-08-22 12:47:49,514 | INFO    | scraper.hybrid_email_extractor | Static pass found 1 on https://eurodamjas.com/usluge/adblue/
2025-08-22 12:47:49,525 | INFO    | scraper.http         | HTTP GET https://synsol.ch/wp-sitemap-users-1.xml → 200
2025-08-22 12:47:49,553 | INFO    | scraper.http         | HTTP GET https://synsol.ch/urea/ → 200
2025-08-22 12:47:49,576 | INFO    | scraper.email_extractor |   1 emails on https://synsol.ch/urea/ (def from text)
2025-08-22 12:47:49,577 | INFO    | scraper.hybrid_email_extractor | Static pass found 1 on https://synsol.ch/urea/
2025-08-22 12:47:49,585 | INFO    | scraper.http         | HTTP GET https://bpetrol.it → 200
2025-08-22 12:47:49,633 | INFO    | scraper.email_extractor |   2 emails on https://www.bpetrol.it/ (def from text)
2025-08-22 12:47:49,633 | INFO    | scraper.hybrid_email_extractor | Static pass found 2 emails in https://www.bpetrol.it/
2025-08-22 12:47:49,634 | INFO    | scraper.http         | HTTP GET https://synsol.ch/privacy-policy-of-synsol-ag/ → 200
2025-08-22 12:47:49,646 | INFO    | scraper.email_extractor |   0 emails on https://synsol.ch/privacy-policy-of-synsol-ag/ (def from text)
2025-08-22 12:47:49,659 | INFO    | scraper.hybrid_email_extractor | Static pass found 0 on https://synsol.ch/privacy-policy-of-synsol-ag/
2025-08-22 12:47:49,659 | INFO    | scraper.hybrid_email_extractor | JS fallback for https://synsol.ch/privacy-policy-of-synsol-ag/
2025-08-22 12:47:49,760 | INFO    | scraper.http         | HTTP HEAD https://speedyfuels.co.uk/sitemap.xml → 200
2025-08-22 12:47:49,828 | INFO    | scraper.http         | HTTP GET https://eurodamjas.com/about-us-02/ → 200
2025-08-22 12:47:49,854 | INFO    | scraper.hybrid_email_extractor | Static pass found 1 on https://eurodamjas.com/about-us-02/
2025-08-22 12:47:49,854 | INFO    | scraper.orchestrator | Used sitemap for eurodamjas.com
2025-08-22 12:47:49,854 | INFO    | scraper.orchestrator | ✓ Found 1 emails for euro dam jas doo
2025-08-22 12:47:49,964 | INFO    | scraper.http         | HTTP GET https://www.worldfertilizer.com/project-news/10052023/construction-of-perdaman-chemicals-fertilisers-urea-plant-begins/ → 200
2025-08-22 12:47:49,981 | INFO    | scraper.email_extractor |   1 emails on https://www.worldfertilizer.com/project-news/10052023/construction-of-perdaman-chemicals-fertilisers-urea-plant-begins/ (def from text)
2025-08-22 12:47:49,981 | INFO    | scraper.hybrid_email_extractor | Static pass found 1 on https://www.worldfertilizer.com/project-news/10052023/construction-of-perdaman-chemicals-fertilisers-urea-plant-begins/
2025-08-22 12:47:50,200 | INFO    | scraper.http         | HTTP GET https://speedyfuels.co.uk/sitemap.xml → 200
2025-08-22 12:47:50,200 | INFO    | scraper.sitemap      | Found sitemap via standard filenames: https://speedyfuels.co.uk/sitemap.xml (0.88s)
2025-08-22 12:47:50,264 | INFO    | scraper.http         | HTTP GET https://www.speedyfuels.co.uk/post-sitemap.xml → 200
2025-08-22 12:47:50,293 | INFO    | scraper.http         | HTTP HEAD https://www.bpetrol.it/sitemap.xml → 200
2025-08-22 12:47:50,320 | INFO    | scraper.http         | HTTP GET https://www.speedyfuels.co.uk/page-sitemap.xml → 200
2025-08-22 12:47:50,435 | INFO    | scraper.http         | HTTP GET https://www.speedyfuels.co.uk/news/how-to-look-after-your-adblue-storage-tanks/ → 200
2025-08-22 12:47:50,481 | INFO    | scraper.email_extractor |   0 emails on https://www.speedyfuels.co.uk/news/how-to-look-after-your-adblue-storage-tanks/ (def from text)
2025-08-22 12:47:50,492 | INFO    | scraper.http         | HTTP GET https://www.worldfertilizer.com/nitrogen/11112022/yara-calls-for-action-to-secure-continued-supply-of-nitrogen-essentials-such-as-adblue/ → 200
2025-08-22 12:47:50,504 | INFO    | scraper.hybrid_email_extractor | Static pass found 0 on https://www.speedyfuels.co.uk/news/how-to-look-after-your-adblue-storage-tanks/
2025-08-22 12:47:50,520 | INFO    | scraper.email_extractor |   1 emails on https://www.worldfertilizer.com/nitrogen/11112022/yara-calls-for-action-to-secure-continued-supply-of-nitrogen-essentials-such-as-adblue/ (def from text)
2025-08-22 12:47:50,520 | INFO    | scraper.hybrid_email_extractor | JS fallback for https://www.speedyfuels.co.uk/news/how-to-look-after-your-adblue-storage-tanks/
2025-08-22 12:47:50,521 | INFO    | scraper.hybrid_email_extractor | Static pass found 1 on https://www.worldfertilizer.com/nitrogen/11112022/yara-calls-for-action-to-secure-continued-supply-of-nitrogen-essentials-such-as-adblue/
2025-08-22 12:47:50,836 | INFO    | scraper.http         | HTTP GET https://www.bpetrol.it/sitemap.xml → 200
2025-08-22 12:47:50,837 | INFO    | scraper.sitemap      | Found sitemap via standard filenames: https://www.bpetrol.it/sitemap.xml (1.20s)
2025-08-22 12:47:50,848 | INFO    | scraper.http         | HTTP GET https://www.worldfertilizer.com/nitrogen/15122021/most-of-yaras-european-ammonia-production-back-on-stream/ → 200
2025-08-22 12:47:50,862 | INFO    | scraper.email_extractor |   1 emails on https://www.worldfertilizer.com/nitrogen/15122021/most-of-yaras-european-ammonia-production-back-on-stream/ (def from text)
2025-08-22 12:47:50,862 | INFO    | scraper.hybrid_email_extractor | Static pass found 1 on https://www.worldfertilizer.com/nitrogen/15122021/most-of-yaras-european-ammonia-production-back-on-stream/
2025-08-22 12:47:51,007 | INFO    | scraper.http         | HTTP GET https://www.bpetrol.it/post-sitemap.xml → 200
2025-08-22 12:47:51,143 | INFO    | scraper.http         | HTTP GET https://www.bpetrol.it/3d-flip-book-sitemap.xml → 200
2025-08-22 12:47:51,310 | INFO    | scraper.email_extractor |   0 emails on https://us.mitsuichemicals.com/ (def from text)
2025-08-22 12:47:51,311 | INFO    | scraper.http         | HTTP GET https://www.worldfertilizer.com/project-news/04022022/perdaman-urea-project-receives-government-financing/ → 200
2025-08-22 12:47:51,354 | INFO    | scraper.email_extractor |   1 emails on https://www.worldfertilizer.com/project-news/04022022/perdaman-urea-project-receives-government-financing/ (def from text)
2025-08-22 12:47:51,375 | INFO    | scraper.hybrid_email_extractor | Static pass found 1 on https://www.worldfertilizer.com/project-news/04022022/perdaman-urea-project-receives-government-financing/
2025-08-22 12:47:51,376 | INFO    | scraper.http         | HTTP GET https://www.bpetrol.it/category-sitemap.xml → 200
2025-08-22 12:47:51,601 | INFO    | scraper.http         | HTTP GET https://www.bpetrol.it/post_tag-sitemap.xml → 200
2025-08-22 12:47:51,656 | INFO    | scraper.http         | HTTP GET https://www.worldfertilizer.com/project-news/19012022/stamicarbon-wins-licensing-and-equipment-supply-contract-for-two-urea-plants-in-china/ → 200
2025-08-22 12:47:51,677 | INFO    | scraper.email_extractor |   1 emails on https://www.worldfertilizer.com/project-news/19012022/stamicarbon-wins-licensing-and-equipment-supply-contract-for-two-urea-plants-in-china/ (def from text)
2025-08-22 12:47:51,677 | INFO    | scraper.hybrid_email_extractor | Static pass found 1 on https://www.worldfertilizer.com/project-news/19012022/stamicarbon-wins-licensing-and-equipment-supply-contract-for-two-urea-plants-in-china/
2025-08-22 12:47:51,693 | INFO    | scraper.http         | HTTP HEAD https://us.mitsuichemicals.com/sitemap.xml → 200
2025-08-22 12:47:51,943 | INFO    | scraper.http         | HTTP GET https://us.mitsuichemicals.com/sitemap.xml → 200
2025-08-22 12:47:51,944 | INFO    | scraper.sitemap      | Found sitemap via standard filenames: https://us.mitsuichemicals.com/sitemap.xml (0.57s)
2025-08-22 12:47:51,984 | INFO    | scraper.http         | HTTP GET https://www.worldfertilizer.com/phosphates/10052023/kropz-plc-provides-update-on-elandsfontein-phosphate-project-sales/ → 200
2025-08-22 12:47:52,005 | INFO    | scraper.email_extractor |   1 emails on https://www.worldfertilizer.com/phosphates/10052023/kropz-plc-provides-update-on-elandsfontein-phosphate-project-sales/ (def from text)
2025-08-22 12:47:52,005 | INFO    | scraper.hybrid_email_extractor | Static pass found 1 on https://www.worldfertilizer.com/phosphates/10052023/kropz-plc-provides-update-on-elandsfontein-phosphate-project-sales/
2025-08-22 12:47:52,078 | INFO    | scraper.http         | HTTP GET https://www.worldfertilizer.com/privacy/ → 200
2025-08-22 12:47:52,104 | INFO    | scraper.email_extractor |   2 emails on https://www.worldfertilizer.com/privacy/ (def from text)
2025-08-22 12:47:52,105 | INFO    | scraper.hybrid_email_extractor | Static pass found 2 on https://www.worldfertilizer.com/privacy/
2025-08-22 12:47:52,158 | INFO    | scraper.http         | HTTP GET https://www.bpetrol.it/page-sitemap.xml → 200
2025-08-22 12:47:52,219 | INFO    | scraper.http         | HTTP GET https://us.mitsuichemicals.com/siteinfo/privacy/index.htm → 200
2025-08-22 12:47:52,273 | INFO    | scraper.email_extractor |   0 emails on https://us.mitsuichemicals.com/siteinfo/privacy/index.htm (def from text)
2025-08-22 12:47:52,323 | INFO    | scraper.hybrid_email_extractor | Static pass found 0 on https://us.mitsuichemicals.com/siteinfo/privacy/index.htm
2025-08-22 12:47:52,323 | INFO    | scraper.http         | HTTP GET https://www.bpetrol.it/privacy-policy/ → 200
2025-08-22 12:47:52,323 | INFO    | scraper.hybrid_email_extractor | JS fallback for https://us.mitsuichemicals.com/siteinfo/privacy/index.htm
2025-08-22 12:47:52,348 | INFO    | scraper.email_extractor |   3 emails on https://www.bpetrol.it/privacy-policy/ (def from text)
2025-08-22 12:47:52,348 | INFO    | scraper.hybrid_email_extractor | Static pass found 3 on https://www.bpetrol.it/privacy-policy/
2025-08-22 12:47:52,348 | INFO    | scraper.orchestrator | Used sitemap for bpetrol.it
2025-08-22 12:47:52,349 | INFO    | scraper.orchestrator | ✓ Found 3 emails for petrol rete 
2025-08-22 12:47:52,391 | INFO    | scraper.http         | HTTP GET https://www.worldfertilizer.com/project-news/06062022/kima-approves-amicable-settlement-with-technemont-regarding-ammonia-and-urea-project/ → 200
2025-08-22 12:47:52,408 | INFO    | scraper.email_extractor |   1 emails on https://www.worldfertilizer.com/project-news/06062022/kima-approves-amicable-settlement-with-technemont-regarding-ammonia-and-urea-project/ (def from text)
2025-08-22 12:47:52,408 | INFO    | scraper.hybrid_email_extractor | Static pass found 1 on https://www.worldfertilizer.com/project-news/06062022/kima-approves-amicable-settlement-with-technemont-regarding-ammonia-and-urea-project/
2025-08-22 12:47:52,691 | INFO    | scraper.http         | HTTP GET https://www.worldfertilizer.com/project-news/13012022/operator-training-simulator-to-train-operators-at-gemlik-urea-melt-and-granulation-plant/ → 200
2025-08-22 12:47:52,711 | INFO    | scraper.email_extractor |   1 emails on https://www.worldfertilizer.com/project-news/13012022/operator-training-simulator-to-train-operators-at-gemlik-urea-melt-and-granulation-plant/ (def from text)
2025-08-22 12:47:52,712 | INFO    | scraper.hybrid_email_extractor | Static pass found 1 on https://www.worldfertilizer.com/project-news/13012022/operator-training-simulator-to-train-operators-at-gemlik-urea-melt-and-granulation-plant/
2025-08-22 12:47:53,092 | INFO    | scraper.http         | HTTP GET https://www.worldfertilizer.com/environment/11052022/fertilizers-europe-share-a-statement-on-the-application-of-the-eu-fertilizing-product-regulation/ → 200
2025-08-22 12:47:53,106 | INFO    | scraper.email_extractor |   1 emails on https://www.worldfertilizer.com/environment/11052022/fertilizers-europe-share-a-statement-on-the-application-of-the-eu-fertilizing-product-regulation/ (def from text)
2025-08-22 12:47:53,106 | INFO    | scraper.hybrid_email_extractor | Static pass found 1 on https://www.worldfertilizer.com/environment/11052022/fertilizers-europe-share-a-statement-on-the-application-of-the-eu-fertilizing-product-regulation/
2025-08-22 12:47:53,193 | INFO    | scraper.http         | HTTP GET https://www.worldfertilizer.com/contact/ → 200
2025-08-22 12:47:53,211 | INFO    | scraper.email_extractor |   1 emails on https://www.worldfertilizer.com/contact/ (def from text)
2025-08-22 12:47:53,211 | INFO    | scraper.hybrid_email_extractor | Static pass found 1 on https://www.worldfertilizer.com/contact/
2025-08-22 12:47:53,520 | INFO    | scraper.email_extractor |   0 emails on https://www.daf.com/en/sites-landing (def from text)
2025-08-22 12:47:53,863 | INFO    | scraper.http         | HTTP HEAD https://daf.com/sitemap.xml → 200
2025-08-22 12:47:53,872 | INFO    | scraper.http         | HTTP GET https://www.worldfertilizer.com/project-news/08082022/maire-tecnimont-selected-as-urea-licensor-for-project-in-sub-saharan-africa/ → 200
2025-08-22 12:47:53,885 | INFO    | scraper.email_extractor |   1 emails on https://www.worldfertilizer.com/project-news/08082022/maire-tecnimont-selected-as-urea-licensor-for-project-in-sub-saharan-africa/ (def from text)
2025-08-22 12:47:53,885 | INFO    | scraper.hybrid_email_extractor | Static pass found 1 on https://www.worldfertilizer.com/project-news/08082022/maire-tecnimont-selected-as-urea-licensor-for-project-in-sub-saharan-africa/
2025-08-22 12:47:53,908 | INFO    | scraper.http         | HTTP GET https://daf.com/sitemap.xml → 200
2025-08-22 12:47:53,908 | INFO    | scraper.sitemap      | Found sitemap via standard filenames: https://daf.com/sitemap.xml (0.36s)
2025-08-22 12:47:53,956 | INFO    | scraper.http         | HTTP GET https://www.daf.com/en/sitemap.xml → 200
2025-08-22 12:47:54,010 | INFO    | scraper.http         | HTTP GET https://www.daf.com/nl-nl/sitemap.xml → 200
2025-08-22 12:47:54,193 | INFO    | scraper.http         | HTTP GET https://www.daf.com/en/about-daf/sustainability/environment-circularity → 200
2025-08-22 12:47:54,234 | INFO    | scraper.email_extractor |   0 emails on https://www.daf.com/en/about-daf/sustainability/environment-circularity (def from text)
2025-08-22 12:47:54,250 | INFO    | scraper.http         | HTTP GET https://www.worldfertilizer.com/project-news/02022022/strike-energys-urea-fertilizer-project-given-major-project-status/ → 200
2025-08-22 12:47:54,279 | INFO    | scraper.email_extractor |   1 emails on https://www.worldfertilizer.com/project-news/02022022/strike-energys-urea-fertilizer-project-given-major-project-status/ (def from text)
2025-08-22 12:47:54,280 | INFO    | scraper.hybrid_email_extractor | Static pass found 0 on https://www.daf.com/en/about-daf/sustainability/environment-circularity
2025-08-22 12:47:54,280 | INFO    | scraper.hybrid_email_extractor | Static pass found 1 on https://www.worldfertilizer.com/project-news/02022022/strike-energys-urea-fertilizer-project-given-major-project-status/
2025-08-22 12:47:54,280 | INFO    | scraper.hybrid_email_extractor | JS fallback for https://www.daf.com/en/about-daf/sustainability/environment-circularity
2025-08-22 12:47:54,872 | INFO    | scraper.email_extractor |   0 emails on https://synsol.ch/privacy-policy-of-synsol-ag/ (def from text)
2025-08-22 12:47:54,891 | INFO    | scraper.orchestrator | Used sitemap for synsol.ch
2025-08-22 12:47:54,891 | INFO    | scraper.http         | HTTP GET https://www.worldfertilizer.com/nitrogen/01022022/new-brunei-urea-melt-plant-begins-production/ → 200
2025-08-22 12:47:54,891 | INFO    | scraper.orchestrator | ✓ Found 1 emails for Synsol
2025-08-22 12:47:54,905 | INFO    | scraper.email_extractor |   1 emails on https://www.worldfertilizer.com/nitrogen/01022022/new-brunei-urea-melt-plant-begins-production/ (def from text)
2025-08-22 12:47:54,906 | INFO    | scraper.hybrid_email_extractor | Static pass found 1 on https://www.worldfertilizer.com/nitrogen/01022022/new-brunei-urea-melt-plant-begins-production/
2025-08-22 12:47:55,030 | INFO    | scraper.http         | HTTP GET https://www.worldfertilizer.com/tag/urea-news/ → 200
2025-08-22 12:47:55,051 | INFO    | scraper.email_extractor |   1 emails on https://www.worldfertilizer.com/tag/urea-news/ (def from text)
2025-08-22 12:47:55,052 | INFO    | scraper.hybrid_email_extractor | Static pass found 1 on https://www.worldfertilizer.com/tag/urea-news/
2025-08-22 12:47:55,344 | INFO    | scraper.http         | HTTP GET https://www.worldfertilizer.com/project-news/11112022/stamicarbon-selected-as-licensor-for-urea-project-in-china/ → 200
2025-08-22 12:47:55,477 | INFO    | scraper.email_extractor |   1 emails on https://www.worldfertilizer.com/project-news/11112022/stamicarbon-selected-as-licensor-for-urea-project-in-china/ (def from text)
2025-08-22 12:47:55,477 | INFO    | scraper.hybrid_email_extractor | Static pass found 1 on https://www.worldfertilizer.com/project-news/11112022/stamicarbon-selected-as-licensor-for-urea-project-in-china/
2025-08-22 12:47:55,776 | INFO    | scraper.http         | HTTP GET https://www.worldfertilizer.com/nitrogen/26012023/tcnicas-reunidas-selected-as-contractor-to-develop-new-ammonium-urea-nitric-acid-and-ammonium-nitrate-complex/ → 200
2025-08-22 12:47:55,790 | INFO    | scraper.email_extractor |   1 emails on https://www.worldfertilizer.com/nitrogen/26012023/tcnicas-reunidas-selected-as-contractor-to-develop-new-ammonium-urea-nitric-acid-and-ammonium-nitrate-complex/ (def from text)
2025-08-22 12:47:55,791 | INFO    | scraper.hybrid_email_extractor | Static pass found 1 on https://www.worldfertilizer.com/nitrogen/26012023/tcnicas-reunidas-selected-as-contractor-to-develop-new-ammonium-urea-nitric-acid-and-ammonium-nitrate-complex/
2025-08-22 12:47:56,132 | INFO    | scraper.http         | HTTP GET https://www.worldfertilizer.com/project-news/28042022/stamicarbon-is-selected-as-urea-licensor-for-neurizers-project-in-australia/ → 200
2025-08-22 12:47:56,151 | INFO    | scraper.email_extractor |   1 emails on https://www.worldfertilizer.com/project-news/28042022/stamicarbon-is-selected-as-urea-licensor-for-neurizers-project-in-australia/ (def from text)
2025-08-22 12:47:56,152 | INFO    | scraper.hybrid_email_extractor | Static pass found 1 on https://www.worldfertilizer.com/project-news/28042022/stamicarbon-is-selected-as-urea-licensor-for-neurizers-project-in-australia/
2025-08-22 12:47:56,422 | INFO    | scraper.email_extractor |   0 emails on https://www.speedyfuels.co.uk/news/how-to-look-after-your-adblue-storage-tanks/ (def from text)
2025-08-22 12:47:56,585 | INFO    | scraper.http         | HTTP GET https://www.worldfertilizer.com/project-news/11112021/stamicarbon-delivers-high-pressure-stripper-and-pool-reactor-for-urea-plant-in-russia/ → 200
2025-08-22 12:47:56,605 | INFO    | scraper.email_extractor |   1 emails on https://www.worldfertilizer.com/project-news/11112021/stamicarbon-delivers-high-pressure-stripper-and-pool-reactor-for-urea-plant-in-russia/ (def from text)
2025-08-22 12:47:56,606 | INFO    | scraper.hybrid_email_extractor | Static pass found 1 on https://www.worldfertilizer.com/project-news/11112021/stamicarbon-delivers-high-pressure-stripper-and-pool-reactor-for-urea-plant-in-russia/
2025-08-22 12:47:56,643 | INFO    | scraper.http         | HTTP GET https://www.speedyfuels.co.uk/fuel-suppliers/ → 200
2025-08-22 12:47:56,732 | INFO    | scraper.email_extractor |   0 emails on https://www.speedyfuels.co.uk/fuel-suppliers/ (def from text)
2025-08-22 12:47:56,773 | INFO    | scraper.hybrid_email_extractor | Static pass found 0 on https://www.speedyfuels.co.uk/fuel-suppliers/
2025-08-22 12:47:56,774 | INFO    | scraper.hybrid_email_extractor | JS fallback for https://www.speedyfuels.co.uk/fuel-suppliers/
2025-08-22 12:47:56,977 | INFO    | scraper.http         | HTTP GET https://www.worldfertilizer.com/nitrogen/01092023/ypfb-to-deliver-2500-t-of-granulated-urea-to-cochabamba-granulated-fertilizers-plant/ → 200
2025-08-22 12:47:56,993 | INFO    | scraper.email_extractor |   1 emails on https://www.worldfertilizer.com/nitrogen/01092023/ypfb-to-deliver-2500-t-of-granulated-urea-to-cochabamba-granulated-fertilizers-plant/ (def from text)
2025-08-22 12:47:56,993 | INFO    | scraper.hybrid_email_extractor | Static pass found 1 on https://www.worldfertilizer.com/nitrogen/01092023/ypfb-to-deliver-2500-t-of-granulated-urea-to-cochabamba-granulated-fertilizers-plant/
2025-08-22 12:47:57,302 | INFO    | scraper.http         | HTTP GET https://www.worldfertilizer.com/special-reports/20072023/the-grupa-azoty-group-successfully-passes-fertilizers-europe-audit-for-fertilizer-products/ → 200
2025-08-22 12:47:57,318 | INFO    | scraper.email_extractor |   1 emails on https://www.worldfertilizer.com/special-reports/20072023/the-grupa-azoty-group-successfully-passes-fertilizers-europe-audit-for-fertilizer-products/ (def from text)
2025-08-22 12:47:57,318 | INFO    | scraper.hybrid_email_extractor | Static pass found 1 on https://www.worldfertilizer.com/special-reports/20072023/the-grupa-azoty-group-successfully-passes-fertilizers-europe-audit-for-fertilizer-products/
2025-08-22 12:47:57,761 | INFO    | scraper.http         | HTTP GET https://www.worldfertilizer.com/potash/25082022/verde-announces-strategic-sales-partnership-with-lavoro/ → 200
2025-08-22 12:47:57,780 | INFO    | scraper.email_extractor |   1 emails on https://www.worldfertilizer.com/potash/25082022/verde-announces-strategic-sales-partnership-with-lavoro/ (def from text)
2025-08-22 12:47:57,780 | INFO    | scraper.hybrid_email_extractor | Static pass found 1 on https://www.worldfertilizer.com/potash/25082022/verde-announces-strategic-sales-partnership-with-lavoro/
2025-08-22 12:47:58,313 | INFO    | scraper.http         | HTTP GET https://www.worldfertilizer.com/nitrogen/26062023/neurizer-announces-significant-milestone-in-the-approval-process-for-new-urea-project/ → 200
2025-08-22 12:47:58,335 | INFO    | scraper.email_extractor |   1 emails on https://www.worldfertilizer.com/nitrogen/26062023/neurizer-announces-significant-milestone-in-the-approval-process-for-new-urea-project/ (def from text)
2025-08-22 12:47:58,335 | INFO    | scraper.hybrid_email_extractor | Static pass found 1 on https://www.worldfertilizer.com/nitrogen/26062023/neurizer-announces-significant-milestone-in-the-approval-process-for-new-urea-project/
2025-08-22 12:47:59,313 | INFO    | scraper.email_extractor |   0 emails on https://us.mitsuichemicals.com/siteinfo/privacy/index.htm (def from text)
2025-08-22 12:47:59,630 | INFO    | scraper.http         | HTTP GET https://us.mitsuichemicals.com/contact/index.htm → 200
2025-08-22 12:47:59,648 | INFO    | scraper.email_extractor |   0 emails on https://us.mitsuichemicals.com/contact/index.htm (def from text)
2025-08-22 12:47:59,668 | INFO    | scraper.hybrid_email_extractor | Static pass found 0 on https://us.mitsuichemicals.com/contact/index.htm
2025-08-22 12:47:59,669 | INFO    | scraper.http         | HTTP GET https://www.worldfertilizer.com/nitrogen/16032023/fitch-ratings-cuts-near-term-ammonia-urea-and-potash-fertiliser-price-assumptions/ → 200
2025-08-22 12:47:59,669 | INFO    | scraper.hybrid_email_extractor | JS fallback for https://us.mitsuichemicals.com/contact/index.htm
2025-08-22 12:47:59,686 | INFO    | scraper.email_extractor |   1 emails on https://www.worldfertilizer.com/nitrogen/16032023/fitch-ratings-cuts-near-term-ammonia-urea-and-potash-fertiliser-price-assumptions/ (def from text)
2025-08-22 12:47:59,687 | INFO    | scraper.hybrid_email_extractor | Static pass found 1 on https://www.worldfertilizer.com/nitrogen/16032023/fitch-ratings-cuts-near-term-ammonia-urea-and-potash-fertiliser-price-assumptions/
2025-08-22 12:48:00,980 | INFO    | scraper.http         | HTTP GET https://www.worldfertilizer.com/sulfur/10022022/itafos-resumes-sulfuric-acid-production-and-sales-at-arraias/ → 200
2025-08-22 12:48:00,994 | INFO    | scraper.email_extractor |   1 emails on https://www.worldfertilizer.com/sulfur/10022022/itafos-resumes-sulfuric-acid-production-and-sales-at-arraias/ (def from text)
2025-08-22 12:48:00,994 | INFO    | scraper.hybrid_email_extractor | Static pass found 1 on https://www.worldfertilizer.com/sulfur/10022022/itafos-resumes-sulfuric-acid-production-and-sales-at-arraias/
2025-08-22 12:48:01,277 | INFO    | scraper.email_extractor |   0 emails on https://www.daf.com/en/about-daf/sustainability/environment-circularity (def from text)
2025-08-22 12:48:01,949 | INFO    | scraper.http         | HTTP GET https://www.worldfertilizer.com/project-news/01122021/stamicarbon-provides-carbamate-condenser-for-ammonia-stripping-urea-plant/ → 200
2025-08-22 12:48:01,965 | INFO    | scraper.email_extractor |   1 emails on https://www.worldfertilizer.com/project-news/01122021/stamicarbon-provides-carbamate-condenser-for-ammonia-stripping-urea-plant/ (def from text)
2025-08-22 12:48:01,965 | INFO    | scraper.hybrid_email_extractor | Static pass found 1 on https://www.worldfertilizer.com/project-news/01122021/stamicarbon-provides-carbamate-condenser-for-ammonia-stripping-urea-plant/
2025-08-22 12:48:02,228 | INFO    | scraper.http         | HTTP GET https://www.daf.com/en/suppliers → 200
2025-08-22 12:48:02,272 | INFO    | scraper.email_extractor |   0 emails on https://www.daf.com/en/suppliers (def from text)
2025-08-22 12:48:02,305 | INFO    | scraper.hybrid_email_extractor | Static pass found 0 on https://www.daf.com/en/suppliers
2025-08-22 12:48:02,306 | INFO    | scraper.hybrid_email_extractor | JS fallback for https://www.daf.com/en/suppliers
2025-08-22 12:48:02,423 | INFO    | scraper.http         | HTTP GET https://www.worldfertilizer.com/project-news/02032023/new-survey-suggests-strong-european-consumer-demand-for-sustainable-food/ → 200
2025-08-22 12:48:02,441 | INFO    | scraper.email_extractor |   1 emails on https://www.worldfertilizer.com/project-news/02032023/new-survey-suggests-strong-european-consumer-demand-for-sustainable-food/ (def from text)
2025-08-22 12:48:02,442 | INFO    | scraper.hybrid_email_extractor | Static pass found 1 on https://www.worldfertilizer.com/project-news/02032023/new-survey-suggests-strong-european-consumer-demand-for-sustainable-food/
2025-08-22 12:48:02,442 | INFO    | scraper.orchestrator | Used sitemap for worldfertilizer.com
2025-08-22 12:48:02,442 | INFO    | scraper.orchestrator | ✓ Found 2 emails for henan xinlianxin fertilizer 
2025-08-22 12:48:02,771 | INFO    | scraper.email_extractor |   0 emails on https://www.speedyfuels.co.uk/fuel-suppliers/ (def from text)
2025-08-22 12:48:02,992 | INFO    | scraper.http         | HTTP GET https://www.speedyfuels.co.uk/contact-us/ → 200
2025-08-22 12:48:03,018 | INFO    | scraper.hybrid_email_extractor | Static pass found 1 on https://www.speedyfuels.co.uk/contact-us/
2025-08-22 12:48:03,071 | INFO    | scraper.http         | HTTP GET https://www.speedyfuels.co.uk/news/advice-on-finding-fuel-suppliers-in-the-uk/ → 200
2025-08-22 12:48:03,125 | INFO    | scraper.email_extractor |   0 emails on https://www.speedyfuels.co.uk/news/advice-on-finding-fuel-suppliers-in-the-uk/ (def from text)
2025-08-22 12:48:03,151 | INFO    | scraper.hybrid_email_extractor | Static pass found 0 on https://www.speedyfuels.co.uk/news/advice-on-finding-fuel-suppliers-in-the-uk/
2025-08-22 12:48:03,151 | INFO    | scraper.hybrid_email_extractor | JS fallback for https://www.speedyfuels.co.uk/news/advice-on-finding-fuel-suppliers-in-the-uk/
2025-08-22 12:48:05,077 | INFO    | scraper.email_extractor |   0 emails on https://us.mitsuichemicals.com/contact/index.htm (def from text)
2025-08-22 12:48:05,112 | INFO    | scraper.orchestrator | Used sitemap for us.mitsuichemicals.com
2025-08-22 12:48:05,112 | INFO    | scraper.orchestrator | No emails found in sitemap, attempting fallback crawl: us.mitsuichemicals.com
2025-08-22 12:48:05,112 | INFO    | scraper.crawler      | Start crawl us.mitsuichemicals.com (limit=30, timeout=60s, workers=16)
2025-08-22 12:48:05,349 | INFO    | scraper.http         | HTTP GET https://us.mitsuichemicals.com/ → 200
2025-08-22 12:48:05,385 | INFO    | scraper.email_extractor |   0 emails on https://us.mitsuichemicals.com/ (def from text)
2025-08-22 12:48:05,702 | INFO    | scraper.http         | HTTP GET https://us.mitsuichemicals.com/index.htm → 200
2025-08-22 12:48:05,736 | INFO    | scraper.email_extractor |   0 emails on https://us.mitsuichemicals.com/index.htm (def from text)
2025-08-22 12:48:05,777 | INFO    | scraper.hybrid_email_extractor | JS fallback for https://us.mitsuichemicals.com/index.htm
2025-08-22 12:48:06,366 | INFO    | scraper.email_extractor |   0 emails on https://www.daf.com/en/suppliers (def from text)
2025-08-22 12:48:06,597 | INFO    | scraper.http         | HTTP GET https://www.daf.com/en/about-daf/facts-and-figures → 200
2025-08-22 12:48:06,636 | INFO    | scraper.email_extractor |   0 emails on https://www.daf.com/en/about-daf/facts-and-figures (def from text)
2025-08-22 12:48:06,667 | WARNING | scraper.email_extractor | Failed to clean '': invalid format (no single @)
2025-08-22 12:48:06,668 | INFO    | scraper.hybrid_email_extractor | Static pass found 0 on https://www.daf.com/en/about-daf/facts-and-figures
2025-08-22 12:48:06,668 | INFO    | scraper.hybrid_email_extractor | JS fallback for https://www.daf.com/en/about-daf/facts-and-figures
2025-08-22 12:48:07,805 | INFO    | scraper.email_extractor |   0 emails on https://www.speedyfuels.co.uk/news/advice-on-finding-fuel-suppliers-in-the-uk/ (def from text)
2025-08-22 12:48:07,956 | INFO    | scraper.http         | HTTP GET https://www.speedyfuels.co.uk/commercial-fuel-suppliers-uk/ → 200
2025-08-22 12:48:08,006 | INFO    | scraper.email_extractor |   0 emails on https://www.speedyfuels.co.uk/commercial-fuel-suppliers-uk/ (def from text)
2025-08-22 12:48:08,029 | INFO    | scraper.hybrid_email_extractor | Static pass found 0 on https://www.speedyfuels.co.uk/commercial-fuel-suppliers-uk/
2025-08-22 12:48:08,029 | INFO    | scraper.hybrid_email_extractor | JS fallback for https://www.speedyfuels.co.uk/commercial-fuel-suppliers-uk/
2025-08-22 12:48:10,449 | INFO    | scraper.email_extractor |   0 emails on https://us.mitsuichemicals.com/index.htm (def from text)
2025-08-22 12:48:10,783 | INFO    | scraper.http         | HTTP GET https://us.mitsuichemicals.com/contact/index.htm → 200
2025-08-22 12:48:10,811 | INFO    | scraper.email_extractor |   0 emails on https://us.mitsuichemicals.com/contact/index.htm (def from text)
2025-08-22 12:48:11,235 | INFO    | scraper.http         | HTTP GET https://us.mitsuichemicals.com/corporate/index.htm → 200
2025-08-22 12:48:11,263 | INFO    | scraper.email_extractor |   0 emails on https://us.mitsuichemicals.com/corporate/index.htm (def from text)
2025-08-22 12:48:11,284 | INFO    | scraper.hybrid_email_extractor | JS fallback for https://us.mitsuichemicals.com/corporate/index.htm
2025-08-22 12:48:11,863 | INFO    | scraper.email_extractor |   0 emails on https://www.daf.com/en/about-daf/facts-and-figures (def from text)
2025-08-22 12:48:11,898 | WARNING | scraper.email_extractor | Failed to clean '': invalid format (no single @)
2025-08-22 12:48:12,151 | INFO    | scraper.http         | HTTP GET https://www.daf.com/en/about-daf/sustainability/environment-circularity/circular-processes → 200
2025-08-22 12:48:12,220 | INFO    | scraper.email_extractor |   0 emails on https://www.daf.com/en/about-daf/sustainability/environment-circularity/circular-processes (def from text)
2025-08-22 12:48:12,291 | INFO    | scraper.hybrid_email_extractor | Static pass found 0 on https://www.daf.com/en/about-daf/sustainability/environment-circularity/circular-processes
2025-08-22 12:48:12,291 | INFO    | scraper.hybrid_email_extractor | JS fallback for https://www.daf.com/en/about-daf/sustainability/environment-circularity/circular-processes
2025-08-22 12:48:13,621 | INFO    | scraper.email_extractor |   0 emails on https://www.speedyfuels.co.uk/commercial-fuel-suppliers-uk/ (def from text)
2025-08-22 12:48:13,843 | INFO    | scraper.http         | HTTP GET https://www.speedyfuels.co.uk/about-us/ → 200
2025-08-22 12:48:13,919 | INFO    | scraper.email_extractor |   0 emails on https://www.speedyfuels.co.uk/about-us/ (def from text)
2025-08-22 12:48:13,954 | INFO    | scraper.hybrid_email_extractor | Static pass found 0 on https://www.speedyfuels.co.uk/about-us/
2025-08-22 12:48:13,954 | INFO    | scraper.hybrid_email_extractor | JS fallback for https://www.speedyfuels.co.uk/about-us/
2025-08-22 12:48:16,203 | INFO    | scraper.email_extractor |   0 emails on https://us.mitsuichemicals.com/corporate/index.htm (def from text)
2025-08-22 12:48:16,559 | INFO    | scraper.http         | HTTP GET https://us.mitsuichemicals.com/corporate/overview/index.htm → 200
2025-08-22 12:48:16,591 | INFO    | scraper.email_extractor |   0 emails on https://us.mitsuichemicals.com/corporate/overview/index.htm (def from text)
2025-08-22 12:48:16,613 | INFO    | scraper.hybrid_email_extractor | JS fallback for https://us.mitsuichemicals.com/corporate/overview/index.htm
2025-08-22 12:48:18,206 | INFO    | scraper.email_extractor |   0 emails on https://www.daf.com/en/about-daf/sustainability/environment-circularity/circular-processes (def from text)
2025-08-22 12:48:18,472 | INFO    | scraper.http         | HTTP GET https://www.daf.com/en/about-daf/sustainability → 200
2025-08-22 12:48:18,517 | INFO    | scraper.email_extractor |   0 emails on https://www.daf.com/en/about-daf/sustainability (def from text)
2025-08-22 12:48:18,565 | INFO    | scraper.hybrid_email_extractor | Static pass found 0 on https://www.daf.com/en/about-daf/sustainability
2025-08-22 12:48:18,566 | INFO    | scraper.hybrid_email_extractor | JS fallback for https://www.daf.com/en/about-daf/sustainability
2025-08-22 12:48:19,671 | INFO    | scraper.email_extractor |   0 emails on https://www.speedyfuels.co.uk/about-us/ (def from text)
2025-08-22 12:48:19,819 | INFO    | scraper.http         | HTTP GET https://www.speedyfuels.co.uk/privacy-policy/ → 200
2025-08-22 12:48:19,849 | INFO    | scraper.hybrid_email_extractor | Static pass found 1 on https://www.speedyfuels.co.uk/privacy-policy/
2025-08-22 12:48:19,905 | INFO    | scraper.http         | HTTP GET https://www.speedyfuels.co.uk/news/common-misconceptions-about-hvo/ → 200
2025-08-22 12:48:19,960 | INFO    | scraper.email_extractor |   0 emails on https://www.speedyfuels.co.uk/news/common-misconceptions-about-hvo/ (def from text)
2025-08-22 12:48:19,986 | INFO    | scraper.hybrid_email_extractor | Static pass found 0 on https://www.speedyfuels.co.uk/news/common-misconceptions-about-hvo/
2025-08-22 12:48:19,986 | INFO    | scraper.hybrid_email_extractor | JS fallback for https://www.speedyfuels.co.uk/news/common-misconceptions-about-hvo/
2025-08-22 12:48:21,963 | INFO    | scraper.email_extractor |   0 emails on https://us.mitsuichemicals.com/corporate/overview/index.htm (def from text)
2025-08-22 12:48:22,278 | INFO    | scraper.http         | HTTP GET https://us.mitsuichemicals.com/corporate/america/company_locations/index.htm → 200
2025-08-22 12:48:22,302 | INFO    | scraper.email_extractor |   0 emails on https://us.mitsuichemicals.com/corporate/america/company_locations/index.htm (def from text)
2025-08-22 12:48:22,325 | INFO    | scraper.hybrid_email_extractor | JS fallback for https://us.mitsuichemicals.com/corporate/america/company_locations/index.htm
2025-08-22 12:48:23,364 | INFO    | scraper.email_extractor |   0 emails on https://www.daf.com/en/about-daf/sustainability (def from text)
2025-08-22 12:48:23,593 | INFO    | scraper.http         | HTTP GET https://www.daf.com/en/about-daf/daf-worldwide → 200
2025-08-22 12:48:23,643 | INFO    | scraper.email_extractor |   0 emails on https://www.daf.com/en/about-daf/daf-worldwide (def from text)
2025-08-22 12:48:23,691 | INFO    | scraper.hybrid_email_extractor | Static pass found 0 on https://www.daf.com/en/about-daf/daf-worldwide
2025-08-22 12:48:23,692 | INFO    | scraper.hybrid_email_extractor | JS fallback for https://www.daf.com/en/about-daf/daf-worldwide
2025-08-22 12:48:24,923 | INFO    | scraper.email_extractor |   0 emails on https://www.speedyfuels.co.uk/news/common-misconceptions-about-hvo/ (def from text)
2025-08-22 12:48:25,148 | INFO    | scraper.http         | HTTP GET https://www.speedyfuels.co.uk/guides/adblue-guide/ → 200
2025-08-22 12:48:25,206 | INFO    | scraper.email_extractor |   0 emails on https://www.speedyfuels.co.uk/guides/adblue-guide/ (def from text)
2025-08-22 12:48:25,236 | INFO    | scraper.hybrid_email_extractor | Static pass found 0 on https://www.speedyfuels.co.uk/guides/adblue-guide/
2025-08-22 12:48:25,237 | INFO    | scraper.hybrid_email_extractor | JS fallback for https://www.speedyfuels.co.uk/guides/adblue-guide/
2025-08-22 12:48:27,739 | INFO    | scraper.email_extractor |   0 emails on https://us.mitsuichemicals.com/corporate/america/company_locations/index.htm (def from text)
2025-08-22 12:48:28,058 | INFO    | scraper.http         | HTTP GET https://us.mitsuichemicals.com/corporate/legacy/index.htm → 200
2025-08-22 12:48:28,078 | INFO    | scraper.email_extractor |   0 emails on https://us.mitsuichemicals.com/corporate/legacy/index.htm (def from text)
2025-08-22 12:48:28,100 | INFO    | scraper.hybrid_email_extractor | JS fallback for https://us.mitsuichemicals.com/corporate/legacy/index.htm
2025-08-22 12:48:28,400 | INFO    | scraper.http         | HTTP GET https://walter-schmidt-chemie.de → 200
2025-08-22 12:48:28,421 | INFO    | scraper.email_extractor |   0 emails on https://www.walter-schmidt-chemie.de/ (def from text)
2025-08-22 12:48:28,431 | INFO    | scraper.hybrid_email_extractor | JS fallback for https://www.walter-schmidt-chemie.de/
2025-08-22 12:48:29,664 | INFO    | scraper.email_extractor |   0 emails on https://www.daf.com/en/about-daf/daf-worldwide (def from text)
2025-08-22 12:48:29,865 | INFO    | scraper.http         | HTTP GET https://www.daf.com/en/about-daf/quality → 200
2025-08-22 12:48:29,895 | INFO    | scraper.email_extractor |   0 emails on https://www.daf.com/en/about-daf/quality (def from text)
2025-08-22 12:48:29,926 | INFO    | scraper.hybrid_email_extractor | Static pass found 0 on https://www.daf.com/en/about-daf/quality
2025-08-22 12:48:29,926 | INFO    | scraper.hybrid_email_extractor | JS fallback for https://www.daf.com/en/about-daf/quality
2025-08-22 12:48:31,229 | INFO    | scraper.email_extractor |   0 emails on https://www.speedyfuels.co.uk/guides/adblue-guide/ (def from text)
2025-08-22 12:48:31,360 | INFO    | scraper.http         | HTTP GET https://www.speedyfuels.co.uk/products/adblue/ → 200
2025-08-22 12:48:31,412 | INFO    | scraper.email_extractor |   0 emails on https://www.speedyfuels.co.uk/products/adblue/ (def from text)
2025-08-22 12:48:31,438 | INFO    | scraper.hybrid_email_extractor | Static pass found 0 on https://www.speedyfuels.co.uk/products/adblue/
2025-08-22 12:48:31,439 | INFO    | scraper.hybrid_email_extractor | JS fallback for https://www.speedyfuels.co.uk/products/adblue/
2025-08-22 12:48:33,475 | INFO    | scraper.email_extractor |   0 emails on https://us.mitsuichemicals.com/corporate/legacy/index.htm (def from text)
2025-08-22 12:48:34,316 | INFO    | scraper.http         | HTTP GET https://us.mitsuichemicals.com/mca/index.htm → 200
2025-08-22 12:48:34,334 | INFO    | scraper.email_extractor |   0 emails on https://us.mitsuichemicals.com/mca/2024/index.htm (def from text)
2025-08-22 12:48:34,360 | INFO    | scraper.hybrid_email_extractor | JS fallback for https://us.mitsuichemicals.com/mca/2024/index.htm
2025-08-22 12:48:35,176 | INFO    | scraper.email_extractor |   0 emails on https://www.walter-schmidt-chemie.de/ (def from text)
2025-08-22 12:48:37,156 | INFO    | scraper.email_extractor |   0 emails on https://www.daf.com/en/about-daf/quality (def from text)
2025-08-22 12:48:37,377 | INFO    | scraper.http         | HTTP GET https://www.daf.com/en/about-daf/sustainability/reach → 200
2025-08-22 12:48:37,407 | INFO    | scraper.email_extractor |   0 emails on https://www.daf.com/en/about-daf/sustainability/reach (def from text)
2025-08-22 12:48:37,437 | INFO    | scraper.hybrid_email_extractor | Static pass found 0 on https://www.daf.com/en/about-daf/sustainability/reach
2025-08-22 12:48:37,438 | INFO    | scraper.hybrid_email_extractor | JS fallback for https://www.daf.com/en/about-daf/sustainability/reach
2025-08-22 12:48:38,799 | INFO    | scraper.email_extractor |   0 emails on https://www.speedyfuels.co.uk/products/adblue/ (def from text)
2025-08-22 12:48:38,824 | INFO    | scraper.orchestrator | Used sitemap for speedyfuels.co.uk
2025-08-22 12:48:38,824 | INFO    | scraper.orchestrator | ✓ Found 2 emails for speedy fuels
2025-08-22 12:48:41,135 | INFO    | scraper.email_extractor |   0 emails on https://us.mitsuichemicals.com/mca/2024/index.htm (def from text)
2025-08-22 12:48:42,504 | INFO    | scraper.http         | HTTP GET https://us.mitsuichemicals.com/mci/mci-news/index.htm → 200
2025-08-22 12:48:42,542 | INFO    | scraper.email_extractor |   0 emails on https://us.mitsuichemicals.com/mci/mci-news/2025/index.htm (def from text)
2025-08-22 12:48:42,574 | INFO    | scraper.hybrid_email_extractor | JS fallback for https://us.mitsuichemicals.com/mci/mci-news/2025/index.htm
2025-08-22 12:48:43,093 | INFO    | scraper.email_extractor |   0 emails on https://www.daf.com/en/about-daf/sustainability/reach (def from text)
2025-08-22 12:48:43,263 | INFO    | scraper.http         | HTTP GET https://www.daf.com/en/about-daf/daf-worldwide/world-class-technology → 200
2025-08-22 12:48:43,296 | INFO    | scraper.email_extractor |   0 emails on https://www.daf.com/en/about-daf/daf-worldwide/world-class-technology (def from text)
2025-08-22 12:48:43,324 | INFO    | scraper.hybrid_email_extractor | Static pass found 0 on https://www.daf.com/en/about-daf/daf-worldwide/world-class-technology
2025-08-22 12:48:43,324 | INFO    | scraper.hybrid_email_extractor | JS fallback for https://www.daf.com/en/about-daf/daf-worldwide/world-class-technology
2025-08-22 12:48:45,267 | INFO    | scraper.email_extractor |   0 emails on https://us.mitsuichemicals.com/mci/mci-news/2025/index.htm (def from text)
2025-08-22 12:48:45,628 | INFO    | scraper.http         | HTTP GET https://us.mitsuichemicals.com/service/index.htm → 200
2025-08-22 12:48:45,667 | INFO    | scraper.email_extractor |   0 emails on https://us.mitsuichemicals.com/service/index.htm (def from text)
2025-08-22 12:48:45,711 | INFO    | scraper.hybrid_email_extractor | JS fallback for https://us.mitsuichemicals.com/service/index.htm
2025-08-22 12:48:47,162 | INFO    | scraper.email_extractor |   0 emails on https://www.daf.com/en/about-daf/daf-worldwide/world-class-technology (def from text)
2025-08-22 12:48:47,441 | INFO    | scraper.http         | HTTP GET https://www.daf.com/en/about-daf/sustainability/environment-emission-reduction/sustainable-production-facilities- → 200
2025-08-22 12:48:47,492 | INFO    | scraper.email_extractor |   0 emails on https://www.daf.com/en/about-daf/sustainability/environment-emission-reduction/sustainable-production-facilities- (def from text)
2025-08-22 12:48:47,536 | INFO    | scraper.hybrid_email_extractor | Static pass found 0 on https://www.daf.com/en/about-daf/sustainability/environment-emission-reduction/sustainable-production-facilities-
2025-08-22 12:48:47,537 | INFO    | scraper.hybrid_email_extractor | JS fallback for https://www.daf.com/en/about-daf/sustainability/environment-emission-reduction/sustainable-production-facilities-
2025-08-22 12:48:49,974 | INFO    | scraper.email_extractor |   0 emails on https://us.mitsuichemicals.com/service/index.htm (def from text)
2025-08-22 12:48:50,306 | INFO    | scraper.http         | HTTP GET https://us.mitsuichemicals.com/service/life_healthcare/index.htm → 200
2025-08-22 12:48:50,335 | INFO    | scraper.email_extractor |   0 emails on https://us.mitsuichemicals.com/service/life_healthcare/index.htm (def from text)
2025-08-22 12:48:50,361 | INFO    | scraper.hybrid_email_extractor | JS fallback for https://us.mitsuichemicals.com/service/life_healthcare/index.htm
2025-08-22 12:48:50,487 | INFO    | scraper.http         | Retrying with www-prefix: https://www.bluetech00.gobizkorea.com
2025-08-22 12:48:51,511 | INFO    | scraper.email_extractor |   0 emails on https://www.daf.com/en/about-daf/sustainability/environment-emission-reduction/sustainable-production-facilities- (def from text)
2025-08-22 12:48:51,526 | WARNING | scraper.http         | www-prefix retry failed for https://www.bluetech00.gobizkorea.com: HTTPSConnectionPool(host='www.bluetech00.gobizkorea.com', port=443): Max retries exceeded with url: / (Caused by NameResolutionError("<urllib3.connection.HTTPSConnection object at 0x00000272470B5950>: Failed to resolve 'www.bluetech00.gobizkorea.com' ([Errno 11001] getaddrinfo failed)"))
2025-08-22 12:48:51,546 | INFO    | scraper.http         | Retrying with HTTP: http://bluetech00.gobizkorea.com
2025-08-22 12:48:51,674 | INFO    | scraper.http         | HTTP GET https://www.daf.com/en/about-daf/daf-history/timeline → 200
2025-08-22 12:48:51,714 | INFO    | scraper.email_extractor |   0 emails on https://www.daf.com/en/about-daf/daf-history/timeline (def from text)
2025-08-22 12:48:51,852 | INFO    | scraper.hybrid_email_extractor | Static pass found 0 on https://www.daf.com/en/about-daf/daf-history/timeline
2025-08-22 12:48:51,853 | INFO    | scraper.hybrid_email_extractor | JS fallback for https://www.daf.com/en/about-daf/daf-history/timeline
2025-08-22 12:48:54,107 | INFO    | scraper.email_extractor |   0 emails on https://us.mitsuichemicals.com/service/life_healthcare/index.htm (def from text)
2025-08-22 12:48:54,422 | INFO    | scraper.http         | HTTP GET https://us.mitsuichemicals.com/service/mobility/index.htm → 200
2025-08-22 12:48:54,446 | INFO    | scraper.email_extractor |   0 emails on https://us.mitsuichemicals.com/service/mobility/index.htm (def from text)
2025-08-22 12:48:54,471 | INFO    | scraper.hybrid_email_extractor | JS fallback for https://us.mitsuichemicals.com/service/mobility/index.htm
2025-08-22 12:48:56,050 | INFO    | scraper.email_extractor |   0 emails on https://www.daf.com/en/about-daf/daf-history/timeline (def from text)
2025-08-22 12:48:56,161 | INFO    | scraper.http         | HTTP GET https://www.daf.com/en/about-daf/innovation → 302
2025-08-22 12:48:56,161 | INFO    | scraper.http         | Retrying with HTTP: http://www.daf.com/en/about-daf/innovation
2025-08-22 12:48:57,352 | INFO    | scraper.email_extractor |   0 emails on https://www.daf.com/en/about-daf/innovation (def from text)
2025-08-22 12:48:57,353 | INFO    | scraper.hybrid_email_extractor | Static pass found 0 on https://www.daf.com/en/about-daf/innovation
2025-08-22 12:48:57,353 | INFO    | scraper.hybrid_email_extractor | JS fallback for https://www.daf.com/en/about-daf/innovation
2025-08-22 12:48:58,470 | INFO    | scraper.email_extractor |   0 emails on https://us.mitsuichemicals.com/service/mobility/index.htm (def from text)
2025-08-22 12:48:58,775 | INFO    | scraper.http         | HTTP GET https://us.mitsuichemicals.com/service/ict/index.htm → 200
2025-08-22 12:48:58,808 | INFO    | scraper.email_extractor |   0 emails on https://us.mitsuichemicals.com/service/ict/index.htm (def from text)
2025-08-22 12:48:58,829 | INFO    | scraper.hybrid_email_extractor | JS fallback for https://us.mitsuichemicals.com/service/ict/index.htm
2025-08-22 12:48:59,111 | INFO    | scraper.email_extractor |   0 emails on https://www.daf.com/en/about-daf/innovation (def from text)
2025-08-22 12:48:59,354 | INFO    | scraper.http         | HTTP GET https://www.daf.com/en/about-daf/daf-history/past-and-present → 200
2025-08-22 12:48:59,389 | INFO    | scraper.email_extractor |   0 emails on https://www.daf.com/en/about-daf/daf-history/past-and-present (def from text)
2025-08-22 12:48:59,414 | INFO    | scraper.hybrid_email_extractor | Static pass found 0 on https://www.daf.com/en/about-daf/daf-history/past-and-present
2025-08-22 12:48:59,415 | INFO    | scraper.hybrid_email_extractor | JS fallback for https://www.daf.com/en/about-daf/daf-history/past-and-present
2025-08-22 12:49:01,433 | INFO    | scraper.email_extractor |   0 emails on https://us.mitsuichemicals.com/service/ict/index.htm (def from text)
2025-08-22 12:49:01,744 | INFO    | scraper.http         | HTTP GET https://us.mitsuichemicals.com/service/basic/index.htm → 200
2025-08-22 12:49:01,776 | INFO    | scraper.email_extractor |   0 emails on https://us.mitsuichemicals.com/service/basic/index.htm (def from text)
2025-08-22 12:49:01,814 | INFO    | scraper.hybrid_email_extractor | JS fallback for https://us.mitsuichemicals.com/service/basic/index.htm
2025-08-22 12:49:03,439 | INFO    | scraper.email_extractor |   0 emails on https://www.daf.com/en/about-daf/daf-history/past-and-present (def from text)
2025-08-22 12:49:04,947 | INFO    | scraper.http         | HTTP GET https://www.daf.com/en/about-daf/sustainability/environment-emission-reduction → 200
2025-08-22 12:49:04,992 | INFO    | scraper.email_extractor |   0 emails on https://www.daf.com/en/about-daf/sustainability/environment-emission-reduction (def from text)
2025-08-22 12:49:05,033 | INFO    | scraper.hybrid_email_extractor | Static pass found 0 on https://www.daf.com/en/about-daf/sustainability/environment-emission-reduction
2025-08-22 12:49:05,033 | INFO    | scraper.hybrid_email_extractor | JS fallback for https://www.daf.com/en/about-daf/sustainability/environment-emission-reduction
2025-08-22 12:49:05,140 | INFO    | scraper.email_extractor |   0 emails on https://us.mitsuichemicals.com/service/basic/index.htm (def from text)
2025-08-22 12:49:05,197 | INFO    | scraper.crawler      | Crawl of us.mitsuichemicals.com completed: 14 pages fetched, 103 unique URLs seen, 0 emails, 60.1 s
2025-08-22 12:49:05,198 | INFO    | scraper.orchestrator | ✗ No emails found for mitsui toatsu chemicals 
2025-08-22 12:49:07,485 | INFO    | scraper.email_extractor |   0 emails on https://www.daf.com/en/about-daf/sustainability/environment-emission-reduction (def from text)
2025-08-22 12:49:07,773 | INFO    | scraper.http         | HTTP GET https://www.daf.com/en/about-daf/daf-worldwide/production-locations → 200
2025-08-22 12:49:07,811 | INFO    | scraper.email_extractor |   0 emails on https://www.daf.com/en/about-daf/daf-worldwide/production-locations (def from text)
2025-08-22 12:49:07,842 | INFO    | scraper.hybrid_email_extractor | Static pass found 0 on https://www.daf.com/en/about-daf/daf-worldwide/production-locations
2025-08-22 12:49:07,842 | INFO    | scraper.hybrid_email_extractor | JS fallback for https://www.daf.com/en/about-daf/daf-worldwide/production-locations
2025-08-22 12:49:09,867 | INFO    | scraper.email_extractor |   0 emails on https://www.daf.com/en/about-daf/daf-worldwide/production-locations (def from text)
2025-08-22 12:49:10,133 | INFO    | scraper.http         | HTTP GET https://www.daf.com/en/about-daf/sustainability/care-for-people → 200
2025-08-22 12:49:10,166 | INFO    | scraper.email_extractor |   0 emails on https://www.daf.com/en/about-daf/sustainability/care-for-people (def from text)
2025-08-22 12:49:10,196 | INFO    | scraper.hybrid_email_extractor | Static pass found 0 on https://www.daf.com/en/about-daf/sustainability/care-for-people
2025-08-22 12:49:10,196 | INFO    | scraper.hybrid_email_extractor | JS fallback for https://www.daf.com/en/about-daf/sustainability/care-for-people
2025-08-22 12:49:12,701 | INFO    | scraper.email_extractor |   0 emails on https://www.daf.com/en/about-daf/sustainability/care-for-people (def from text)
2025-08-22 12:49:13,399 | INFO    | scraper.http         | HTTP GET https://www.daf.com/en/about-daf/sustainability/daf-environmental-policy → 200
2025-08-22 12:49:13,461 | INFO    | scraper.email_extractor |   0 emails on https://www.daf.com/en/about-daf/sustainability/daf-environmental-policy (def from text)
2025-08-22 12:49:13,500 | WARNING | scraper.email_extractor | Failed to clean '': invalid format (no single @)
2025-08-22 12:49:13,501 | INFO    | scraper.hybrid_email_extractor | Static pass found 0 on https://www.daf.com/en/about-daf/sustainability/daf-environmental-policy
2025-08-22 12:49:13,501 | INFO    | scraper.hybrid_email_extractor | JS fallback for https://www.daf.com/en/about-daf/sustainability/daf-environmental-policy
2025-08-22 12:49:15,703 | INFO    | scraper.email_extractor |   0 emails on https://www.daf.com/en/about-daf/sustainability/daf-environmental-policy (def from text)
2025-08-22 12:49:15,731 | WARNING | scraper.email_extractor | Failed to clean '': invalid format (no single @)
2025-08-22 12:49:15,942 | INFO    | scraper.http         | HTTP GET https://www.daf.com/en/about-daf/board-of-management → 200
2025-08-22 12:49:15,977 | INFO    | scraper.email_extractor |   0 emails on https://www.daf.com/en/about-daf/board-of-management (def from text)
2025-08-22 12:49:16,014 | INFO    | scraper.hybrid_email_extractor | Static pass found 0 on https://www.daf.com/en/about-daf/board-of-management
2025-08-22 12:49:16,014 | INFO    | scraper.hybrid_email_extractor | JS fallback for https://www.daf.com/en/about-daf/board-of-management
2025-08-22 12:49:18,059 | INFO    | scraper.email_extractor |   0 emails on https://www.daf.com/en/about-daf/board-of-management (def from text)
2025-08-22 12:49:18,268 | INFO    | scraper.http         | HTTP GET https://www.daf.com/en/about-daf → 200
2025-08-22 12:49:18,402 | INFO    | scraper.email_extractor |   0 emails on https://www.daf.com/en/about-daf (def from text)
2025-08-22 12:49:18,432 | WARNING | scraper.email_extractor | Failed to clean '': invalid format (no single @)
2025-08-22 12:49:18,433 | INFO    | scraper.hybrid_email_extractor | Static pass found 0 on https://www.daf.com/en/about-daf
2025-08-22 12:49:18,433 | INFO    | scraper.hybrid_email_extractor | JS fallback for https://www.daf.com/en/about-daf
2025-08-22 12:49:20,565 | INFO    | scraper.email_extractor |   0 emails on https://www.daf.com/en/about-daf (def from text)
2025-08-22 12:49:20,589 | WARNING | scraper.email_extractor | Failed to clean '': invalid format (no single @)
2025-08-22 12:49:21,498 | INFO    | scraper.http         | HTTP HEAD https://walter-schmidt-chemie.de/sitemap.xml → 200
2025-08-22 12:49:21,917 | INFO    | scraper.http         | HTTP GET https://www.daf.com/en/contact → 200
2025-08-22 12:49:21,969 | INFO    | scraper.email_extractor |   0 emails on https://www.daf.com/en/contact (def from text)
2025-08-22 12:49:22,012 | INFO    | scraper.hybrid_email_extractor | Static pass found 0 on https://www.daf.com/en/contact
2025-08-22 12:49:22,012 | INFO    | scraper.hybrid_email_extractor | JS fallback for https://www.daf.com/en/contact
2025-08-22 12:49:24,219 | INFO    | scraper.email_extractor |   0 emails on https://www.daf.com/en/contact (def from text)
2025-08-22 12:49:24,723 | INFO    | scraper.http         | HTTP GET https://www.daf.com/en/about-daf/sustainability/responsible-business → 200
2025-08-22 12:49:24,765 | INFO    | scraper.email_extractor |   0 emails on https://www.daf.com/en/about-daf/sustainability/responsible-business (def from text)
2025-08-22 12:49:24,795 | INFO    | scraper.hybrid_email_extractor | Static pass found 0 on https://www.daf.com/en/about-daf/sustainability/responsible-business
2025-08-22 12:49:24,796 | INFO    | scraper.hybrid_email_extractor | JS fallback for https://www.daf.com/en/about-daf/sustainability/responsible-business
2025-08-22 12:49:26,587 | INFO    | scraper.email_extractor |   0 emails on https://www.daf.com/en/about-daf/sustainability/responsible-business (def from text)
2025-08-22 12:49:26,946 | INFO    | scraper.http         | HTTP GET https://www.daf.com/en/about-daf/sustainability/environment-emission-reduction/sustainable-transport-solutions → 200
2025-08-22 12:49:26,978 | INFO    | scraper.email_extractor |   0 emails on https://www.daf.com/en/about-daf/sustainability/environment-emission-reduction/sustainable-transport-solutions (def from text)
2025-08-22 12:49:27,008 | INFO    | scraper.hybrid_email_extractor | Static pass found 0 on https://www.daf.com/en/about-daf/sustainability/environment-emission-reduction/sustainable-transport-solutions
2025-08-22 12:49:27,008 | INFO    | scraper.hybrid_email_extractor | JS fallback for https://www.daf.com/en/about-daf/sustainability/environment-emission-reduction/sustainable-transport-solutions
2025-08-22 12:49:29,217 | INFO    | scraper.email_extractor |   0 emails on https://www.daf.com/en/about-daf/sustainability/environment-emission-reduction/sustainable-transport-solutions (def from text)
2025-08-22 12:49:29,478 | INFO    | scraper.http         | HTTP GET https://www.daf.com/en/about-daf/sustainability/legislation → 200
2025-08-22 12:49:29,511 | INFO    | scraper.email_extractor |   0 emails on https://www.daf.com/en/about-daf/sustainability/legislation (def from text)
2025-08-22 12:49:29,540 | INFO    | scraper.hybrid_email_extractor | Static pass found 0 on https://www.daf.com/en/about-daf/sustainability/legislation
2025-08-22 12:49:29,541 | INFO    | scraper.hybrid_email_extractor | JS fallback for https://www.daf.com/en/about-daf/sustainability/legislation
2025-08-22 12:49:31,968 | INFO    | scraper.email_extractor |   0 emails on https://www.daf.com/en/about-daf/sustainability/legislation (def from text)
2025-08-22 12:49:32,268 | INFO    | scraper.http         | HTTP GET https://www.daf.com/en/about-daf/daf-history/clever-solutions → 200
2025-08-22 12:49:32,299 | INFO    | scraper.email_extractor |   0 emails on https://www.daf.com/en/about-daf/daf-history/clever-solutions (def from text)
2025-08-22 12:49:32,325 | INFO    | scraper.hybrid_email_extractor | Static pass found 0 on https://www.daf.com/en/about-daf/daf-history/clever-solutions
2025-08-22 12:49:32,325 | INFO    | scraper.hybrid_email_extractor | JS fallback for https://www.daf.com/en/about-daf/daf-history/clever-solutions
2025-08-22 12:49:33,756 | INFO    | scraper.email_extractor |   0 emails on https://www.daf.com/en/about-daf/daf-history/clever-solutions (def from text)
2025-08-22 12:49:34,086 | INFO    | scraper.http         | HTTP GET https://www.daf.com/en/about-daf/sustainability/environment-emission-reduction/sustainable-sourcing → 200
2025-08-22 12:49:34,121 | INFO    | scraper.email_extractor |   0 emails on https://www.daf.com/en/about-daf/sustainability/environment-emission-reduction/sustainable-sourcing (def from text)
2025-08-22 12:49:34,159 | INFO    | scraper.hybrid_email_extractor | Static pass found 0 on https://www.daf.com/en/about-daf/sustainability/environment-emission-reduction/sustainable-sourcing
2025-08-22 12:49:34,159 | INFO    | scraper.hybrid_email_extractor | JS fallback for https://www.daf.com/en/about-daf/sustainability/environment-emission-reduction/sustainable-sourcing
2025-08-22 12:49:36,481 | INFO    | scraper.email_extractor |   0 emails on https://www.daf.com/en/about-daf/sustainability/environment-emission-reduction/sustainable-sourcing (def from text)
2025-08-22 12:49:37,817 | INFO    | scraper.http         | HTTP GET https://www.daf.com/en/about-daf/daf-worldwide/dealer-network → 200
2025-08-22 12:49:37,849 | INFO    | scraper.email_extractor |   0 emails on https://www.daf.com/en/about-daf/daf-worldwide/dealer-network (def from text)
2025-08-22 12:49:37,878 | INFO    | scraper.hybrid_email_extractor | Static pass found 0 on https://www.daf.com/en/about-daf/daf-worldwide/dealer-network
2025-08-22 12:49:37,878 | INFO    | scraper.hybrid_email_extractor | JS fallback for https://www.daf.com/en/about-daf/daf-worldwide/dealer-network
2025-08-22 12:49:39,858 | INFO    | scraper.email_extractor |   0 emails on https://www.daf.com/en/about-daf/daf-worldwide/dealer-network (def from text)
2025-08-22 12:49:40,347 | INFO    | scraper.http         | HTTP GET https://www.daf.com/en/about-daf/sustainability/environment-emission-reduction/sustainable-transport-solutions/alternative-fuels-and-drivelines → 200
2025-08-22 12:49:40,380 | INFO    | scraper.email_extractor |   0 emails on https://www.daf.com/en/about-daf/sustainability/environment-emission-reduction/sustainable-transport-solutions/alternative-fuels-and-drivelines (def from text)
2025-08-22 12:49:40,406 | INFO    | scraper.hybrid_email_extractor | Static pass found 0 on https://www.daf.com/en/about-daf/sustainability/environment-emission-reduction/sustainable-transport-solutions/alternative-fuels-and-drivelines
2025-08-22 12:49:40,406 | INFO    | scraper.hybrid_email_extractor | JS fallback for https://www.daf.com/en/about-daf/sustainability/environment-emission-reduction/sustainable-transport-solutions/alternative-fuels-and-drivelines
2025-08-22 12:49:42,303 | INFO    | scraper.email_extractor |   0 emails on https://www.daf.com/en/about-daf/sustainability/environment-emission-reduction/sustainable-transport-solutions/alternative-fuels-and-drivelines (def from text)
2025-08-22 12:49:42,734 | INFO    | scraper.http         | HTTP GET https://www.daf.com/en/about-daf/sustainability/environment-circularity/circular-products → 200
2025-08-22 12:49:42,767 | INFO    | scraper.email_extractor |   0 emails on https://www.daf.com/en/about-daf/sustainability/environment-circularity/circular-products (def from text)
2025-08-22 12:49:42,796 | INFO    | scraper.hybrid_email_extractor | Static pass found 0 on https://www.daf.com/en/about-daf/sustainability/environment-circularity/circular-products
2025-08-22 12:49:42,796 | INFO    | scraper.hybrid_email_extractor | JS fallback for https://www.daf.com/en/about-daf/sustainability/environment-circularity/circular-products
2025-08-22 12:49:44,270 | INFO    | scraper.email_extractor |   0 emails on https://www.daf.com/en/about-daf/sustainability/environment-circularity/circular-products (def from text)
2025-08-22 12:49:44,908 | INFO    | scraper.http         | HTTP GET https://www.daf.com/en/about-daf/sustainability/united-nations-sustainable-development-goals → 200
2025-08-22 12:49:44,941 | INFO    | scraper.email_extractor |   0 emails on https://www.daf.com/en/about-daf/sustainability/united-nations-sustainable-development-goals (def from text)
2025-08-22 12:49:44,968 | INFO    | scraper.hybrid_email_extractor | Static pass found 0 on https://www.daf.com/en/about-daf/sustainability/united-nations-sustainable-development-goals
2025-08-22 12:49:44,969 | INFO    | scraper.hybrid_email_extractor | JS fallback for https://www.daf.com/en/about-daf/sustainability/united-nations-sustainable-development-goals
2025-08-22 12:49:46,414 | INFO    | scraper.email_extractor |   0 emails on https://www.daf.com/en/about-daf/sustainability/united-nations-sustainable-development-goals (def from text)
2025-08-22 12:49:46,748 | INFO    | scraper.http         | HTTP GET https://www.daf.com/en/about-daf/daf-history → 200
2025-08-22 12:49:46,891 | INFO    | scraper.email_extractor |   0 emails on https://www.daf.com/en/about-daf/daf-history (def from text)
2025-08-22 12:49:46,930 | WARNING | scraper.email_extractor | Failed to clean '': invalid format (no single @)
2025-08-22 12:49:46,931 | INFO    | scraper.hybrid_email_extractor | Static pass found 0 on https://www.daf.com/en/about-daf/daf-history
2025-08-22 12:49:46,931 | INFO    | scraper.hybrid_email_extractor | JS fallback for https://www.daf.com/en/about-daf/daf-history
2025-08-22 12:49:48,846 | INFO    | scraper.email_extractor |   0 emails on https://www.daf.com/en/about-daf/daf-history (def from text)
2025-08-22 12:49:48,877 | WARNING | scraper.email_extractor | Failed to clean '': invalid format (no single @)
2025-08-22 12:49:48,878 | INFO    | scraper.orchestrator | Used sitemap for daf.com
2025-08-22 12:49:48,878 | INFO    | scraper.orchestrator | No emails found in sitemap, attempting fallback crawl: daf.com
2025-08-22 12:49:48,878 | INFO    | scraper.crawler      | Start crawl daf.com (limit=30, timeout=60s, workers=16)
2025-08-22 12:49:49,158 | INFO    | scraper.http         | HTTP GET https://www.daf.com/en/sites-landing → 200
2025-08-22 12:49:49,191 | INFO    | scraper.email_extractor |   0 emails on https://www.daf.com/en/sites-landing (def from text)
2025-08-22 12:49:49,785 | INFO    | scraper.http         | HTTP GET https://parts.daf.com/ → 200
2025-08-22 12:49:49,864 | INFO    | scraper.email_extractor |   0 emails on https://parts.daf.com/en-gb/ (def from text)
2025-08-22 12:49:49,874 | INFO    | scraper.hybrid_email_extractor | JS fallback for https://parts.daf.com/en-gb/
2025-08-22 12:49:52,056 | INFO    | scraper.email_extractor |   0 emails on https://parts.daf.com/en-gb/ (def from text)
2025-08-22 12:49:54,204 | INFO    | scraper.http         | HTTP GET https://www.daf.com/en/news-and-media → 200
2025-08-22 12:49:54,247 | INFO    | scraper.email_extractor |   1 emails on https://www.daf.com/en/news-and-media (def from text)
2025-08-22 12:49:54,247 | INFO    | scraper.hybrid_email_extractor | Static pass found 1 emails in https://www.daf.com/en/news-and-media
2025-08-22 12:49:54,539 | INFO    | scraper.http         | HTTP GET https://www.daf.com/en/suppliers → 200
2025-08-22 12:49:54,580 | INFO    | scraper.email_extractor |   0 emails on https://www.daf.com/en/suppliers (def from text)
2025-08-22 12:49:54,945 | INFO    | scraper.http         | HTTP GET https://www.daf.com/en/working-at-daf → 200
2025-08-22 12:49:54,990 | INFO    | scraper.email_extractor |   0 emails on https://www.daf.com/en/working-at-daf (def from text)
2025-08-22 12:49:55,026 | INFO    | scraper.hybrid_email_extractor | JS fallback for https://www.daf.com/en/working-at-daf
2025-08-22 12:49:55,707 | WARNING | scraper.http         | HTTP fallback failed for http://bluetech00.gobizkorea.com: HTTPConnectionPool(host='bluetech00.gobizkorea.com', port=80): Max retries exceeded with url: / (Caused by ConnectTimeoutError(<urllib3.connection.HTTPConnection object at 0x0000027244DC9480>, 'Connection to bluetech00.gobizkorea.com timed out. (connect timeout=60)'))
2025-08-22 12:49:56,868 | INFO    | scraper.email_extractor |   0 emails on https://www.daf.com/en/working-at-daf (def from text)
2025-08-22 12:49:58,289 | INFO    | scraper.http         | HTTP GET https://www.daf.com/en → 200
2025-08-22 12:49:58,332 | INFO    | scraper.email_extractor |   0 emails on https://www.daf.com/en (def from text)
2025-08-22 12:49:58,374 | WARNING | scraper.email_extractor | Failed to clean '': invalid format (no single @)
2025-08-22 12:49:58,374 | INFO    | scraper.hybrid_email_extractor | JS fallback for https://www.daf.com/en
2025-08-22 12:50:00,133 | INFO    | scraper.email_extractor |   0 emails on https://www.daf.com/en (def from text)
2025-08-22 12:50:00,172 | WARNING | scraper.email_extractor | Failed to clean '': invalid format (no single @)
2025-08-22 12:50:00,552 | INFO    | scraper.http         | HTTP GET https://www.daf.com/nl-nl → 200
2025-08-22 12:50:00,599 | INFO    | scraper.email_extractor |   0 emails on https://www.daf.com/nl-nl (def from text)
2025-08-22 12:50:00,638 | WARNING | scraper.email_extractor | Failed to clean '': invalid format (no single @)
2025-08-22 12:50:00,638 | INFO    | scraper.hybrid_email_extractor | JS fallback for https://www.daf.com/nl-nl
2025-08-22 12:50:03,308 | INFO    | scraper.email_extractor |   0 emails on https://www.daf.com/nl-nl (def from text)
2025-08-22 12:50:03,339 | WARNING | scraper.email_extractor | Failed to clean '': invalid format (no single @)
2025-08-22 12:50:03,602 | INFO    | scraper.http         | HTTP GET https://www.daf.com/en/dealer-locator-page → 200
2025-08-22 12:50:03,621 | INFO    | scraper.email_extractor |   0 emails on https://www.daf.com/en/dealer-locator-page (def from text)
2025-08-22 12:50:03,641 | INFO    | scraper.hybrid_email_extractor | JS fallback for https://www.daf.com/en/dealer-locator-page
2025-08-22 12:50:07,696 | INFO    | scraper.http         | HTTP GET https://walter-schmidt-chemie.de/sitemap.xml → 200
2025-08-22 12:50:07,697 | INFO    | scraper.sitemap      | Found sitemap via standard filenames: https://walter-schmidt-chemie.de/sitemap.xml (92.51s)
2025-08-22 12:50:08,713 | INFO    | scraper.http         | HTTP GET https://www.walter-schmidt-chemie.de/kontakt/impressum.html → 200
2025-08-22 12:50:08,722 | INFO    | scraper.email_extractor |   1 emails on https://www.walter-schmidt-chemie.de/kontakt/impressum.html (def from text)
2025-08-22 12:50:08,723 | INFO    | scraper.hybrid_email_extractor | Static pass found 1 on https://www.walter-schmidt-chemie.de/kontakt/impressum.html
2025-08-22 12:50:10,427 | INFO    | scraper.http         | HTTP GET https://www.walter-schmidt-chemie.de/kontakt/kontaktformular/formhandler.html → 200
2025-08-22 12:50:10,532 | INFO    | scraper.email_extractor |   0 emails on https://www.walter-schmidt-chemie.de/kontakt/kontaktformular/formhandler.html (def from text)
2025-08-22 12:50:10,576 | INFO    | scraper.hybrid_email_extractor | Static pass found 0 on https://www.walter-schmidt-chemie.de/kontakt/kontaktformular/formhandler.html
2025-08-22 12:50:10,600 | INFO    | scraper.hybrid_email_extractor | JS fallback for https://www.walter-schmidt-chemie.de/kontakt/kontaktformular/formhandler.html
2025-08-22 12:50:10,755 | INFO    | scraper.email_extractor |   0 emails on https://www.daf.com/en/dealer-locator-page (def from text)
2025-08-22 12:50:12,462 | INFO    | scraper.http         | HTTP GET https://www.daf.com.au → 200
2025-08-22 12:50:12,488 | INFO    | scraper.email_extractor |   0 emails on https://www.daf.com.au/ (def from text)
2025-08-22 12:50:12,509 | INFO    | scraper.hybrid_email_extractor | JS fallback for https://www.daf.com.au/
2025-08-22 12:50:13,478 | INFO    | scraper.email_extractor |   0 emails on https://www.walter-schmidt-chemie.de/kontakt/kontaktformular/formhandler.html (def from text)
2025-08-22 12:50:14,607 | INFO    | scraper.http         | HTTP GET https://www.walter-schmidt-chemie.de/kontakt/inhaltsverzeichnis.html → 200
2025-08-22 12:50:14,624 | INFO    | scraper.email_extractor |   0 emails on https://www.walter-schmidt-chemie.de/kontakt/inhaltsverzeichnis.html (def from text)
2025-08-22 12:50:14,641 | INFO    | scraper.hybrid_email_extractor | Static pass found 0 on https://www.walter-schmidt-chemie.de/kontakt/inhaltsverzeichnis.html
2025-08-22 12:50:14,641 | INFO    | scraper.hybrid_email_extractor | JS fallback for https://www.walter-schmidt-chemie.de/kontakt/inhaltsverzeichnis.html
2025-08-22 12:50:19,368 | INFO    | scraper.email_extractor |   0 emails on https://www.daf.com.au/ (def from text)
2025-08-22 12:50:20,496 | INFO    | scraper.http         | HTTP GET https://www.daf.com.tw?MarketCode=TW → 200
2025-08-22 12:50:20,503 | INFO    | scraper.email_extractor |   0 emails on https://www.daf.com.tw/?MarketCode=TW (def from text)
2025-08-22 12:50:20,508 | INFO    | scraper.hybrid_email_extractor | JS fallback for https://www.daf.com.tw/?MarketCode=TW
2025-08-22 12:50:20,806 | INFO    | scraper.email_extractor |   0 emails on https://www.walter-schmidt-chemie.de/kontakt/inhaltsverzeichnis.html (def from text)
2025-08-22 12:50:21,719 | INFO    | scraper.http         | HTTP GET https://www.walter-schmidt-chemie.de/produkte/adblue/adblue.html → 200
2025-08-22 12:50:21,729 | INFO    | scraper.email_extractor |   0 emails on https://www.walter-schmidt-chemie.de/produkte/adblue/adblue.html (def from text)
2025-08-22 12:50:21,738 | INFO    | scraper.hybrid_email_extractor | Static pass found 0 on https://www.walter-schmidt-chemie.de/produkte/adblue/adblue.html
2025-08-22 12:50:21,738 | INFO    | scraper.hybrid_email_extractor | JS fallback for https://www.walter-schmidt-chemie.de/produkte/adblue/adblue.html
2025-08-22 12:50:22,247 | INFO    | scraper.http         | HTTP GET https://readytogo.daf.com/en → 200
2025-08-22 12:50:22,267 | INFO    | scraper.email_extractor |   0 emails on https://readytogo.daf.com/en (def from text)
2025-08-22 12:50:22,280 | INFO    | scraper.hybrid_email_extractor | JS fallback for https://readytogo.daf.com/en
2025-08-22 12:50:23,275 | INFO    | scraper.email_extractor |   0 emails on https://www.walter-schmidt-chemie.de/produkte/adblue/adblue.html (def from text)
2025-08-22 12:50:23,959 | INFO    | scraper.http         | HTTP GET https://www.walter-schmidt-chemie.de/kontakt/kontaktformular/nachricht-erfolgreich-versandt.html → 200
2025-08-22 12:50:23,967 | INFO    | scraper.email_extractor |   0 emails on https://www.walter-schmidt-chemie.de/kontakt/kontaktformular/nachricht-erfolgreich-versandt.html (def from text)
2025-08-22 12:50:23,974 | INFO    | scraper.hybrid_email_extractor | Static pass found 0 on https://www.walter-schmidt-chemie.de/kontakt/kontaktformular/nachricht-erfolgreich-versandt.html
2025-08-22 12:50:23,974 | INFO    | scraper.hybrid_email_extractor | JS fallback for https://www.walter-schmidt-chemie.de/kontakt/kontaktformular/nachricht-erfolgreich-versandt.html
2025-08-22 12:50:25,808 | INFO    | scraper.email_extractor |   0 emails on https://readytogo.daf.com/en (def from text)
2025-08-22 12:50:25,996 | INFO    | scraper.http         | HTTP GET https://www.daf.com/en/driver-information/driver-manuals → 200
2025-08-22 12:50:26,032 | INFO    | scraper.email_extractor |   0 emails on https://www.daf.com/en/driver-information/driver-manuals (def from text)
2025-08-22 12:50:26,062 | INFO    | scraper.hybrid_email_extractor | JS fallback for https://www.daf.com/en/driver-information/driver-manuals
2025-08-22 12:50:27,389 | INFO    | scraper.email_extractor |   0 emails on https://www.walter-schmidt-chemie.de/kontakt/kontaktformular/nachricht-erfolgreich-versandt.html (def from text)
2025-08-22 12:50:27,770 | INFO    | scraper.http         | HTTP GET https://www.walter-schmidt-chemie.de/kontakt/meldeplattform-hinschg/ → 200
2025-08-22 12:50:27,772 | INFO    | scraper.email_extractor |   0 emails on https://www.walter-schmidt-chemie.de/kontakt/meldeplattform-hinschg/ (def from text)
2025-08-22 12:50:27,773 | INFO    | scraper.hybrid_email_extractor | Static pass found 0 on https://www.walter-schmidt-chemie.de/kontakt/meldeplattform-hinschg/
2025-08-22 12:50:27,773 | INFO    | scraper.hybrid_email_extractor | JS fallback for https://www.walter-schmidt-chemie.de/kontakt/meldeplattform-hinschg/
2025-08-22 12:50:29,605 | INFO    | scraper.email_extractor |   0 emails on https://www.daf.com/en/driver-information/driver-manuals (def from text)
2025-08-22 12:50:29,935 | INFO    | scraper.http         | HTTP GET https://rmi.daf.com → 200
2025-08-22 12:50:29,972 | INFO    | scraper.email_extractor |   0 emails on https://rmi.daf.com/en (def from text)
2025-08-22 12:50:29,995 | INFO    | scraper.hybrid_email_extractor | JS fallback for https://rmi.daf.com/en
2025-08-22 12:50:31,569 | INFO    | scraper.email_extractor |   0 emails on https://www.walter-schmidt-chemie.de/kontakt/meldeplattform-hinschg/ (def from text)
2025-08-22 12:50:32,464 | INFO    | scraper.http         | HTTP GET https://www.walter-schmidt-chemie.de/kontakt/ → 200
2025-08-22 12:50:32,476 | INFO    | scraper.email_extractor |   0 emails on https://www.walter-schmidt-chemie.de/kontakt/ (def from text)
2025-08-22 12:50:32,489 | INFO    | scraper.hybrid_email_extractor | Static pass found 0 on https://www.walter-schmidt-chemie.de/kontakt/
2025-08-22 12:50:32,489 | INFO    | scraper.hybrid_email_extractor | JS fallback for https://www.walter-schmidt-chemie.de/kontakt/
2025-08-22 12:50:33,806 | INFO    | scraper.email_extractor |   0 emails on https://rmi.daf.com/en (def from text)
2025-08-22 12:50:34,077 | INFO    | scraper.http         | HTTP GET https://pti.daf.com → 200
2025-08-22 12:50:34,100 | INFO    | scraper.email_extractor |   0 emails on https://pti.daf.com/ (def from text)
2025-08-22 12:50:34,120 | INFO    | scraper.hybrid_email_extractor | JS fallback for https://pti.daf.com/
2025-08-22 12:50:36,011 | INFO    | scraper.email_extractor |   0 emails on https://www.walter-schmidt-chemie.de/kontakt/ (def from text)
2025-08-22 12:50:37,104 | INFO    | scraper.http         | HTTP GET https://www.walter-schmidt-chemie.de/produkte/adblue/ → 200
2025-08-22 12:50:37,111 | INFO    | scraper.email_extractor |   0 emails on https://www.walter-schmidt-chemie.de/produkte/adblue/ (def from text)
2025-08-22 12:50:37,117 | INFO    | scraper.hybrid_email_extractor | Static pass found 0 on https://www.walter-schmidt-chemie.de/produkte/adblue/
2025-08-22 12:50:37,118 | INFO    | scraper.hybrid_email_extractor | JS fallback for https://www.walter-schmidt-chemie.de/produkte/adblue/
2025-08-22 12:50:38,269 | INFO    | scraper.email_extractor |   0 emails on https://pti.daf.com/ (def from text)
2025-08-22 12:50:38,505 | INFO    | scraper.http         | HTTP GET https://www.daf.com/en/about-daf → 200
2025-08-22 12:50:38,533 | INFO    | scraper.email_extractor |   0 emails on https://www.daf.com/en/about-daf (def from text)
2025-08-22 12:50:38,697 | WARNING | scraper.email_extractor | Failed to clean '': invalid format (no single @)
2025-08-22 12:50:38,946 | INFO    | scraper.http         | HTTP GET https://www.daf.com/en/products-and-services → 200
2025-08-22 12:50:39,000 | INFO    | scraper.email_extractor |   0 emails on https://www.daf.com/en/products-and-services (def from text)
2025-08-22 12:50:39,054 | WARNING | scraper.email_extractor | Failed to clean '': invalid format (no single @)
2025-08-22 12:50:39,054 | INFO    | scraper.hybrid_email_extractor | JS fallback for https://www.daf.com/en/products-and-services
2025-08-22 12:50:40,693 | INFO    | scraper.email_extractor |   0 emails on https://www.walter-schmidt-chemie.de/produkte/adblue/ (def from text)
2025-08-22 12:50:40,949 | INFO    | scraper.http         | HTTP GET https://www.walter-schmidt-chemie.de/kontakt/kontaktformular/ → 200
2025-08-22 12:50:40,959 | INFO    | scraper.email_extractor |   0 emails on https://www.walter-schmidt-chemie.de/kontakt/kontaktformular/ (def from text)
2025-08-22 12:50:40,966 | INFO    | scraper.hybrid_email_extractor | Static pass found 0 on https://www.walter-schmidt-chemie.de/kontakt/kontaktformular/
2025-08-22 12:50:40,966 | INFO    | scraper.hybrid_email_extractor | JS fallback for https://www.walter-schmidt-chemie.de/kontakt/kontaktformular/
2025-08-22 12:50:44,349 | INFO    | scraper.email_extractor |   0 emails on https://www.daf.com/en/products-and-services (def from text)
2025-08-22 12:50:44,404 | WARNING | scraper.email_extractor | Failed to clean '': invalid format (no single @)
2025-08-22 12:50:44,708 | INFO    | scraper.http         | HTTP GET https://www.daf.com/en/contact → 200
2025-08-22 12:50:44,758 | INFO    | scraper.email_extractor |   0 emails on https://www.daf.com/en/contact (def from text)
2025-08-22 12:50:45,169 | INFO    | scraper.http         | HTTP GET https://www.daf.com/en/contact/pems-testing-service-contact-page → 200
2025-08-22 12:50:45,205 | INFO    | scraper.email_extractor |   0 emails on https://www.daf.com/en/contact/pems-testing-service-contact-page (def from text)
2025-08-22 12:50:45,229 | INFO    | scraper.hybrid_email_extractor | JS fallback for https://www.daf.com/en/contact/pems-testing-service-contact-page
2025-08-22 12:50:45,887 | INFO    | scraper.email_extractor |   0 emails on https://www.walter-schmidt-chemie.de/kontakt/kontaktformular/ (def from text)
2025-08-22 12:50:45,896 | INFO    | scraper.orchestrator | Used sitemap for walter-schmidt-chemie.de
2025-08-22 12:50:45,896 | INFO    | scraper.orchestrator | ✓ Found 1 emails for walter schmidt chemie gmbh
2025-08-22 12:50:47,915 | INFO    | scraper.email_extractor |   0 emails on https://www.daf.com/en/contact/pems-testing-service-contact-page (def from text)
2025-08-22 12:50:48,225 | INFO    | scraper.http         | HTTP GET https://www.daf.com/en/legal/code-of-conduct → 200
2025-08-22 12:50:48,252 | INFO    | scraper.email_extractor |   0 emails on https://www.daf.com/en/legal/code-of-conduct (def from text)
2025-08-22 12:50:48,282 | INFO    | scraper.hybrid_email_extractor | JS fallback for https://www.daf.com/en/legal/code-of-conduct
2025-08-22 12:50:50,293 | INFO    | scraper.email_extractor |   0 emails on https://www.daf.com/en/legal/code-of-conduct (def from text)
2025-08-22 12:50:50,337 | INFO    | scraper.crawler      | Crawl of daf.com completed: 19 pages fetched, 380 unique URLs seen, 1 emails, 61.5 s
2025-08-22 12:50:50,338 | INFO    | scraper.orchestrator | ✓ Found 1 emails for daf trucks
2025-08-22 12:51:00,872 | INFO    | scraper.http         | Retrying with www-prefix: https://www.bluetech00.gobizkorea.com
2025-08-22 12:51:01,904 | WARNING | scraper.http         | www-prefix retry failed for https://www.bluetech00.gobizkorea.com: HTTPSConnectionPool(host='www.bluetech00.gobizkorea.com', port=443): Max retries exceeded with url: / (Caused by NameResolutionError("<urllib3.connection.HTTPSConnection object at 0x00000272435F1950>: Failed to resolve 'www.bluetech00.gobizkorea.com' ([Errno 11001] getaddrinfo failed)"))
2025-08-22 12:51:01,904 | INFO    | scraper.http         | Retrying with HTTP: http://bluetech00.gobizkorea.com
2025-08-22 12:52:06,069 | WARNING | scraper.http         | HTTP fallback failed for http://bluetech00.gobizkorea.com: HTTPConnectionPool(host='bluetech00.gobizkorea.com', port=80): Max retries exceeded with url: / (Caused by ConnectTimeoutError(<urllib3.connection.HTTPConnection object at 0x0000027244CC8F30>, 'Connection to bluetech00.gobizkorea.com timed out. (connect timeout=60)'))
2025-08-22 12:53:10,220 | INFO    | scraper.http         | Retrying with www-prefix: https://www.bluetech00.gobizkorea.com/sitemap.xml
2025-08-22 12:53:11,231 | WARNING | scraper.http         | www-prefix retry failed for https://www.bluetech00.gobizkorea.com/sitemap.xml: HTTPSConnectionPool(host='www.bluetech00.gobizkorea.com', port=443): Max retries exceeded with url: /sitemap.xml (Caused by NameResolutionError("<urllib3.connection.HTTPSConnection object at 0x00000272435F2850>: Failed to resolve 'www.bluetech00.gobizkorea.com' ([Errno 11001] getaddrinfo failed)"))
2025-08-22 12:53:11,231 | INFO    | scraper.http         | Retrying with HTTP: http://bluetech00.gobizkorea.com/sitemap.xml
2025-08-22 12:54:15,394 | WARNING | scraper.http         | HTTP fallback failed for http://bluetech00.gobizkorea.com/sitemap.xml: HTTPConnectionPool(host='bluetech00.gobizkorea.com', port=80): Max retries exceeded with url: /sitemap.xml (Caused by ConnectTimeoutError(<urllib3.connection.HTTPConnection object at 0x0000027244CC9590>, 'Connection to bluetech00.gobizkorea.com timed out. (connect timeout=60)'))
2025-08-22 12:55:20,694 | INFO    | scraper.http         | Retrying with www-prefix: https://www.bluetech00.gobizkorea.com/sitemap.xml
2025-08-22 12:55:21,707 | WARNING | scraper.http         | www-prefix retry failed for https://www.bluetech00.gobizkorea.com/sitemap.xml: HTTPSConnectionPool(host='www.bluetech00.gobizkorea.com', port=443): Max retries exceeded with url: /sitemap.xml (Caused by NameResolutionError("<urllib3.connection.HTTPSConnection object at 0x00000272470B5450>: Failed to resolve 'www.bluetech00.gobizkorea.com' ([Errno 11001] getaddrinfo failed)"))
2025-08-22 12:55:21,707 | INFO    | scraper.http         | Retrying with HTTP: http://bluetech00.gobizkorea.com/sitemap.xml
2025-08-22 12:56:25,845 | WARNING | scraper.http         | HTTP fallback failed for http://bluetech00.gobizkorea.com/sitemap.xml: HTTPConnectionPool(host='bluetech00.gobizkorea.com', port=80): Max retries exceeded with url: /sitemap.xml (Caused by ConnectTimeoutError(<urllib3.connection.HTTPConnection object at 0x0000027244CC97B0>, 'Connection to bluetech00.gobizkorea.com timed out. (connect timeout=60)'))
2025-08-22 12:57:29,967 | INFO    | scraper.http         | Retrying with www-prefix: https://www.bluetech00.gobizkorea.com/sitemap_index.xml
2025-08-22 12:57:30,987 | WARNING | scraper.http         | www-prefix retry failed for https://www.bluetech00.gobizkorea.com/sitemap_index.xml: HTTPSConnectionPool(host='www.bluetech00.gobizkorea.com', port=443): Max retries exceeded with url: /sitemap_index.xml (Caused by NameResolutionError("<urllib3.connection.HTTPSConnection object at 0x00000272470B5090>: Failed to resolve 'www.bluetech00.gobizkorea.com' ([Errno 11001] getaddrinfo failed)"))
2025-08-22 12:57:30,987 | INFO    | scraper.http         | Retrying with HTTP: http://bluetech00.gobizkorea.com/sitemap_index.xml
2025-08-22 12:58:35,153 | WARNING | scraper.http         | HTTP fallback failed for http://bluetech00.gobizkorea.com/sitemap_index.xml: HTTPConnectionPool(host='bluetech00.gobizkorea.com', port=80): Max retries exceeded with url: /sitemap_index.xml (Caused by ConnectTimeoutError(<urllib3.connection.HTTPConnection object at 0x0000027244CCA9C0>, 'Connection to bluetech00.gobizkorea.com timed out. (connect timeout=60)'))
2025-08-22 12:59:40,284 | INFO    | scraper.http         | Retrying with www-prefix: https://www.bluetech00.gobizkorea.com/sitemap_index.xml
2025-08-22 12:59:41,302 | WARNING | scraper.http         | www-prefix retry failed for https://www.bluetech00.gobizkorea.com/sitemap_index.xml: HTTPSConnectionPool(host='www.bluetech00.gobizkorea.com', port=443): Max retries exceeded with url: /sitemap_index.xml (Caused by NameResolutionError("<urllib3.connection.HTTPSConnection object at 0x00000272435F11D0>: Failed to resolve 'www.bluetech00.gobizkorea.com' ([Errno 11001] getaddrinfo failed)"))
2025-08-22 12:59:41,302 | INFO    | scraper.http         | Retrying with HTTP: http://bluetech00.gobizkorea.com/sitemap_index.xml
2025-08-22 13:00:45,474 | WARNING | scraper.http         | HTTP fallback failed for http://bluetech00.gobizkorea.com/sitemap_index.xml: HTTPConnectionPool(host='bluetech00.gobizkorea.com', port=80): Max retries exceeded with url: /sitemap_index.xml (Caused by ConnectTimeoutError(<urllib3.connection.HTTPConnection object at 0x0000027244CC9F20>, 'Connection to bluetech00.gobizkorea.com timed out. (connect timeout=60)'))
2025-08-22 13:01:49,682 | INFO    | scraper.http         | Retrying with www-prefix: https://www.bluetech00.gobizkorea.com/sitemap-index.xml
2025-08-22 13:01:50,697 | WARNING | scraper.http         | www-prefix retry failed for https://www.bluetech00.gobizkorea.com/sitemap-index.xml: HTTPSConnectionPool(host='www.bluetech00.gobizkorea.com', port=443): Max retries exceeded with url: /sitemap-index.xml (Caused by NameResolutionError("<urllib3.connection.HTTPSConnection object at 0x0000027244CA9090>: Failed to resolve 'www.bluetech00.gobizkorea.com' ([Errno 11001] getaddrinfo failed)"))
2025-08-22 13:01:50,697 | INFO    | scraper.http         | Retrying with HTTP: http://bluetech00.gobizkorea.com/sitemap-index.xml
2025-08-22 13:02:54,840 | WARNING | scraper.http         | HTTP fallback failed for http://bluetech00.gobizkorea.com/sitemap-index.xml: HTTPConnectionPool(host='bluetech00.gobizkorea.com', port=80): Max retries exceeded with url: /sitemap-index.xml (Caused by ConnectTimeoutError(<urllib3.connection.HTTPConnection object at 0x0000027244CCBAC0>, 'Connection to bluetech00.gobizkorea.com timed out. (connect timeout=60)'))
2025-08-22 13:04:00,022 | INFO    | scraper.http         | Retrying with www-prefix: https://www.bluetech00.gobizkorea.com/sitemap-index.xml
2025-08-22 13:04:01,034 | WARNING | scraper.http         | www-prefix retry failed for https://www.bluetech00.gobizkorea.com/sitemap-index.xml: HTTPSConnectionPool(host='www.bluetech00.gobizkorea.com', port=443): Max retries exceeded with url: /sitemap-index.xml (Caused by NameResolutionError("<urllib3.connection.HTTPSConnection object at 0x00000272470B4E10>: Failed to resolve 'www.bluetech00.gobizkorea.com' ([Errno 11001] getaddrinfo failed)"))
2025-08-22 13:04:01,034 | INFO    | scraper.http         | Retrying with HTTP: http://bluetech00.gobizkorea.com/sitemap-index.xml
2025-08-22 13:05:05,158 | WARNING | scraper.http         | HTTP fallback failed for http://bluetech00.gobizkorea.com/sitemap-index.xml: HTTPConnectionPool(host='bluetech00.gobizkorea.com', port=80): Max retries exceeded with url: /sitemap-index.xml (Caused by ConnectTimeoutError(<urllib3.connection.HTTPConnection object at 0x0000027244CC9E10>, 'Connection to bluetech00.gobizkorea.com timed out. (connect timeout=60)'))
2025-08-22 13:06:09,324 | INFO    | scraper.http         | Retrying with www-prefix: https://www.bluetech00.gobizkorea.com/sitemap1.xml
2025-08-22 13:06:10,335 | WARNING | scraper.http         | www-prefix retry failed for https://www.bluetech00.gobizkorea.com/sitemap1.xml: HTTPSConnectionPool(host='www.bluetech00.gobizkorea.com', port=443): Max retries exceeded with url: /sitemap1.xml (Caused by NameResolutionError("<urllib3.connection.HTTPSConnection object at 0x00000272470B6C10>: Failed to resolve 'www.bluetech00.gobizkorea.com' ([Errno 11001] getaddrinfo failed)"))
2025-08-22 13:06:10,335 | INFO    | scraper.http         | Retrying with HTTP: http://bluetech00.gobizkorea.com/sitemap1.xml
2025-08-22 13:07:14,517 | WARNING | scraper.http         | HTTP fallback failed for http://bluetech00.gobizkorea.com/sitemap1.xml: HTTPConnectionPool(host='bluetech00.gobizkorea.com', port=80): Max retries exceeded with url: /sitemap1.xml (Caused by ConnectTimeoutError(<urllib3.connection.HTTPConnection object at 0x0000027244CC88D0>, 'Connection to bluetech00.gobizkorea.com timed out. (connect timeout=60)'))
2025-08-22 13:08:19,661 | INFO    | scraper.http         | Retrying with www-prefix: https://www.bluetech00.gobizkorea.com/sitemap1.xml
2025-08-22 13:08:20,674 | WARNING | scraper.http         | www-prefix retry failed for https://www.bluetech00.gobizkorea.com/sitemap1.xml: HTTPSConnectionPool(host='www.bluetech00.gobizkorea.com', port=443): Max retries exceeded with url: /sitemap1.xml (Caused by NameResolutionError("<urllib3.connection.HTTPSConnection object at 0x00000272470B7B10>: Failed to resolve 'www.bluetech00.gobizkorea.com' ([Errno 11001] getaddrinfo failed)"))
2025-08-22 13:08:20,675 | INFO    | scraper.http         | Retrying with HTTP: http://bluetech00.gobizkorea.com/sitemap1.xml
2025-08-22 13:09:24,830 | WARNING | scraper.http         | HTTP fallback failed for http://bluetech00.gobizkorea.com/sitemap1.xml: HTTPConnectionPool(host='bluetech00.gobizkorea.com', port=80): Max retries exceeded with url: /sitemap1.xml (Caused by ConnectTimeoutError(<urllib3.connection.HTTPConnection object at 0x0000027244CC88D0>, 'Connection to bluetech00.gobizkorea.com timed out. (connect timeout=60)'))
2025-08-22 13:10:28,982 | INFO    | scraper.http         | Retrying with www-prefix: https://www.bluetech00.gobizkorea.com/robots.txt
2025-08-22 13:10:30,001 | WARNING | scraper.http         | www-prefix retry failed for https://www.bluetech00.gobizkorea.com/robots.txt: HTTPSConnectionPool(host='www.bluetech00.gobizkorea.com', port=443): Max retries exceeded with url: /robots.txt (Caused by NameResolutionError("<urllib3.connection.HTTPSConnection object at 0x00000272435F0B90>: Failed to resolve 'www.bluetech00.gobizkorea.com' ([Errno 11001] getaddrinfo failed)"))
2025-08-22 13:10:30,002 | INFO    | scraper.http         | Retrying with HTTP: http://bluetech00.gobizkorea.com/robots.txt
2025-08-22 13:11:34,170 | WARNING | scraper.http         | HTTP fallback failed for http://bluetech00.gobizkorea.com/robots.txt: HTTPConnectionPool(host='bluetech00.gobizkorea.com', port=80): Max retries exceeded with url: /robots.txt (Caused by ConnectTimeoutError(<urllib3.connection.HTTPConnection object at 0x0000027244CCB8A0>, 'Connection to bluetech00.gobizkorea.com timed out. (connect timeout=60)'))
2025-08-22 13:12:39,354 | INFO    | scraper.http         | Retrying with www-prefix: https://www.bluetech00.gobizkorea.com/robots.txt
2025-08-22 13:12:40,368 | WARNING | scraper.http         | www-prefix retry failed for https://www.bluetech00.gobizkorea.com/robots.txt: HTTPSConnectionPool(host='www.bluetech00.gobizkorea.com', port=443): Max retries exceeded with url: /robots.txt (Caused by NameResolutionError("<urllib3.connection.HTTPSConnection object at 0x00000272435F2850>: Failed to resolve 'www.bluetech00.gobizkorea.com' ([Errno 11001] getaddrinfo failed)"))
2025-08-22 13:12:40,368 | INFO    | scraper.http         | Retrying with HTTP: http://bluetech00.gobizkorea.com/robots.txt
2025-08-22 13:13:44,556 | WARNING | scraper.http         | HTTP fallback failed for http://bluetech00.gobizkorea.com/robots.txt: HTTPConnectionPool(host='bluetech00.gobizkorea.com', port=80): Max retries exceeded with url: /robots.txt (Caused by ConnectTimeoutError(<urllib3.connection.HTTPConnection object at 0x0000027244CC9480>, 'Connection to bluetech00.gobizkorea.com timed out. (connect timeout=60)'))
2025-08-22 13:13:44,556 | WARNING | scraper.orchestrator | Error processing sitemap for bluetech00.gobizkorea.com: max_workers must be greater than 0
2025-08-22 13:13:44,556 | INFO    | scraper.orchestrator | No emails found in sitemap, attempting fallback crawl: bluetech00.gobizkorea.com
2025-08-22 13:13:44,557 | INFO    | scraper.crawler      | Start crawl bluetech00.gobizkorea.com (limit=30, timeout=60s, workers=16)
2025-08-22 13:14:48,694 | INFO    | scraper.http         | Retrying with www-prefix: https://www.bluetech00.gobizkorea.com
2025-08-22 13:14:49,719 | WARNING | scraper.http         | www-prefix retry failed for https://www.bluetech00.gobizkorea.com: HTTPSConnectionPool(host='www.bluetech00.gobizkorea.com', port=443): Max retries exceeded with url: / (Caused by NameResolutionError("<urllib3.connection.HTTPSConnection object at 0x00000272470B6E90>: Failed to resolve 'www.bluetech00.gobizkorea.com' ([Errno 11001] getaddrinfo failed)"))
2025-08-22 13:14:49,720 | INFO    | scraper.http         | Retrying with HTTP: http://bluetech00.gobizkorea.com
2025-08-22 13:15:53,883 | WARNING | scraper.http         | HTTP fallback failed for http://bluetech00.gobizkorea.com: HTTPConnectionPool(host='bluetech00.gobizkorea.com', port=80): Max retries exceeded with url: / (Caused by ConnectTimeoutError(<urllib3.connection.HTTPConnection object at 0x0000027244CCBF00>, 'Connection to bluetech00.gobizkorea.com timed out. (connect timeout=60)'))
2025-08-22 13:16:59,018 | INFO    | scraper.http         | Retrying with www-prefix: https://www.bluetech00.gobizkorea.com
2025-08-22 13:17:00,127 | WARNING | scraper.http         | www-prefix retry failed for https://www.bluetech00.gobizkorea.com: HTTPSConnectionPool(host='www.bluetech00.gobizkorea.com', port=443): Max retries exceeded with url: / (Caused by NameResolutionError("<urllib3.connection.HTTPSConnection object at 0x00000272470B4410>: Failed to resolve 'www.bluetech00.gobizkorea.com' ([Errno 11001] getaddrinfo failed)"))
2025-08-22 13:17:00,128 | INFO    | scraper.http         | Retrying with HTTP: http://bluetech00.gobizkorea.com
2025-08-22 13:18:04,254 | WARNING | scraper.http         | HTTP fallback failed for http://bluetech00.gobizkorea.com: HTTPConnectionPool(host='bluetech00.gobizkorea.com', port=80): Max retries exceeded with url: / (Caused by ConnectTimeoutError(<urllib3.connection.HTTPConnection object at 0x0000027244CC9AE0>, 'Connection to bluetech00.gobizkorea.com timed out. (connect timeout=60)'))
2025-08-22 13:18:04,255 | INFO    | scraper.crawler      | Crawl of bluetech00.gobizkorea.com completed: 0 pages fetched, 1 unique URLs seen, 0 emails, 259.7 s
2025-08-22 13:18:04,255 | INFO    | scraper.orchestrator | ✗ No emails found for bluetec haman
2025-08-22 13:18:04,382 | INFO    | scraper.cli          | BrowserService: shutdown complete
2025-08-22 13:18:04,422 | INFO    | scraper.cli          | 
+--------------------------------------------------+
| RUN SUMMARY                                      |
+--------------------------------------------------+
| Leads           :   9
| Domain found    :   9
| No Google hits  :   0
| Domain unclear  :   0
| Sitemap used    :   8
| With e-mail     :   7
| Without e-mail  :   2
| Google errors   :   0
| Processing errors:   0
| Unique e-mails  :  11
| Runtime         : 1819.1 s
| HTTP Requests   : 173
| HTTP errors     :   0
| No-response     :   8
+--------------------------------------------------+
2025-08-22 13:18:04,422 | INFO    | scraper.cli          | Saved 11 rows -> results.xlsx
2025-08-22 13:18:04,423 | INFO    | scraper.cli          | Verbose log -> C:\Dev\Projects\Scraping_directory\THE_Email_Scraper\scraper_20250822_124745.log
