2025-08-22 13:27:53,250 | INFO    | scraper.cli          | Email scraper starting
2025-08-22 13:27:53,250 | INFO    | scraper.cli          | Input file: test_input.xlsx
2025-08-22 13:27:53,251 | INFO    | scraper.cli          | Output file: results.xlsx
2025-08-22 13:27:53,251 | INFO    | scraper.cli          | Workers: 16
2025-08-22 13:27:53,251 | INFO    | scraper.cli          | Domain threshold: 65
2025-08-22 13:27:53,252 | INFO    | scraper.cli          | Max pages: 30
2025-08-22 13:27:53,252 | INFO    | scraper.cli          | Process PDFs: False
2025-08-22 13:27:53,252 | INFO    | scraper.cli          | Save domain only: False
2025-08-22 13:27:53,472 | INFO    | scraper.cli          | Loaded 9 companies from test_input.xlsx
2025-08-22 13:27:53,473 | INFO    | scraper.orchestrator | ▶ Processing company: walter schmidt chemie gmbh
2025-08-22 13:27:53,474 | INFO    | scraper.orchestrator | ▶ Processing company: henan xinlianxin fertilizer 
2025-08-22 13:27:53,476 | INFO    | scraper.orchestrator | ▶ Processing company: mitsui toatsu chemicals 
2025-08-22 13:27:53,476 | INFO    | scraper.orchestrator | ▶ Processing company: bluetec haman
2025-08-22 13:27:53,478 | INFO    | scraper.orchestrator | ▶ Processing company: daf trucks
2025-08-22 13:27:53,479 | INFO    | scraper.orchestrator | ▶ Processing company: petrol rete 
2025-08-22 13:27:53,480 | INFO    | scraper.orchestrator | ▶ Processing company: euro dam jas doo
2025-08-22 13:27:53,480 | INFO    | scraper.orchestrator | ▶ Processing company: Synsol
2025-08-22 13:27:53,481 | INFO    | scraper.orchestrator | ▶ Processing company: speedy fuels
2025-08-22 13:27:53,874 | INFO    | scraper.orchestrator | ✓ Found domain: walter-schmidt-chemie.de (score: 89)
2025-08-22 13:27:54,527 | INFO    | scraper.orchestrator | ✓ Found domain: daf.com (score: 100)
2025-08-22 13:27:54,756 | INFO    | scraper.orchestrator | ✓ Found domain: synsol.ch (score: 100)
2025-08-22 13:27:54,771 | INFO    | scraper.orchestrator | ✓ Found domain: bluetech00.gobizkorea.com (score: 88)
2025-08-22 13:27:54,824 | INFO    | scraper.orchestrator | ✓ Found domain: speedyfuels.co.uk (score: 100)
2025-08-22 13:27:54,895 | INFO    | scraper.orchestrator | ✓ Found domain: worldfertilizer.com (score: 80)
2025-08-22 13:27:54,895 | INFO    | scraper.http         | HTTP GET https://synsol.ch → 200
2025-08-22 13:27:54,926 | INFO    | scraper.orchestrator | ✓ Found domain: eurodamjas.com (score: 100)
2025-08-22 13:27:54,982 | INFO    | scraper.orchestrator | ✓ Found domain: us.mitsuichemicals.com (score: 88)
2025-08-22 13:27:54,985 | INFO    | scraper.email_extractor |   1 emails on https://synsol.ch/ (def from text)
2025-08-22 13:27:54,986 | INFO    | scraper.hybrid_email_extractor | Static pass found 1 emails in https://synsol.ch/
2025-08-22 13:27:54,987 | INFO    | scraper.http         | HTTP GET https://daf.com → 200
2025-08-22 13:27:55,028 | INFO    | scraper.email_extractor |   0 emails on https://www.daf.com/en/sites-landing (def from text)
2025-08-22 13:27:55,123 | INFO    | scraper.hybrid_email_extractor | JS fallback for https://www.daf.com/en/sites-landing
2025-08-22 13:27:55,155 | INFO    | scraper.orchestrator | ✓ Found domain: bpetrol.it (score: 92)
2025-08-22 13:27:55,161 | INFO    | scraper.http         | HTTP GET https://worldfertilizer.com → 404
2025-08-22 13:27:55,161 | INFO    | scraper.http         | Retrying with www-prefix: https://www.worldfertilizer.com
2025-08-22 13:27:55,367 | INFO    | scraper.http         | HTTP GET https://speedyfuels.co.uk → 200
2025-08-22 13:27:55,433 | INFO    | scraper.email_extractor |   0 emails on https://www.speedyfuels.co.uk/ (def from text)
2025-08-22 13:27:55,503 | INFO    | scraper.hybrid_email_extractor | JS fallback for https://www.speedyfuels.co.uk/
2025-08-22 13:27:55,505 | INFO    | scraper.http         | HTTP GET https://us.mitsuichemicals.com → 200
2025-08-22 13:27:55,541 | INFO    | scraper.email_extractor |   0 emails on https://us.mitsuichemicals.com/ (def from text)
2025-08-22 13:27:55,616 | INFO    | scraper.hybrid_email_extractor | JS fallback for https://us.mitsuichemicals.com/
2025-08-22 13:27:55,832 | INFO    | scraper.http         | HTTP GET https://eurodamjas.com → 200
2025-08-22 13:27:55,833 | INFO    | scraper.http         | HTTP HEAD https://synsol.ch/sitemap.xml → 200
2025-08-22 13:27:55,869 | INFO    | scraper.hybrid_email_extractor | Static pass found 1 emails in https://eurodamjas.com/
2025-08-22 13:27:55,923 | INFO    | scraper.email_extractor |   1 emails on https://www.worldfertilizer.com/ (def from text)
2025-08-22 13:27:55,938 | INFO    | scraper.hybrid_email_extractor | Static pass found 1 emails in https://www.worldfertilizer.com/
2025-08-22 13:27:55,938 | INFO    | scraper.http         | HTTP GET https://synsol.ch/sitemap.xml → 200
2025-08-22 13:27:55,939 | INFO    | scraper.sitemap      | Found sitemap via standard filenames: https://synsol.ch/sitemap.xml (0.95s)
2025-08-22 13:27:56,047 | INFO    | scraper.http         | HTTP HEAD https://www.worldfertilizer.com/sitemap.xml → 200
2025-08-22 13:27:56,126 | INFO    | scraper.http         | HTTP GET https://www.worldfertilizer.com/sitemap.xml → 200
2025-08-22 13:27:56,127 | INFO    | scraper.sitemap      | Found sitemap via standard filenames: https://www.worldfertilizer.com/sitemap.xml (0.19s)
2025-08-22 13:27:56,180 | INFO    | scraper.http         | HTTP GET https://synsol.ch/wp-sitemap-users-1.xml → 200
2025-08-22 13:27:56,230 | INFO    | scraper.http         | HTTP GET https://synsol.ch/wp-sitemap-posts-page-1.xml → 200
2025-08-22 13:27:56,320 | INFO    | scraper.http         | HTTP HEAD https://www.eurodamjas.com/sitemap.xml → 200
2025-08-22 13:27:56,457 | INFO    | scraper.http         | HTTP GET https://www.worldfertilizer.com/privacy/ → 200
2025-08-22 13:27:56,479 | INFO    | scraper.email_extractor |   2 emails on https://www.worldfertilizer.com/privacy/ (def from text)
2025-08-22 13:27:56,480 | INFO    | scraper.hybrid_email_extractor | Static pass found 2 on https://www.worldfertilizer.com/privacy/
2025-08-22 13:27:56,630 | INFO    | scraper.http         | HTTP GET https://www.worldfertilizer.com/tag/urea-news/ → 200
2025-08-22 13:27:56,649 | INFO    | scraper.email_extractor |   1 emails on https://www.worldfertilizer.com/tag/urea-news/ (def from text)
2025-08-22 13:27:56,650 | INFO    | scraper.http         | HTTP GET https://www.eurodamjas.com/sitemap.xml → 200
2025-08-22 13:27:56,650 | INFO    | scraper.hybrid_email_extractor | Static pass found 1 on https://www.worldfertilizer.com/tag/urea-news/
2025-08-22 13:27:56,650 | INFO    | scraper.sitemap      | Found sitemap via standard filenames: https://www.eurodamjas.com/sitemap.xml (0.78s)
2025-08-22 13:27:56,821 | INFO    | scraper.http         | HTTP GET https://synsol.ch/urea/ → 200
2025-08-22 13:27:56,845 | INFO    | scraper.email_extractor |   1 emails on https://synsol.ch/urea/ (def from text)
2025-08-22 13:27:56,846 | INFO    | scraper.hybrid_email_extractor | Static pass found 1 on https://synsol.ch/urea/
2025-08-22 13:27:56,931 | INFO    | scraper.http         | HTTP GET https://eurodamjas.com/wp-sitemap-posts-cspt-portfolio-1.xml → 200
2025-08-22 13:27:56,937 | INFO    | scraper.http         | HTTP GET https://www.worldfertilizer.com/nitrogen/11112022/yara-calls-for-action-to-secure-continued-supply-of-nitrogen-essentials-such-as-adblue/ → 200
2025-08-22 13:27:56,952 | INFO    | scraper.email_extractor |   1 emails on https://www.worldfertilizer.com/nitrogen/11112022/yara-calls-for-action-to-secure-continued-supply-of-nitrogen-essentials-such-as-adblue/ (def from text)
2025-08-22 13:27:56,952 | INFO    | scraper.hybrid_email_extractor | Static pass found 1 on https://www.worldfertilizer.com/nitrogen/11112022/yara-calls-for-action-to-secure-continued-supply-of-nitrogen-essentials-such-as-adblue/
2025-08-22 13:27:56,977 | INFO    | scraper.http         | HTTP GET https://eurodamjas.com/wp-sitemap-posts-cspt-service-1.xml → 200
2025-08-22 13:27:57,015 | INFO    | scraper.http         | HTTP GET https://eurodamjas.com/wp-sitemap-posts-page-1.xml → 200
2025-08-22 13:27:57,097 | INFO    | scraper.http         | HTTP GET https://eurodamjas.com/wp-sitemap-posts-cspt-team-member-1.xml → 200
2025-08-22 13:27:57,141 | INFO    | scraper.http         | HTTP GET https://eurodamjas.com/wp-sitemap-posts-cspt-testimonial-1.xml → 200
2025-08-22 13:27:57,187 | INFO    | scraper.http         | HTTP GET https://eurodamjas.com/wp-sitemap-taxonomies-category-1.xml → 200
2025-08-22 13:27:57,237 | INFO    | scraper.http         | HTTP GET https://synsol.ch/privacy-policy-of-synsol-ag/ → 200
2025-08-22 13:27:57,278 | INFO    | scraper.email_extractor |   0 emails on https://synsol.ch/privacy-policy-of-synsol-ag/ (def from text)
2025-08-22 13:27:57,280 | INFO    | scraper.http         | HTTP GET https://eurodamjas.com/wp-sitemap-taxonomies-cspt-portfolio-category-1.xml → 200
2025-08-22 13:27:57,280 | INFO    | scraper.http         | HTTP GET https://www.worldfertilizer.com/environment/11052022/fertilizers-europe-share-a-statement-on-the-application-of-the-eu-fertilizing-product-regulation/ → 200
2025-08-22 13:27:57,303 | INFO    | scraper.hybrid_email_extractor | Static pass found 0 on https://synsol.ch/privacy-policy-of-synsol-ag/
2025-08-22 13:27:57,306 | INFO    | scraper.http         | HTTP GET https://eurodamjas.com/wp-sitemap-users-1.xml → 200
2025-08-22 13:27:57,328 | INFO    | scraper.hybrid_email_extractor | JS fallback for https://synsol.ch/privacy-policy-of-synsol-ag/
2025-08-22 13:27:57,338 | INFO    | scraper.email_extractor |   1 emails on https://www.worldfertilizer.com/environment/11052022/fertilizers-europe-share-a-statement-on-the-application-of-the-eu-fertilizing-product-regulation/ (def from text)
2025-08-22 13:27:57,340 | INFO    | scraper.hybrid_email_extractor | Static pass found 1 on https://www.worldfertilizer.com/environment/11052022/fertilizers-europe-share-a-statement-on-the-application-of-the-eu-fertilizing-product-regulation/
2025-08-22 13:27:57,428 | INFO    | scraper.http         | HTTP GET https://www.worldfertilizer.com/contact/ → 200
2025-08-22 13:27:57,443 | INFO    | scraper.email_extractor |   1 emails on https://www.worldfertilizer.com/contact/ (def from text)
2025-08-22 13:27:57,443 | INFO    | scraper.hybrid_email_extractor | Static pass found 1 on https://www.worldfertilizer.com/contact/
2025-08-22 13:27:57,636 | INFO    | scraper.http         | HTTP GET https://bpetrol.it → 200
2025-08-22 13:27:57,695 | INFO    | scraper.email_extractor |   2 emails on https://www.bpetrol.it/ (def from text)
2025-08-22 13:27:57,696 | INFO    | scraper.hybrid_email_extractor | Static pass found 2 emails in https://www.bpetrol.it/
2025-08-22 13:27:57,716 | INFO    | scraper.http         | HTTP GET https://www.worldfertilizer.com/potash/25082022/verde-announces-strategic-sales-partnership-with-lavoro/ → 200
2025-08-22 13:27:57,728 | INFO    | scraper.email_extractor |   1 emails on https://www.worldfertilizer.com/potash/25082022/verde-announces-strategic-sales-partnership-with-lavoro/ (def from text)
2025-08-22 13:27:57,728 | INFO    | scraper.hybrid_email_extractor | Static pass found 1 on https://www.worldfertilizer.com/potash/25082022/verde-announces-strategic-sales-partnership-with-lavoro/
2025-08-22 13:27:57,976 | INFO    | scraper.http         | HTTP GET https://www.worldfertilizer.com/nitrogen/01022022/new-brunei-urea-melt-plant-begins-production/ → 200
2025-08-22 13:27:57,989 | INFO    | scraper.email_extractor |   1 emails on https://www.worldfertilizer.com/nitrogen/01022022/new-brunei-urea-melt-plant-begins-production/ (def from text)
2025-08-22 13:27:57,990 | INFO    | scraper.hybrid_email_extractor | Static pass found 1 on https://www.worldfertilizer.com/nitrogen/01022022/new-brunei-urea-melt-plant-begins-production/
2025-08-22 13:27:58,307 | INFO    | scraper.http         | HTTP GET https://www.worldfertilizer.com/project-news/02032023/kimre-celebrates-engineering-and-technical-sales-personnel/ → 200
2025-08-22 13:27:58,323 | INFO    | scraper.email_extractor |   1 emails on https://www.worldfertilizer.com/project-news/02032023/kimre-celebrates-engineering-and-technical-sales-personnel/ (def from text)
2025-08-22 13:27:58,323 | INFO    | scraper.hybrid_email_extractor | Static pass found 1 on https://www.worldfertilizer.com/project-news/02032023/kimre-celebrates-engineering-and-technical-sales-personnel/
2025-08-22 13:27:58,592 | INFO    | scraper.http         | HTTP HEAD https://bpetrol.it/sitemap.xml → 200
2025-08-22 13:27:58,663 | INFO    | scraper.http         | HTTP GET https://www.worldfertilizer.com/nitrogen/26062023/neurizer-announces-significant-milestone-in-the-approval-process-for-new-urea-project/ → 200
2025-08-22 13:27:58,678 | INFO    | scraper.email_extractor |   1 emails on https://www.worldfertilizer.com/nitrogen/26062023/neurizer-announces-significant-milestone-in-the-approval-process-for-new-urea-project/ (def from text)
2025-08-22 13:27:58,678 | INFO    | scraper.hybrid_email_extractor | Static pass found 1 on https://www.worldfertilizer.com/nitrogen/26062023/neurizer-announces-significant-milestone-in-the-approval-process-for-new-urea-project/
2025-08-22 13:27:58,983 | INFO    | scraper.http         | HTTP GET https://www.worldfertilizer.com/project-news/04022022/perdaman-urea-project-receives-government-financing/ → 200
2025-08-22 13:27:59,001 | INFO    | scraper.email_extractor |   1 emails on https://www.worldfertilizer.com/project-news/04022022/perdaman-urea-project-receives-government-financing/ (def from text)
2025-08-22 13:27:59,002 | INFO    | scraper.hybrid_email_extractor | Static pass found 1 on https://www.worldfertilizer.com/project-news/04022022/perdaman-urea-project-receives-government-financing/
2025-08-22 13:27:59,274 | INFO    | scraper.http         | HTTP GET https://www.worldfertilizer.com/phosphates/10052023/kropz-plc-provides-update-on-elandsfontein-phosphate-project-sales/ → 200
2025-08-22 13:27:59,284 | INFO    | scraper.email_extractor |   1 emails on https://www.worldfertilizer.com/phosphates/10052023/kropz-plc-provides-update-on-elandsfontein-phosphate-project-sales/ (def from text)
2025-08-22 13:27:59,284 | INFO    | scraper.hybrid_email_extractor | Static pass found 1 on https://www.worldfertilizer.com/phosphates/10052023/kropz-plc-provides-update-on-elandsfontein-phosphate-project-sales/
2025-08-22 13:27:59,382 | INFO    | scraper.http         | HTTP GET https://bpetrol.it/sitemap.xml → 200
2025-08-22 13:27:59,383 | INFO    | scraper.sitemap      | Found sitemap via standard filenames: https://bpetrol.it/sitemap.xml (1.69s)
2025-08-22 13:27:59,575 | INFO    | scraper.http         | HTTP GET https://www.bpetrol.it/page-sitemap.xml → 200
2025-08-22 13:27:59,690 | INFO    | scraper.http         | HTTP GET https://www.worldfertilizer.com/nitrogen/16032023/fitch-ratings-cuts-near-term-ammonia-urea-and-potash-fertiliser-price-assumptions/ → 200
2025-08-22 13:27:59,701 | INFO    | scraper.email_extractor |   1 emails on https://www.worldfertilizer.com/nitrogen/16032023/fitch-ratings-cuts-near-term-ammonia-urea-and-potash-fertiliser-price-assumptions/ (def from text)
2025-08-22 13:27:59,701 | INFO    | scraper.hybrid_email_extractor | Static pass found 1 on https://www.worldfertilizer.com/nitrogen/16032023/fitch-ratings-cuts-near-term-ammonia-urea-and-potash-fertiliser-price-assumptions/
2025-08-22 13:27:59,968 | INFO    | scraper.http         | HTTP GET https://www.bpetrol.it/3d-flip-book-sitemap.xml → 200
2025-08-22 13:28:00,005 | INFO    | scraper.http         | HTTP GET https://www.worldfertilizer.com/special-reports/20072023/the-grupa-azoty-group-successfully-passes-fertilizers-europe-audit-for-fertilizer-products/ → 200
2025-08-22 13:28:00,022 | INFO    | scraper.email_extractor |   1 emails on https://www.worldfertilizer.com/special-reports/20072023/the-grupa-azoty-group-successfully-passes-fertilizers-europe-audit-for-fertilizer-products/ (def from text)
2025-08-22 13:28:00,023 | INFO    | scraper.hybrid_email_extractor | Static pass found 1 on https://www.worldfertilizer.com/special-reports/20072023/the-grupa-azoty-group-successfully-passes-fertilizers-europe-audit-for-fertilizer-products/
2025-08-22 13:28:00,080 | INFO    | scraper.http         | HTTP GET https://www.bpetrol.it/category-sitemap.xml → 200
2025-08-22 13:28:00,155 | INFO    | scraper.http         | HTTP GET https://www.bpetrol.it/post_tag-sitemap.xml → 200
2025-08-22 13:28:00,243 | INFO    | scraper.http         | HTTP GET https://www.bpetrol.it/post-sitemap.xml → 200
2025-08-22 13:28:00,290 | INFO    | scraper.http         | HTTP GET https://www.worldfertilizer.com/project-news/06062022/kima-approves-amicable-settlement-with-technemont-regarding-ammonia-and-urea-project/ → 200
2025-08-22 13:28:00,306 | INFO    | scraper.email_extractor |   1 emails on https://www.worldfertilizer.com/project-news/06062022/kima-approves-amicable-settlement-with-technemont-regarding-ammonia-and-urea-project/ (def from text)
2025-08-22 13:28:00,307 | INFO    | scraper.hybrid_email_extractor | Static pass found 1 on https://www.worldfertilizer.com/project-news/06062022/kima-approves-amicable-settlement-with-technemont-regarding-ammonia-and-urea-project/
2025-08-22 13:28:00,561 | INFO    | scraper.http         | HTTP GET https://www.worldfertilizer.com/special-reports/04072022/cru-appoints-new-regional-director-of-sales-for-mena/ → 200
2025-08-22 13:28:00,580 | INFO    | scraper.email_extractor |   1 emails on https://www.worldfertilizer.com/special-reports/04072022/cru-appoints-new-regional-director-of-sales-for-mena/ (def from text)
2025-08-22 13:28:00,580 | INFO    | scraper.hybrid_email_extractor | Static pass found 1 on https://www.worldfertilizer.com/special-reports/04072022/cru-appoints-new-regional-director-of-sales-for-mena/
2025-08-22 13:28:00,846 | INFO    | scraper.http         | HTTP GET https://www.worldfertilizer.com/project-news/11112021/stamicarbon-delivers-high-pressure-stripper-and-pool-reactor-for-urea-plant-in-russia/ → 200
2025-08-22 13:28:00,863 | INFO    | scraper.email_extractor |   1 emails on https://www.worldfertilizer.com/project-news/11112021/stamicarbon-delivers-high-pressure-stripper-and-pool-reactor-for-urea-plant-in-russia/ (def from text)
2025-08-22 13:28:00,864 | INFO    | scraper.hybrid_email_extractor | Static pass found 1 on https://www.worldfertilizer.com/project-news/11112021/stamicarbon-delivers-high-pressure-stripper-and-pool-reactor-for-urea-plant-in-russia/
2025-08-22 13:28:01,139 | INFO    | scraper.http         | HTTP GET https://www.worldfertilizer.com/materials-handling/02082022/shiploader-for-fertilizer-and-granulated-urea-supplied-to-fertil-ruwais-terminal/ → 200
2025-08-22 13:28:01,154 | INFO    | scraper.email_extractor |   1 emails on https://www.worldfertilizer.com/materials-handling/02082022/shiploader-for-fertilizer-and-granulated-urea-supplied-to-fertil-ruwais-terminal/ (def from text)
2025-08-22 13:28:01,155 | INFO    | scraper.hybrid_email_extractor | Static pass found 1 on https://www.worldfertilizer.com/materials-handling/02082022/shiploader-for-fertilizer-and-granulated-urea-supplied-to-fertil-ruwais-terminal/
2025-08-22 13:28:01,200 | INFO    | scraper.http         | HTTP GET https://www.bpetrol.it/privacy-policy/ → 200
2025-08-22 13:28:01,229 | INFO    | scraper.email_extractor |   3 emails on https://www.bpetrol.it/privacy-policy/ (def from text)
2025-08-22 13:28:01,229 | INFO    | scraper.hybrid_email_extractor | Static pass found 3 on https://www.bpetrol.it/privacy-policy/
2025-08-22 13:28:01,229 | INFO    | scraper.orchestrator | Used sitemap for bpetrol.it
2025-08-22 13:28:01,229 | INFO    | scraper.orchestrator | ✓ Found 3 emails for petrol rete 
2025-08-22 13:28:01,417 | INFO    | scraper.http         | HTTP GET https://www.worldfertilizer.com/project-news/11112022/stamicarbon-selected-as-licensor-for-urea-project-in-china/ → 200
2025-08-22 13:28:01,438 | INFO    | scraper.email_extractor |   1 emails on https://www.worldfertilizer.com/project-news/11112022/stamicarbon-selected-as-licensor-for-urea-project-in-china/ (def from text)
2025-08-22 13:28:01,439 | INFO    | scraper.hybrid_email_extractor | Static pass found 1 on https://www.worldfertilizer.com/project-news/11112022/stamicarbon-selected-as-licensor-for-urea-project-in-china/
2025-08-22 13:28:01,721 | INFO    | scraper.http         | HTTP GET https://www.worldfertilizer.com/sulfur/10022022/itafos-resumes-sulfuric-acid-production-and-sales-at-arraias/ → 200
2025-08-22 13:28:01,735 | INFO    | scraper.email_extractor |   1 emails on https://www.worldfertilizer.com/sulfur/10022022/itafos-resumes-sulfuric-acid-production-and-sales-at-arraias/ (def from text)
2025-08-22 13:28:01,736 | INFO    | scraper.hybrid_email_extractor | Static pass found 1 on https://www.worldfertilizer.com/sulfur/10022022/itafos-resumes-sulfuric-acid-production-and-sales-at-arraias/
2025-08-22 13:28:02,025 | INFO    | scraper.http         | HTTP GET https://www.worldfertilizer.com/nitrogen/01092023/ypfb-to-deliver-2500-t-of-granulated-urea-to-cochabamba-granulated-fertilizers-plant/ → 200
2025-08-22 13:28:02,044 | INFO    | scraper.email_extractor |   1 emails on https://www.worldfertilizer.com/nitrogen/01092023/ypfb-to-deliver-2500-t-of-granulated-urea-to-cochabamba-granulated-fertilizers-plant/ (def from text)
2025-08-22 13:28:02,045 | INFO    | scraper.hybrid_email_extractor | Static pass found 1 on https://www.worldfertilizer.com/nitrogen/01092023/ypfb-to-deliver-2500-t-of-granulated-urea-to-cochabamba-granulated-fertilizers-plant/
2025-08-22 13:28:02,293 | INFO    | scraper.http         | HTTP GET https://www.worldfertilizer.com/project-news/08082022/maire-tecnimont-selected-as-urea-licensor-for-project-in-sub-saharan-africa/ → 200
2025-08-22 13:28:02,307 | INFO    | scraper.email_extractor |   1 emails on https://www.worldfertilizer.com/project-news/08082022/maire-tecnimont-selected-as-urea-licensor-for-project-in-sub-saharan-africa/ (def from text)
2025-08-22 13:28:02,307 | INFO    | scraper.hybrid_email_extractor | Static pass found 1 on https://www.worldfertilizer.com/project-news/08082022/maire-tecnimont-selected-as-urea-licensor-for-project-in-sub-saharan-africa/
2025-08-22 13:28:02,555 | INFO    | scraper.http         | HTTP GET https://www.worldfertilizer.com/project-news/19012022/stamicarbon-wins-licensing-and-equipment-supply-contract-for-two-urea-plants-in-china/ → 200
2025-08-22 13:28:02,569 | INFO    | scraper.email_extractor |   1 emails on https://www.worldfertilizer.com/project-news/19012022/stamicarbon-wins-licensing-and-equipment-supply-contract-for-two-urea-plants-in-china/ (def from text)
2025-08-22 13:28:02,569 | INFO    | scraper.hybrid_email_extractor | Static pass found 1 on https://www.worldfertilizer.com/project-news/19012022/stamicarbon-wins-licensing-and-equipment-supply-contract-for-two-urea-plants-in-china/
2025-08-22 13:28:02,831 | INFO    | scraper.http         | HTTP GET https://www.worldfertilizer.com/nitrogen/26012023/tcnicas-reunidas-selected-as-contractor-to-develop-new-ammonium-urea-nitric-acid-and-ammonium-nitrate-complex/ → 200
2025-08-22 13:28:02,845 | INFO    | scraper.email_extractor |   1 emails on https://www.worldfertilizer.com/nitrogen/26012023/tcnicas-reunidas-selected-as-contractor-to-develop-new-ammonium-urea-nitric-acid-and-ammonium-nitrate-complex/ (def from text)
2025-08-22 13:28:02,845 | INFO    | scraper.hybrid_email_extractor | Static pass found 1 on https://www.worldfertilizer.com/nitrogen/26012023/tcnicas-reunidas-selected-as-contractor-to-develop-new-ammonium-urea-nitric-acid-and-ammonium-nitrate-complex/
2025-08-22 13:28:03,121 | INFO    | scraper.http         | HTTP GET https://www.worldfertilizer.com/project-news/28042022/stamicarbon-is-selected-as-urea-licensor-for-neurizers-project-in-australia/ → 200
2025-08-22 13:28:03,141 | INFO    | scraper.email_extractor |   1 emails on https://www.worldfertilizer.com/project-news/28042022/stamicarbon-is-selected-as-urea-licensor-for-neurizers-project-in-australia/ (def from text)
2025-08-22 13:28:03,141 | INFO    | scraper.hybrid_email_extractor | Static pass found 1 on https://www.worldfertilizer.com/project-news/28042022/stamicarbon-is-selected-as-urea-licensor-for-neurizers-project-in-australia/
2025-08-22 13:28:03,433 | INFO    | scraper.email_extractor |   0 emails on https://www.daf.com/en/sites-landing (def from text)
2025-08-22 13:28:03,480 | INFO    | scraper.http         | HTTP GET https://www.worldfertilizer.com/project-news/10052023/construction-of-perdaman-chemicals-fertilisers-urea-plant-begins/ → 200
2025-08-22 13:28:03,496 | INFO    | scraper.email_extractor |   1 emails on https://www.worldfertilizer.com/project-news/10052023/construction-of-perdaman-chemicals-fertilisers-urea-plant-begins/ (def from text)
2025-08-22 13:28:03,496 | INFO    | scraper.hybrid_email_extractor | Static pass found 1 on https://www.worldfertilizer.com/project-news/10052023/construction-of-perdaman-chemicals-fertilisers-urea-plant-begins/
2025-08-22 13:28:03,774 | INFO    | scraper.http         | HTTP HEAD https://daf.com/sitemap.xml → 200
2025-08-22 13:28:03,780 | INFO    | scraper.http         | HTTP GET https://www.worldfertilizer.com/nitrogen/15122021/most-of-yaras-european-ammonia-production-back-on-stream/ → 200
2025-08-22 13:28:03,797 | INFO    | scraper.email_extractor |   1 emails on https://www.worldfertilizer.com/nitrogen/15122021/most-of-yaras-european-ammonia-production-back-on-stream/ (def from text)
2025-08-22 13:28:03,798 | INFO    | scraper.hybrid_email_extractor | Static pass found 1 on https://www.worldfertilizer.com/nitrogen/15122021/most-of-yaras-european-ammonia-production-back-on-stream/
2025-08-22 13:28:03,816 | INFO    | scraper.http         | HTTP GET https://daf.com/sitemap.xml → 200
2025-08-22 13:28:03,816 | INFO    | scraper.sitemap      | Found sitemap via standard filenames: https://daf.com/sitemap.xml (0.34s)
2025-08-22 13:28:03,841 | INFO    | scraper.http         | HTTP GET https://www.daf.com/en/sitemap.xml → 200
2025-08-22 13:28:03,920 | INFO    | scraper.http         | HTTP GET https://www.daf.com/nl-nl/sitemap.xml → 200
2025-08-22 13:28:04,064 | INFO    | scraper.http         | HTTP GET https://www.worldfertilizer.com/project-news/01122021/stamicarbon-provides-carbamate-condenser-for-ammonia-stripping-urea-plant/ → 200
2025-08-22 13:28:04,086 | INFO    | scraper.email_extractor |   1 emails on https://www.worldfertilizer.com/project-news/01122021/stamicarbon-provides-carbamate-condenser-for-ammonia-stripping-urea-plant/ (def from text)
2025-08-22 13:28:04,087 | INFO    | scraper.hybrid_email_extractor | Static pass found 1 on https://www.worldfertilizer.com/project-news/01122021/stamicarbon-provides-carbamate-condenser-for-ammonia-stripping-urea-plant/
2025-08-22 13:28:04,263 | INFO    | scraper.http         | HTTP GET https://www.daf.com/en/about-daf/sustainability/environment-emission-reduction/sustainable-transport-solutions/alternative-fuels-and-drivelines → 200
2025-08-22 13:28:04,300 | INFO    | scraper.email_extractor |   0 emails on https://www.daf.com/en/about-daf/sustainability/environment-emission-reduction/sustainable-transport-solutions/alternative-fuels-and-drivelines (def from text)
2025-08-22 13:28:04,331 | INFO    | scraper.hybrid_email_extractor | Static pass found 0 on https://www.daf.com/en/about-daf/sustainability/environment-emission-reduction/sustainable-transport-solutions/alternative-fuels-and-drivelines
2025-08-22 13:28:04,331 | INFO    | scraper.hybrid_email_extractor | JS fallback for https://www.daf.com/en/about-daf/sustainability/environment-emission-reduction/sustainable-transport-solutions/alternative-fuels-and-drivelines
2025-08-22 13:28:04,369 | INFO    | scraper.http         | HTTP GET https://www.worldfertilizer.com/project-news/02032023/new-survey-suggests-strong-european-consumer-demand-for-sustainable-food/ → 200
2025-08-22 13:28:04,386 | INFO    | scraper.email_extractor |   1 emails on https://www.worldfertilizer.com/project-news/02032023/new-survey-suggests-strong-european-consumer-demand-for-sustainable-food/ (def from text)
2025-08-22 13:28:04,386 | INFO    | scraper.hybrid_email_extractor | Static pass found 1 on https://www.worldfertilizer.com/project-news/02032023/new-survey-suggests-strong-european-consumer-demand-for-sustainable-food/
2025-08-22 13:28:04,631 | INFO    | scraper.http         | HTTP GET https://www.worldfertilizer.com/project-news/02022022/strike-energys-urea-fertilizer-project-given-major-project-status/ → 200
2025-08-22 13:28:04,645 | INFO    | scraper.email_extractor |   1 emails on https://www.worldfertilizer.com/project-news/02022022/strike-energys-urea-fertilizer-project-given-major-project-status/ (def from text)
2025-08-22 13:28:04,645 | INFO    | scraper.hybrid_email_extractor | Static pass found 1 on https://www.worldfertilizer.com/project-news/02022022/strike-energys-urea-fertilizer-project-given-major-project-status/
2025-08-22 13:28:04,904 | INFO    | scraper.http         | HTTP GET https://www.worldfertilizer.com/project-news/13012022/operator-training-simulator-to-train-operators-at-gemlik-urea-melt-and-granulation-plant/ → 200
2025-08-22 13:28:04,919 | INFO    | scraper.email_extractor |   1 emails on https://www.worldfertilizer.com/project-news/13012022/operator-training-simulator-to-train-operators-at-gemlik-urea-melt-and-granulation-plant/ (def from text)
2025-08-22 13:28:04,919 | INFO    | scraper.hybrid_email_extractor | Static pass found 1 on https://www.worldfertilizer.com/project-news/13012022/operator-training-simulator-to-train-operators-at-gemlik-urea-melt-and-granulation-plant/
2025-08-22 13:28:04,919 | INFO    | scraper.orchestrator | Used sitemap for worldfertilizer.com
2025-08-22 13:28:04,920 | INFO    | scraper.orchestrator | ✓ Found 2 emails for henan xinlianxin fertilizer 
2025-08-22 13:28:05,474 | INFO    | scraper.email_extractor |   0 emails on https://www.speedyfuels.co.uk/ (def from text)
2025-08-22 13:28:06,527 | INFO    | scraper.http         | HTTP HEAD https://speedyfuels.co.uk/sitemap.xml → 200
2025-08-22 13:28:07,294 | INFO    | scraper.http         | HTTP GET https://speedyfuels.co.uk/sitemap.xml → 200
2025-08-22 13:28:07,294 | INFO    | scraper.sitemap      | Found sitemap via standard filenames: https://speedyfuels.co.uk/sitemap.xml (1.79s)
2025-08-22 13:28:07,693 | INFO    | scraper.email_extractor |   0 emails on https://us.mitsuichemicals.com/ (def from text)
2025-08-22 13:28:08,045 | INFO    | scraper.http         | HTTP GET https://www.speedyfuels.co.uk/post-sitemap.xml → 200
2025-08-22 13:28:08,062 | INFO    | scraper.http         | HTTP HEAD https://us.mitsuichemicals.com/sitemap.xml → 200
2025-08-22 13:28:08,313 | INFO    | scraper.http         | HTTP GET https://us.mitsuichemicals.com/sitemap.xml → 200
2025-08-22 13:28:08,313 | INFO    | scraper.sitemap      | Found sitemap via standard filenames: https://us.mitsuichemicals.com/sitemap.xml (0.56s)
2025-08-22 13:28:08,672 | INFO    | scraper.http         | HTTP GET https://www.speedyfuels.co.uk/page-sitemap.xml → 200
2025-08-22 13:28:08,714 | INFO    | scraper.email_extractor |   0 emails on https://synsol.ch/privacy-policy-of-synsol-ag/ (def from text)
2025-08-22 13:28:08,731 | INFO    | scraper.orchestrator | Used sitemap for synsol.ch
2025-08-22 13:28:08,732 | INFO    | scraper.orchestrator | ✓ Found 1 emails for Synsol
2025-08-22 13:28:08,844 | INFO    | scraper.http         | HTTP GET https://www.speedyfuels.co.uk/commercial-fuel-suppliers-uk/ → 200
2025-08-22 13:28:09,021 | INFO    | scraper.email_extractor |   0 emails on https://www.speedyfuels.co.uk/commercial-fuel-suppliers-uk/ (def from text)
2025-08-22 13:28:09,022 | INFO    | scraper.http         | HTTP GET https://us.mitsuichemicals.com/contact/index.htm → 200
2025-08-22 13:28:09,074 | INFO    | scraper.hybrid_email_extractor | Static pass found 0 on https://www.speedyfuels.co.uk/commercial-fuel-suppliers-uk/
2025-08-22 13:28:09,085 | INFO    | scraper.email_extractor |   0 emails on https://us.mitsuichemicals.com/contact/index.htm (def from text)
2025-08-22 13:28:09,085 | INFO    | scraper.hybrid_email_extractor | JS fallback for https://www.speedyfuels.co.uk/commercial-fuel-suppliers-uk/
2025-08-22 13:28:09,106 | INFO    | scraper.hybrid_email_extractor | Static pass found 0 on https://us.mitsuichemicals.com/contact/index.htm
2025-08-22 13:28:09,107 | INFO    | scraper.hybrid_email_extractor | JS fallback for https://us.mitsuichemicals.com/contact/index.htm
2025-08-22 13:28:10,182 | INFO    | scraper.email_extractor |   0 emails on https://www.daf.com/en/about-daf/sustainability/environment-emission-reduction/sustainable-transport-solutions/alternative-fuels-and-drivelines (def from text)
2025-08-22 13:28:10,482 | INFO    | scraper.http         | HTTP GET https://www.daf.com/en/about-daf/sustainability/environment-circularity/circular-products → 200
2025-08-22 13:28:10,516 | INFO    | scraper.email_extractor |   0 emails on https://www.daf.com/en/about-daf/sustainability/environment-circularity/circular-products (def from text)
2025-08-22 13:28:10,549 | INFO    | scraper.hybrid_email_extractor | Static pass found 0 on https://www.daf.com/en/about-daf/sustainability/environment-circularity/circular-products
2025-08-22 13:28:10,549 | INFO    | scraper.hybrid_email_extractor | JS fallback for https://www.daf.com/en/about-daf/sustainability/environment-circularity/circular-products
2025-08-22 13:28:11,727 | INFO    | scraper.email_extractor |   0 emails on https://www.speedyfuels.co.uk/commercial-fuel-suppliers-uk/ (def from text)
2025-08-22 13:28:11,857 | INFO    | scraper.http         | HTTP GET https://www.speedyfuels.co.uk/contact-us/ → 200
2025-08-22 13:28:11,883 | INFO    | scraper.hybrid_email_extractor | Static pass found 1 on https://www.speedyfuels.co.uk/contact-us/
2025-08-22 13:28:12,513 | INFO    | scraper.http         | HTTP GET https://www.speedyfuels.co.uk/about-us/ → 200
2025-08-22 13:28:12,569 | INFO    | scraper.email_extractor |   0 emails on https://www.speedyfuels.co.uk/about-us/ (def from text)
2025-08-22 13:28:12,597 | INFO    | scraper.hybrid_email_extractor | Static pass found 0 on https://www.speedyfuels.co.uk/about-us/
2025-08-22 13:28:12,599 | INFO    | scraper.hybrid_email_extractor | JS fallback for https://www.speedyfuels.co.uk/about-us/
2025-08-22 13:28:13,487 | INFO    | scraper.email_extractor |   0 emails on https://us.mitsuichemicals.com/contact/index.htm (def from text)
2025-08-22 13:28:13,785 | INFO    | scraper.http         | HTTP GET https://us.mitsuichemicals.com/siteinfo/privacy/index.htm → 200
2025-08-22 13:28:13,854 | INFO    | scraper.email_extractor |   0 emails on https://us.mitsuichemicals.com/siteinfo/privacy/index.htm (def from text)
2025-08-22 13:28:13,903 | INFO    | scraper.hybrid_email_extractor | Static pass found 0 on https://us.mitsuichemicals.com/siteinfo/privacy/index.htm
2025-08-22 13:28:13,903 | INFO    | scraper.hybrid_email_extractor | JS fallback for https://us.mitsuichemicals.com/siteinfo/privacy/index.htm
2025-08-22 13:28:14,464 | INFO    | scraper.http         | HTTP GET https://walter-schmidt-chemie.de → 200
2025-08-22 13:28:14,514 | INFO    | scraper.email_extractor |   0 emails on https://www.walter-schmidt-chemie.de/ (def from text)
2025-08-22 13:28:14,576 | INFO    | scraper.hybrid_email_extractor | JS fallback for https://www.walter-schmidt-chemie.de/
2025-08-22 13:28:15,741 | INFO    | scraper.email_extractor |   0 emails on https://www.daf.com/en/about-daf/sustainability/environment-circularity/circular-products (def from text)
2025-08-22 13:28:16,343 | INFO    | scraper.http         | HTTP GET https://www.daf.com/en/about-daf/sustainability/environment-emission-reduction/sustainable-production-facilities- → 200
2025-08-22 13:28:16,422 | INFO    | scraper.email_extractor |   0 emails on https://www.daf.com/en/about-daf/sustainability/environment-emission-reduction/sustainable-production-facilities- (def from text)
2025-08-22 13:28:16,481 | INFO    | scraper.hybrid_email_extractor | Static pass found 0 on https://www.daf.com/en/about-daf/sustainability/environment-emission-reduction/sustainable-production-facilities-
2025-08-22 13:28:16,481 | INFO    | scraper.hybrid_email_extractor | JS fallback for https://www.daf.com/en/about-daf/sustainability/environment-emission-reduction/sustainable-production-facilities-
2025-08-22 13:28:17,432 | INFO    | scraper.email_extractor |   0 emails on https://www.speedyfuels.co.uk/about-us/ (def from text)
2025-08-22 13:28:17,684 | INFO    | scraper.http         | HTTP GET https://www.speedyfuels.co.uk/news/advice-on-finding-fuel-suppliers-in-the-uk/ → 200
2025-08-22 13:28:17,777 | INFO    | scraper.email_extractor |   0 emails on https://www.speedyfuels.co.uk/news/advice-on-finding-fuel-suppliers-in-the-uk/ (def from text)
2025-08-22 13:28:17,818 | INFO    | scraper.hybrid_email_extractor | Static pass found 0 on https://www.speedyfuels.co.uk/news/advice-on-finding-fuel-suppliers-in-the-uk/
2025-08-22 13:28:17,819 | INFO    | scraper.hybrid_email_extractor | JS fallback for https://www.speedyfuels.co.uk/news/advice-on-finding-fuel-suppliers-in-the-uk/
2025-08-22 13:28:19,324 | INFO    | scraper.email_extractor |   0 emails on https://us.mitsuichemicals.com/siteinfo/privacy/index.htm (def from text)
2025-08-22 13:28:19,500 | INFO    | scraper.orchestrator | Used sitemap for us.mitsuichemicals.com
2025-08-22 13:28:19,500 | INFO    | scraper.orchestrator | No emails found in sitemap, attempting fallback crawl: us.mitsuichemicals.com
2025-08-22 13:28:19,500 | INFO    | scraper.crawler      | Start crawl us.mitsuichemicals.com (limit=30, timeout=60s, workers=16)
2025-08-22 13:28:19,744 | INFO    | scraper.http         | HTTP GET https://us.mitsuichemicals.com/ → 200
2025-08-22 13:28:19,809 | INFO    | scraper.email_extractor |   0 emails on https://us.mitsuichemicals.com/ (def from text)
2025-08-22 13:28:20,142 | INFO    | scraper.http         | HTTP GET https://us.mitsuichemicals.com/index.htm → 200
2025-08-22 13:28:20,231 | INFO    | scraper.email_extractor |   0 emails on https://us.mitsuichemicals.com/index.htm (def from text)
2025-08-22 13:28:20,286 | INFO    | scraper.hybrid_email_extractor | JS fallback for https://us.mitsuichemicals.com/index.htm
2025-08-22 13:28:20,976 | INFO    | scraper.email_extractor |   0 emails on https://www.walter-schmidt-chemie.de/ (def from text)
2025-08-22 13:28:23,590 | INFO    | scraper.email_extractor |   0 emails on https://www.daf.com/en/about-daf/sustainability/environment-emission-reduction/sustainable-production-facilities- (def from text)
2025-08-22 13:28:24,084 | INFO    | scraper.http         | HTTP GET https://www.daf.com/en/about-daf/sustainability/daf-environmental-policy → 200
2025-08-22 13:28:24,126 | INFO    | scraper.email_extractor |   0 emails on https://www.daf.com/en/about-daf/sustainability/daf-environmental-policy (def from text)
2025-08-22 13:28:24,190 | INFO    | scraper.hybrid_email_extractor | Static pass found 0 on https://www.daf.com/en/about-daf/sustainability/daf-environmental-policy
2025-08-22 13:28:24,191 | INFO    | scraper.hybrid_email_extractor | JS fallback for https://www.daf.com/en/about-daf/sustainability/daf-environmental-policy
2025-08-22 13:28:24,586 | INFO    | scraper.http         | HTTP HEAD https://www.walter-schmidt-chemie.de/sitemap.xml → 200
2025-08-22 13:28:25,259 | INFO    | scraper.email_extractor |   0 emails on https://www.speedyfuels.co.uk/news/advice-on-finding-fuel-suppliers-in-the-uk/ (def from text)
2025-08-22 13:28:25,490 | INFO    | scraper.http         | HTTP GET https://www.speedyfuels.co.uk/privacy-policy/ → 200
2025-08-22 13:28:25,549 | INFO    | scraper.hybrid_email_extractor | Static pass found 1 on https://www.speedyfuels.co.uk/privacy-policy/
2025-08-22 13:28:25,606 | INFO    | scraper.http         | HTTP GET https://www.speedyfuels.co.uk/news/how-to-look-after-your-adblue-storage-tanks/ → 200
2025-08-22 13:28:25,741 | INFO    | scraper.email_extractor |   0 emails on https://www.speedyfuels.co.uk/news/how-to-look-after-your-adblue-storage-tanks/ (def from text)
2025-08-22 13:28:25,809 | INFO    | scraper.hybrid_email_extractor | Static pass found 0 on https://www.speedyfuels.co.uk/news/how-to-look-after-your-adblue-storage-tanks/
2025-08-22 13:28:25,810 | INFO    | scraper.hybrid_email_extractor | JS fallback for https://www.speedyfuels.co.uk/news/how-to-look-after-your-adblue-storage-tanks/
2025-08-22 13:28:26,137 | INFO    | scraper.http         | Retrying with www-prefix: https://www.bluetech00.gobizkorea.com
2025-08-22 13:28:27,151 | WARNING | scraper.http         | www-prefix retry failed for https://www.bluetech00.gobizkorea.com: HTTPSConnectionPool(host='www.bluetech00.gobizkorea.com', port=443): Max retries exceeded with url: / (Caused by NameResolutionError("<urllib3.connection.HTTPSConnection object at 0x000001EBDDF6E990>: Failed to resolve 'www.bluetech00.gobizkorea.com' ([Errno 11001] getaddrinfo failed)"))
2025-08-22 13:28:27,151 | INFO    | scraper.http         | Retrying with HTTP: http://bluetech00.gobizkorea.com
2025-08-22 13:28:27,747 | INFO    | scraper.email_extractor |   0 emails on https://us.mitsuichemicals.com/index.htm (def from text)
2025-08-22 13:28:28,079 | INFO    | scraper.http         | HTTP GET https://us.mitsuichemicals.com/contact/index.htm → 200
2025-08-22 13:28:28,106 | INFO    | scraper.email_extractor |   0 emails on https://us.mitsuichemicals.com/contact/index.htm (def from text)
2025-08-22 13:28:28,430 | INFO    | scraper.http         | HTTP GET https://www.walter-schmidt-chemie.de/sitemap.xml → 200
2025-08-22 13:28:28,431 | INFO    | scraper.sitemap      | Found sitemap via standard filenames: https://www.walter-schmidt-chemie.de/sitemap.xml (7.44s)
2025-08-22 13:28:28,440 | INFO    | scraper.http         | HTTP GET https://us.mitsuichemicals.com/corporate/index.htm → 200
2025-08-22 13:28:28,498 | INFO    | scraper.email_extractor |   0 emails on https://us.mitsuichemicals.com/corporate/index.htm (def from text)
2025-08-22 13:28:28,540 | INFO    | scraper.hybrid_email_extractor | JS fallback for https://us.mitsuichemicals.com/corporate/index.htm
2025-08-22 13:28:29,007 | INFO    | scraper.http         | HTTP GET https://www.walter-schmidt-chemie.de/kontakt/inhaltsverzeichnis.html → 200
2025-08-22 13:28:29,075 | INFO    | scraper.email_extractor |   0 emails on https://www.walter-schmidt-chemie.de/kontakt/inhaltsverzeichnis.html (def from text)
2025-08-22 13:28:29,116 | INFO    | scraper.hybrid_email_extractor | Static pass found 0 on https://www.walter-schmidt-chemie.de/kontakt/inhaltsverzeichnis.html
2025-08-22 13:28:29,117 | INFO    | scraper.hybrid_email_extractor | JS fallback for https://www.walter-schmidt-chemie.de/kontakt/inhaltsverzeichnis.html
2025-08-22 13:28:29,776 | INFO    | scraper.email_extractor |   0 emails on https://www.daf.com/en/about-daf/sustainability/daf-environmental-policy (def from text)
2025-08-22 13:28:30,026 | INFO    | scraper.http         | HTTP GET https://www.daf.com/en/about-daf/facts-and-figures → 200
2025-08-22 13:28:30,088 | INFO    | scraper.email_extractor |   0 emails on https://www.daf.com/en/about-daf/facts-and-figures (def from text)
2025-08-22 13:28:30,180 | INFO    | scraper.hybrid_email_extractor | Static pass found 0 on https://www.daf.com/en/about-daf/facts-and-figures
2025-08-22 13:28:30,180 | INFO    | scraper.hybrid_email_extractor | JS fallback for https://www.daf.com/en/about-daf/facts-and-figures
2025-08-22 13:28:31,593 | INFO    | scraper.email_extractor |   0 emails on https://www.speedyfuels.co.uk/news/how-to-look-after-your-adblue-storage-tanks/ (def from text)
2025-08-22 13:28:32,428 | INFO    | scraper.http         | HTTP GET https://www.speedyfuels.co.uk/products/adblue/ → 200
2025-08-22 13:28:32,565 | INFO    | scraper.email_extractor |   0 emails on https://www.speedyfuels.co.uk/products/adblue/ (def from text)
2025-08-22 13:28:32,626 | INFO    | scraper.hybrid_email_extractor | Static pass found 0 on https://www.speedyfuels.co.uk/products/adblue/
2025-08-22 13:28:32,627 | INFO    | scraper.hybrid_email_extractor | JS fallback for https://www.speedyfuels.co.uk/products/adblue/
2025-08-22 13:28:34,378 | INFO    | scraper.email_extractor |   0 emails on https://us.mitsuichemicals.com/corporate/index.htm (def from text)
2025-08-22 13:28:35,154 | INFO    | scraper.http         | HTTP GET https://us.mitsuichemicals.com/corporate/overview/index.htm → 200
2025-08-22 13:28:35,250 | INFO    | scraper.email_extractor |   0 emails on https://us.mitsuichemicals.com/corporate/overview/index.htm (def from text)
2025-08-22 13:28:35,312 | INFO    | scraper.hybrid_email_extractor | JS fallback for https://us.mitsuichemicals.com/corporate/overview/index.htm
2025-08-22 13:28:35,861 | INFO    | scraper.email_extractor |   0 emails on https://www.walter-schmidt-chemie.de/kontakt/inhaltsverzeichnis.html (def from text)
2025-08-22 13:28:37,277 | INFO    | scraper.http         | HTTP GET https://www.walter-schmidt-chemie.de/kontakt/kontaktformular/formhandler.html → 200
2025-08-22 13:28:37,287 | INFO    | scraper.email_extractor |   0 emails on https://www.walter-schmidt-chemie.de/kontakt/kontaktformular/formhandler.html (def from text)
2025-08-22 13:28:37,297 | INFO    | scraper.hybrid_email_extractor | Static pass found 0 on https://www.walter-schmidt-chemie.de/kontakt/kontaktformular/formhandler.html
2025-08-22 13:28:37,297 | INFO    | scraper.hybrid_email_extractor | JS fallback for https://www.walter-schmidt-chemie.de/kontakt/kontaktformular/formhandler.html
2025-08-22 13:28:37,516 | INFO    | scraper.email_extractor |   0 emails on https://www.daf.com/en/about-daf/facts-and-figures (def from text)
2025-08-22 13:28:38,592 | INFO    | scraper.http         | HTTP GET https://www.daf.com/en/about-daf/sustainability/care-for-people → 200
2025-08-22 13:28:38,639 | INFO    | scraper.email_extractor |   0 emails on https://www.daf.com/en/about-daf/sustainability/care-for-people (def from text)
2025-08-22 13:28:38,681 | INFO    | scraper.hybrid_email_extractor | Static pass found 0 on https://www.daf.com/en/about-daf/sustainability/care-for-people
2025-08-22 13:28:38,681 | INFO    | scraper.hybrid_email_extractor | JS fallback for https://www.daf.com/en/about-daf/sustainability/care-for-people
2025-08-22 13:28:39,154 | INFO    | scraper.email_extractor |   0 emails on https://www.speedyfuels.co.uk/products/adblue/ (def from text)
2025-08-22 13:28:39,846 | INFO    | scraper.http         | HTTP GET https://www.speedyfuels.co.uk/news/common-misconceptions-about-hvo/ → 200
2025-08-22 13:28:39,932 | INFO    | scraper.email_extractor |   0 emails on https://www.speedyfuels.co.uk/news/common-misconceptions-about-hvo/ (def from text)
2025-08-22 13:28:39,968 | INFO    | scraper.hybrid_email_extractor | Static pass found 0 on https://www.speedyfuels.co.uk/news/common-misconceptions-about-hvo/
2025-08-22 13:28:39,968 | INFO    | scraper.hybrid_email_extractor | JS fallback for https://www.speedyfuels.co.uk/news/common-misconceptions-about-hvo/
2025-08-22 13:28:40,907 | INFO    | scraper.email_extractor |   0 emails on https://us.mitsuichemicals.com/corporate/overview/index.htm (def from text)
2025-08-22 13:28:41,665 | INFO    | scraper.http         | HTTP GET https://us.mitsuichemicals.com/corporate/america/company_locations/index.htm → 200
2025-08-22 13:28:41,687 | INFO    | scraper.email_extractor |   0 emails on https://us.mitsuichemicals.com/corporate/america/company_locations/index.htm (def from text)
2025-08-22 13:28:41,706 | INFO    | scraper.hybrid_email_extractor | JS fallback for https://us.mitsuichemicals.com/corporate/america/company_locations/index.htm
2025-08-22 13:28:42,932 | INFO    | scraper.email_extractor |   0 emails on https://www.walter-schmidt-chemie.de/kontakt/kontaktformular/formhandler.html (def from text)
2025-08-22 13:28:43,197 | INFO    | scraper.http         | HTTP GET https://www.walter-schmidt-chemie.de/kontakt/kontaktformular/nachricht-erfolgreich-versandt.html → 200
2025-08-22 13:28:43,207 | INFO    | scraper.email_extractor |   0 emails on https://www.walter-schmidt-chemie.de/kontakt/kontaktformular/nachricht-erfolgreich-versandt.html (def from text)
2025-08-22 13:28:43,216 | INFO    | scraper.hybrid_email_extractor | Static pass found 0 on https://www.walter-schmidt-chemie.de/kontakt/kontaktformular/nachricht-erfolgreich-versandt.html
2025-08-22 13:28:43,217 | INFO    | scraper.hybrid_email_extractor | JS fallback for https://www.walter-schmidt-chemie.de/kontakt/kontaktformular/nachricht-erfolgreich-versandt.html
2025-08-22 13:28:44,759 | INFO    | scraper.email_extractor |   0 emails on https://www.daf.com/en/about-daf/sustainability/care-for-people (def from text)
2025-08-22 13:28:45,140 | INFO    | scraper.http         | HTTP GET https://www.daf.com/en/about-daf/sustainability/environment-circularity/circular-processes → 200
2025-08-22 13:28:45,184 | INFO    | scraper.email_extractor |   0 emails on https://www.daf.com/en/about-daf/sustainability/environment-circularity/circular-processes (def from text)
2025-08-22 13:28:45,224 | INFO    | scraper.hybrid_email_extractor | Static pass found 0 on https://www.daf.com/en/about-daf/sustainability/environment-circularity/circular-processes
2025-08-22 13:28:45,225 | INFO    | scraper.hybrid_email_extractor | JS fallback for https://www.daf.com/en/about-daf/sustainability/environment-circularity/circular-processes
2025-08-22 13:28:46,241 | INFO    | scraper.email_extractor |   0 emails on https://www.speedyfuels.co.uk/news/common-misconceptions-about-hvo/ (def from text)
2025-08-22 13:28:46,456 | INFO    | scraper.http         | HTTP GET https://www.speedyfuels.co.uk/guides/adblue-guide/ → 200
2025-08-22 13:28:46,523 | INFO    | scraper.email_extractor |   0 emails on https://www.speedyfuels.co.uk/guides/adblue-guide/ (def from text)
2025-08-22 13:28:46,551 | INFO    | scraper.hybrid_email_extractor | Static pass found 0 on https://www.speedyfuels.co.uk/guides/adblue-guide/
2025-08-22 13:28:46,551 | INFO    | scraper.hybrid_email_extractor | JS fallback for https://www.speedyfuels.co.uk/guides/adblue-guide/
2025-08-22 13:28:48,018 | INFO    | scraper.email_extractor |   0 emails on https://us.mitsuichemicals.com/corporate/america/company_locations/index.htm (def from text)
2025-08-22 13:28:48,741 | INFO    | scraper.http         | HTTP GET https://us.mitsuichemicals.com/corporate/legacy/index.htm → 200
2025-08-22 13:28:48,771 | INFO    | scraper.email_extractor |   0 emails on https://us.mitsuichemicals.com/corporate/legacy/index.htm (def from text)
2025-08-22 13:28:48,797 | INFO    | scraper.hybrid_email_extractor | JS fallback for https://us.mitsuichemicals.com/corporate/legacy/index.htm
2025-08-22 13:28:49,369 | INFO    | scraper.email_extractor |   0 emails on https://www.walter-schmidt-chemie.de/kontakt/kontaktformular/nachricht-erfolgreich-versandt.html (def from text)
2025-08-22 13:28:49,608 | INFO    | scraper.http         | HTTP GET https://www.walter-schmidt-chemie.de/produkte/adblue/adblue.html → 200
2025-08-22 13:28:49,619 | INFO    | scraper.email_extractor |   0 emails on https://www.walter-schmidt-chemie.de/produkte/adblue/adblue.html (def from text)
2025-08-22 13:28:49,631 | INFO    | scraper.hybrid_email_extractor | Static pass found 0 on https://www.walter-schmidt-chemie.de/produkte/adblue/adblue.html
2025-08-22 13:28:49,632 | INFO    | scraper.hybrid_email_extractor | JS fallback for https://www.walter-schmidt-chemie.de/produkte/adblue/adblue.html
2025-08-22 13:28:51,950 | INFO    | scraper.email_extractor |   0 emails on https://www.daf.com/en/about-daf/sustainability/environment-circularity/circular-processes (def from text)
2025-08-22 13:28:52,264 | INFO    | scraper.http         | HTTP GET https://www.daf.com/en/contact → 200
2025-08-22 13:28:52,319 | INFO    | scraper.email_extractor |   0 emails on https://www.daf.com/en/contact (def from text)
2025-08-22 13:28:52,372 | INFO    | scraper.hybrid_email_extractor | Static pass found 0 on https://www.daf.com/en/contact
2025-08-22 13:28:52,372 | INFO    | scraper.hybrid_email_extractor | JS fallback for https://www.daf.com/en/contact
2025-08-22 13:28:54,681 | INFO    | scraper.email_extractor |   0 emails on https://www.speedyfuels.co.uk/guides/adblue-guide/ (def from text)
2025-08-22 13:28:54,887 | INFO    | scraper.http         | HTTP GET https://www.speedyfuels.co.uk/fuel-suppliers/ → 200
2025-08-22 13:28:54,942 | INFO    | scraper.email_extractor |   0 emails on https://www.speedyfuels.co.uk/fuel-suppliers/ (def from text)
2025-08-22 13:28:54,975 | INFO    | scraper.hybrid_email_extractor | Static pass found 0 on https://www.speedyfuels.co.uk/fuel-suppliers/
2025-08-22 13:28:54,975 | INFO    | scraper.hybrid_email_extractor | JS fallback for https://www.speedyfuels.co.uk/fuel-suppliers/
2025-08-22 13:28:56,349 | INFO    | scraper.email_extractor |   0 emails on https://us.mitsuichemicals.com/corporate/legacy/index.htm (def from text)
2025-08-22 13:28:56,922 | INFO    | scraper.http         | HTTP GET https://eurodamjas.com/wp-sitemap-posts-post-1.xml → 200
2025-08-22 13:28:57,267 | INFO    | scraper.http         | HTTP GET https://eurodamjas.com/usluge/adblue/ → 200
2025-08-22 13:28:57,279 | INFO    | scraper.hybrid_email_extractor | Static pass found 1 on https://eurodamjas.com/usluge/adblue/
2025-08-22 13:28:57,543 | INFO    | scraper.http         | HTTP GET https://eurodamjas.com/kontakt/ → 200
2025-08-22 13:28:57,562 | INFO    | scraper.hybrid_email_extractor | Static pass found 1 on https://eurodamjas.com/kontakt/
2025-08-22 13:28:57,563 | INFO    | scraper.http         | HTTP GET https://us.mitsuichemicals.com/mca/index.htm → 200
2025-08-22 13:28:57,597 | INFO    | scraper.email_extractor |   0 emails on https://us.mitsuichemicals.com/mca/2024/index.htm (def from text)
2025-08-22 13:28:57,614 | INFO    | scraper.hybrid_email_extractor | JS fallback for https://us.mitsuichemicals.com/mca/2024/index.htm
2025-08-22 13:28:57,681 | INFO    | scraper.email_extractor |   0 emails on https://www.walter-schmidt-chemie.de/produkte/adblue/adblue.html (def from text)
2025-08-22 13:28:57,855 | INFO    | scraper.http         | HTTP GET https://eurodamjas.com/about-us-02/ → 200
2025-08-22 13:28:57,879 | INFO    | scraper.hybrid_email_extractor | Static pass found 1 on https://eurodamjas.com/about-us-02/
2025-08-22 13:28:58,149 | INFO    | scraper.http         | HTTP GET https://eurodamjas.com/about-us-01/ → 200
2025-08-22 13:28:58,162 | INFO    | scraper.hybrid_email_extractor | Static pass found 1 on https://eurodamjas.com/about-us-01/
2025-08-22 13:28:58,163 | INFO    | scraper.orchestrator | Used sitemap for eurodamjas.com
2025-08-22 13:28:58,163 | INFO    | scraper.orchestrator | ✓ Found 1 emails for euro dam jas doo
2025-08-22 13:28:58,199 | WARNING | scraper.http         | HTTP fallback failed for http://bluetech00.gobizkorea.com: HTTPConnectionPool(host='bluetech00.gobizkorea.com', port=80): Max retries exceeded with url: / (Caused by ConnectTimeoutError(<urllib3.connection.HTTPConnection object at 0x000001EBDA535BD0>, 'Connection to bluetech00.gobizkorea.com timed out. (connect timeout=10)'))
2025-08-22 13:28:58,699 | INFO    | scraper.http         | HTTP GET https://www.walter-schmidt-chemie.de/kontakt/ → 200
2025-08-22 13:28:58,709 | INFO    | scraper.email_extractor |   0 emails on https://www.walter-schmidt-chemie.de/kontakt/ (def from text)
2025-08-22 13:28:58,717 | INFO    | scraper.hybrid_email_extractor | Static pass found 0 on https://www.walter-schmidt-chemie.de/kontakt/
2025-08-22 13:28:58,717 | INFO    | scraper.hybrid_email_extractor | JS fallback for https://www.walter-schmidt-chemie.de/kontakt/
2025-08-22 13:28:59,223 | INFO    | scraper.email_extractor |   0 emails on https://www.daf.com/en/contact (def from text)
2025-08-22 13:28:59,595 | INFO    | scraper.http         | HTTP GET https://www.daf.com/en/about-daf/sustainability/legislation → 200
2025-08-22 13:28:59,642 | INFO    | scraper.email_extractor |   0 emails on https://www.daf.com/en/about-daf/sustainability/legislation (def from text)
2025-08-22 13:28:59,677 | INFO    | scraper.hybrid_email_extractor | Static pass found 0 on https://www.daf.com/en/about-daf/sustainability/legislation
2025-08-22 13:28:59,678 | INFO    | scraper.hybrid_email_extractor | JS fallback for https://www.daf.com/en/about-daf/sustainability/legislation
2025-08-22 13:29:00,748 | INFO    | scraper.email_extractor |   0 emails on https://www.speedyfuels.co.uk/fuel-suppliers/ (def from text)
2025-08-22 13:29:00,773 | INFO    | scraper.orchestrator | Used sitemap for speedyfuels.co.uk
2025-08-22 13:29:00,773 | INFO    | scraper.orchestrator | ✓ Found 2 emails for speedy fuels
2025-08-22 13:29:02,358 | INFO    | scraper.email_extractor |   0 emails on https://us.mitsuichemicals.com/mca/2024/index.htm (def from text)
2025-08-22 13:29:03,589 | INFO    | scraper.http         | HTTP GET https://us.mitsuichemicals.com/mci/mci-news/index.htm → 200
2025-08-22 13:29:03,629 | INFO    | scraper.email_extractor |   0 emails on https://us.mitsuichemicals.com/mci/mci-news/2025/index.htm (def from text)
2025-08-22 13:29:03,670 | INFO    | scraper.hybrid_email_extractor | JS fallback for https://us.mitsuichemicals.com/mci/mci-news/2025/index.htm
2025-08-22 13:29:04,381 | INFO    | scraper.email_extractor |   0 emails on https://www.walter-schmidt-chemie.de/kontakt/ (def from text)
2025-08-22 13:29:05,344 | INFO    | scraper.http         | HTTP GET https://www.walter-schmidt-chemie.de/produkte/adblue/ → 200
2025-08-22 13:29:05,354 | INFO    | scraper.email_extractor |   0 emails on https://www.walter-schmidt-chemie.de/produkte/adblue/ (def from text)
2025-08-22 13:29:05,362 | INFO    | scraper.hybrid_email_extractor | Static pass found 0 on https://www.walter-schmidt-chemie.de/produkte/adblue/
2025-08-22 13:29:05,362 | INFO    | scraper.hybrid_email_extractor | JS fallback for https://www.walter-schmidt-chemie.de/produkte/adblue/
2025-08-22 13:29:06,395 | INFO    | scraper.email_extractor |   0 emails on https://www.daf.com/en/about-daf/sustainability/legislation (def from text)
2025-08-22 13:29:07,207 | INFO    | scraper.http         | HTTP GET https://www.daf.com/en/about-daf/sustainability/environment-emission-reduction/sustainable-transport-solutions → 200
2025-08-22 13:29:07,241 | INFO    | scraper.email_extractor |   0 emails on https://www.daf.com/en/about-daf/sustainability/environment-emission-reduction/sustainable-transport-solutions (def from text)
2025-08-22 13:29:07,272 | INFO    | scraper.hybrid_email_extractor | Static pass found 0 on https://www.daf.com/en/about-daf/sustainability/environment-emission-reduction/sustainable-transport-solutions
2025-08-22 13:29:07,272 | INFO    | scraper.hybrid_email_extractor | JS fallback for https://www.daf.com/en/about-daf/sustainability/environment-emission-reduction/sustainable-transport-solutions
2025-08-22 13:29:08,363 | INFO    | scraper.email_extractor |   0 emails on https://us.mitsuichemicals.com/mci/mci-news/2025/index.htm (def from text)
2025-08-22 13:29:08,731 | INFO    | scraper.http         | HTTP GET https://us.mitsuichemicals.com/service/index.htm → 200
2025-08-22 13:29:08,770 | INFO    | scraper.email_extractor |   0 emails on https://us.mitsuichemicals.com/service/index.htm (def from text)
2025-08-22 13:29:08,924 | INFO    | scraper.hybrid_email_extractor | JS fallback for https://us.mitsuichemicals.com/service/index.htm
2025-08-22 13:29:10,736 | INFO    | scraper.email_extractor |   0 emails on https://www.walter-schmidt-chemie.de/produkte/adblue/ (def from text)
2025-08-22 13:29:10,928 | INFO    | scraper.http         | HTTP GET https://www.walter-schmidt-chemie.de/kontakt/kontaktformular/ → 200
2025-08-22 13:29:10,935 | INFO    | scraper.email_extractor |   0 emails on https://www.walter-schmidt-chemie.de/kontakt/kontaktformular/ (def from text)
2025-08-22 13:29:10,942 | INFO    | scraper.hybrid_email_extractor | Static pass found 0 on https://www.walter-schmidt-chemie.de/kontakt/kontaktformular/
2025-08-22 13:29:10,943 | INFO    | scraper.hybrid_email_extractor | JS fallback for https://www.walter-schmidt-chemie.de/kontakt/kontaktformular/
2025-08-22 13:29:12,839 | INFO    | scraper.email_extractor |   0 emails on https://www.daf.com/en/about-daf/sustainability/environment-emission-reduction/sustainable-transport-solutions (def from text)
2025-08-22 13:29:13,027 | INFO    | scraper.http         | HTTP GET https://www.daf.com/en/about-daf/board-of-management → 200
2025-08-22 13:29:13,081 | INFO    | scraper.email_extractor |   0 emails on https://www.daf.com/en/about-daf/board-of-management (def from text)
2025-08-22 13:29:13,112 | INFO    | scraper.hybrid_email_extractor | Static pass found 0 on https://www.daf.com/en/about-daf/board-of-management
2025-08-22 13:29:13,112 | INFO    | scraper.hybrid_email_extractor | JS fallback for https://www.daf.com/en/about-daf/board-of-management
2025-08-22 13:29:15,749 | INFO    | scraper.email_extractor |   0 emails on https://us.mitsuichemicals.com/service/index.htm (def from text)
2025-08-22 13:29:16,475 | INFO    | scraper.http         | HTTP GET https://us.mitsuichemicals.com/service/life_healthcare/index.htm → 200
2025-08-22 13:29:16,500 | INFO    | scraper.email_extractor |   0 emails on https://us.mitsuichemicals.com/service/life_healthcare/index.htm (def from text)
2025-08-22 13:29:16,528 | INFO    | scraper.hybrid_email_extractor | JS fallback for https://us.mitsuichemicals.com/service/life_healthcare/index.htm
2025-08-22 13:29:17,172 | INFO    | scraper.email_extractor |   0 emails on https://www.walter-schmidt-chemie.de/kontakt/kontaktformular/ (def from text)
2025-08-22 13:29:17,536 | INFO    | scraper.http         | HTTP GET https://www.walter-schmidt-chemie.de/kontakt/meldeplattform-hinschg/ → 200
2025-08-22 13:29:17,537 | INFO    | scraper.email_extractor |   0 emails on https://www.walter-schmidt-chemie.de/kontakt/meldeplattform-hinschg/ (def from text)
2025-08-22 13:29:17,539 | INFO    | scraper.hybrid_email_extractor | Static pass found 0 on https://www.walter-schmidt-chemie.de/kontakt/meldeplattform-hinschg/
2025-08-22 13:29:17,539 | INFO    | scraper.hybrid_email_extractor | JS fallback for https://www.walter-schmidt-chemie.de/kontakt/meldeplattform-hinschg/
2025-08-22 13:29:19,147 | INFO    | scraper.email_extractor |   0 emails on https://www.daf.com/en/about-daf/board-of-management (def from text)
2025-08-22 13:29:19,346 | INFO    | scraper.http         | HTTP GET https://www.daf.com/en/about-daf/sustainability/environment-emission-reduction/sustainable-sourcing → 200
2025-08-22 13:29:19,382 | INFO    | scraper.email_extractor |   0 emails on https://www.daf.com/en/about-daf/sustainability/environment-emission-reduction/sustainable-sourcing (def from text)
2025-08-22 13:29:19,418 | INFO    | scraper.hybrid_email_extractor | Static pass found 0 on https://www.daf.com/en/about-daf/sustainability/environment-emission-reduction/sustainable-sourcing
2025-08-22 13:29:19,418 | INFO    | scraper.hybrid_email_extractor | JS fallback for https://www.daf.com/en/about-daf/sustainability/environment-emission-reduction/sustainable-sourcing
2025-08-22 13:29:21,627 | INFO    | scraper.email_extractor |   0 emails on https://us.mitsuichemicals.com/service/life_healthcare/index.htm (def from text)
2025-08-22 13:29:21,699 | INFO    | scraper.crawler      | Crawl of us.mitsuichemicals.com completed: 11 pages fetched, 92 unique URLs seen, 0 emails, 62.2 s
2025-08-22 13:29:21,699 | INFO    | scraper.orchestrator | ✗ No emails found for mitsui toatsu chemicals 
2025-08-22 13:29:23,601 | INFO    | scraper.email_extractor |   0 emails on https://www.walter-schmidt-chemie.de/kontakt/meldeplattform-hinschg/ (def from text)
2025-08-22 13:29:23,878 | INFO    | scraper.http         | HTTP GET https://www.walter-schmidt-chemie.de/kontakt/impressum.html → 200
2025-08-22 13:29:23,889 | INFO    | scraper.email_extractor |   1 emails on https://www.walter-schmidt-chemie.de/kontakt/impressum.html (def from text)
2025-08-22 13:29:23,890 | INFO    | scraper.hybrid_email_extractor | Static pass found 1 on https://www.walter-schmidt-chemie.de/kontakt/impressum.html
2025-08-22 13:29:23,890 | INFO    | scraper.orchestrator | Used sitemap for walter-schmidt-chemie.de
2025-08-22 13:29:23,890 | INFO    | scraper.orchestrator | ✓ Found 1 emails for walter schmidt chemie gmbh
2025-08-22 13:29:25,635 | INFO    | scraper.email_extractor |   0 emails on https://www.daf.com/en/about-daf/sustainability/environment-emission-reduction/sustainable-sourcing (def from text)
2025-08-22 13:29:25,804 | INFO    | scraper.http         | HTTP GET https://www.daf.com/en/about-daf/sustainability/united-nations-sustainable-development-goals → 200
2025-08-22 13:29:25,835 | INFO    | scraper.email_extractor |   0 emails on https://www.daf.com/en/about-daf/sustainability/united-nations-sustainable-development-goals (def from text)
2025-08-22 13:29:25,866 | INFO    | scraper.hybrid_email_extractor | Static pass found 0 on https://www.daf.com/en/about-daf/sustainability/united-nations-sustainable-development-goals
2025-08-22 13:29:25,866 | INFO    | scraper.hybrid_email_extractor | JS fallback for https://www.daf.com/en/about-daf/sustainability/united-nations-sustainable-development-goals
2025-08-22 13:29:28,361 | INFO    | scraper.email_extractor |   0 emails on https://www.daf.com/en/about-daf/sustainability/united-nations-sustainable-development-goals (def from text)
2025-08-22 13:29:28,654 | INFO    | scraper.http         | HTTP GET https://www.daf.com/en/about-daf/daf-history/timeline → 200
2025-08-22 13:29:28,701 | INFO    | scraper.email_extractor |   0 emails on https://www.daf.com/en/about-daf/daf-history/timeline (def from text)
2025-08-22 13:29:28,739 | INFO    | scraper.hybrid_email_extractor | Static pass found 0 on https://www.daf.com/en/about-daf/daf-history/timeline
2025-08-22 13:29:28,739 | INFO    | scraper.hybrid_email_extractor | JS fallback for https://www.daf.com/en/about-daf/daf-history/timeline
2025-08-22 13:29:30,304 | INFO    | scraper.http         | Retrying with www-prefix: https://www.bluetech00.gobizkorea.com
2025-08-22 13:29:31,312 | WARNING | scraper.http         | www-prefix retry failed for https://www.bluetech00.gobizkorea.com: HTTPSConnectionPool(host='www.bluetech00.gobizkorea.com', port=443): Max retries exceeded with url: / (Caused by NameResolutionError("<urllib3.connection.HTTPSConnection object at 0x000001EBDAB91310>: Failed to resolve 'www.bluetech00.gobizkorea.com' ([Errno 11001] getaddrinfo failed)"))
2025-08-22 13:29:31,312 | INFO    | scraper.http         | Retrying with HTTP: http://bluetech00.gobizkorea.com
2025-08-22 13:29:31,695 | INFO    | scraper.email_extractor |   0 emails on https://www.daf.com/en/about-daf/daf-history/timeline (def from text)
2025-08-22 13:29:31,985 | INFO    | scraper.http         | HTTP GET https://www.daf.com/en/about-daf/sustainability/responsible-business → 200
2025-08-22 13:29:32,025 | INFO    | scraper.email_extractor |   0 emails on https://www.daf.com/en/about-daf/sustainability/responsible-business (def from text)
2025-08-22 13:29:32,062 | INFO    | scraper.hybrid_email_extractor | Static pass found 0 on https://www.daf.com/en/about-daf/sustainability/responsible-business
2025-08-22 13:29:32,062 | INFO    | scraper.hybrid_email_extractor | JS fallback for https://www.daf.com/en/about-daf/sustainability/responsible-business
2025-08-22 13:29:33,483 | INFO    | scraper.email_extractor |   0 emails on https://www.daf.com/en/about-daf/sustainability/responsible-business (def from text)
2025-08-22 13:29:33,729 | INFO    | scraper.http         | HTTP GET https://www.daf.com/en/about-daf/daf-worldwide/world-class-technology → 200
2025-08-22 13:29:33,756 | INFO    | scraper.email_extractor |   0 emails on https://www.daf.com/en/about-daf/daf-worldwide/world-class-technology (def from text)
2025-08-22 13:29:33,786 | INFO    | scraper.hybrid_email_extractor | Static pass found 0 on https://www.daf.com/en/about-daf/daf-worldwide/world-class-technology
2025-08-22 13:29:33,786 | INFO    | scraper.hybrid_email_extractor | JS fallback for https://www.daf.com/en/about-daf/daf-worldwide/world-class-technology
2025-08-22 13:29:35,829 | INFO    | scraper.email_extractor |   0 emails on https://www.daf.com/en/about-daf/daf-worldwide/world-class-technology (def from text)
2025-08-22 13:29:36,838 | INFO    | scraper.http         | HTTP GET https://www.daf.com/en/about-daf/quality → 200
2025-08-22 13:29:36,870 | INFO    | scraper.email_extractor |   0 emails on https://www.daf.com/en/about-daf/quality (def from text)
2025-08-22 13:29:36,897 | INFO    | scraper.hybrid_email_extractor | Static pass found 0 on https://www.daf.com/en/about-daf/quality
2025-08-22 13:29:36,897 | INFO    | scraper.hybrid_email_extractor | JS fallback for https://www.daf.com/en/about-daf/quality
2025-08-22 13:29:38,314 | INFO    | scraper.email_extractor |   0 emails on https://www.daf.com/en/about-daf/quality (def from text)
2025-08-22 13:29:38,514 | INFO    | scraper.http         | HTTP GET https://www.daf.com/en/about-daf/sustainability → 200
2025-08-22 13:29:38,558 | INFO    | scraper.email_extractor |   0 emails on https://www.daf.com/en/about-daf/sustainability (def from text)
2025-08-22 13:29:38,590 | INFO    | scraper.hybrid_email_extractor | Static pass found 0 on https://www.daf.com/en/about-daf/sustainability
2025-08-22 13:29:38,590 | INFO    | scraper.hybrid_email_extractor | JS fallback for https://www.daf.com/en/about-daf/sustainability
2025-08-22 13:29:39,936 | INFO    | scraper.email_extractor |   0 emails on https://www.daf.com/en/about-daf/sustainability (def from text)
2025-08-22 13:29:40,287 | INFO    | scraper.http         | HTTP GET https://www.daf.com/en/about-daf/sustainability/environment-circularity → 200
2025-08-22 13:29:40,330 | INFO    | scraper.email_extractor |   0 emails on https://www.daf.com/en/about-daf/sustainability/environment-circularity (def from text)
2025-08-22 13:29:40,371 | INFO    | scraper.hybrid_email_extractor | Static pass found 0 on https://www.daf.com/en/about-daf/sustainability/environment-circularity
2025-08-22 13:29:40,371 | INFO    | scraper.hybrid_email_extractor | JS fallback for https://www.daf.com/en/about-daf/sustainability/environment-circularity
2025-08-22 13:29:41,814 | INFO    | scraper.email_extractor |   0 emails on https://www.daf.com/en/about-daf/sustainability/environment-circularity (def from text)
2025-08-22 13:29:42,104 | INFO    | scraper.http         | HTTP GET https://www.daf.com/en/about-daf/sustainability/environment-emission-reduction → 200
2025-08-22 13:29:42,140 | INFO    | scraper.email_extractor |   0 emails on https://www.daf.com/en/about-daf/sustainability/environment-emission-reduction (def from text)
2025-08-22 13:29:42,170 | INFO    | scraper.hybrid_email_extractor | Static pass found 0 on https://www.daf.com/en/about-daf/sustainability/environment-emission-reduction
2025-08-22 13:29:42,170 | INFO    | scraper.hybrid_email_extractor | JS fallback for https://www.daf.com/en/about-daf/sustainability/environment-emission-reduction
2025-08-22 13:29:44,331 | INFO    | scraper.email_extractor |   0 emails on https://www.daf.com/en/about-daf/sustainability/environment-emission-reduction (def from text)
2025-08-22 13:29:45,772 | INFO    | scraper.http         | HTTP GET https://www.daf.com/en/about-daf/innovation → 302
2025-08-22 13:29:45,772 | INFO    | scraper.http         | Retrying with HTTP: http://www.daf.com/en/about-daf/innovation
2025-08-22 13:29:45,963 | INFO    | scraper.email_extractor |   0 emails on https://www.daf.com/en/about-daf/innovation (def from text)
2025-08-22 13:29:45,964 | INFO    | scraper.hybrid_email_extractor | Static pass found 0 on https://www.daf.com/en/about-daf/innovation
2025-08-22 13:29:45,964 | INFO    | scraper.hybrid_email_extractor | JS fallback for https://www.daf.com/en/about-daf/innovation
2025-08-22 13:29:46,661 | INFO    | scraper.email_extractor |   0 emails on https://www.daf.com/en/about-daf/innovation (def from text)
2025-08-22 13:29:46,913 | INFO    | scraper.http         | HTTP GET https://www.daf.com/en/about-daf/daf-worldwide → 200
2025-08-22 13:29:46,955 | INFO    | scraper.email_extractor |   0 emails on https://www.daf.com/en/about-daf/daf-worldwide (def from text)
2025-08-22 13:29:46,983 | INFO    | scraper.hybrid_email_extractor | Static pass found 0 on https://www.daf.com/en/about-daf/daf-worldwide
2025-08-22 13:29:46,983 | INFO    | scraper.hybrid_email_extractor | JS fallback for https://www.daf.com/en/about-daf/daf-worldwide
2025-08-22 13:29:50,809 | INFO    | scraper.email_extractor |   0 emails on https://www.daf.com/en/about-daf/daf-worldwide (def from text)
2025-08-22 13:29:51,155 | INFO    | scraper.http         | HTTP GET https://www.daf.com/en/about-daf/daf-worldwide/dealer-network → 200
2025-08-22 13:29:51,188 | INFO    | scraper.email_extractor |   0 emails on https://www.daf.com/en/about-daf/daf-worldwide/dealer-network (def from text)
2025-08-22 13:29:51,216 | INFO    | scraper.hybrid_email_extractor | Static pass found 0 on https://www.daf.com/en/about-daf/daf-worldwide/dealer-network
2025-08-22 13:29:51,216 | INFO    | scraper.hybrid_email_extractor | JS fallback for https://www.daf.com/en/about-daf/daf-worldwide/dealer-network
2025-08-22 13:29:53,328 | INFO    | scraper.email_extractor |   0 emails on https://www.daf.com/en/about-daf/daf-worldwide/dealer-network (def from text)
2025-08-22 13:29:53,635 | INFO    | scraper.http         | HTTP GET https://www.daf.com/en/about-daf/daf-history/past-and-present → 200
2025-08-22 13:29:53,670 | INFO    | scraper.email_extractor |   0 emails on https://www.daf.com/en/about-daf/daf-history/past-and-present (def from text)
2025-08-22 13:29:53,696 | INFO    | scraper.hybrid_email_extractor | Static pass found 0 on https://www.daf.com/en/about-daf/daf-history/past-and-present
2025-08-22 13:29:53,696 | INFO    | scraper.hybrid_email_extractor | JS fallback for https://www.daf.com/en/about-daf/daf-history/past-and-present
2025-08-22 13:29:54,997 | INFO    | scraper.email_extractor |   0 emails on https://www.daf.com/en/about-daf/daf-history/past-and-present (def from text)
2025-08-22 13:29:55,729 | INFO    | scraper.http         | HTTP GET https://www.daf.com/en/about-daf → 200
2025-08-22 13:29:55,769 | INFO    | scraper.email_extractor |   0 emails on https://www.daf.com/en/about-daf (def from text)
2025-08-22 13:29:55,795 | INFO    | scraper.hybrid_email_extractor | Static pass found 0 on https://www.daf.com/en/about-daf
2025-08-22 13:29:55,795 | INFO    | scraper.hybrid_email_extractor | JS fallback for https://www.daf.com/en/about-daf
2025-08-22 13:29:57,800 | INFO    | scraper.email_extractor |   0 emails on https://www.daf.com/en/about-daf (def from text)
2025-08-22 13:29:58,214 | INFO    | scraper.http         | HTTP GET https://www.daf.com/en/about-daf/daf-history → 200
2025-08-22 13:29:58,257 | INFO    | scraper.email_extractor |   0 emails on https://www.daf.com/en/about-daf/daf-history (def from text)
2025-08-22 13:29:58,299 | INFO    | scraper.hybrid_email_extractor | Static pass found 0 on https://www.daf.com/en/about-daf/daf-history
2025-08-22 13:29:58,299 | INFO    | scraper.hybrid_email_extractor | JS fallback for https://www.daf.com/en/about-daf/daf-history
2025-08-22 13:30:00,144 | INFO    | scraper.email_extractor |   0 emails on https://www.daf.com/en/about-daf/daf-history (def from text)
2025-08-22 13:30:00,421 | INFO    | scraper.http         | HTTP GET https://www.daf.com/en/about-daf/daf-history/clever-solutions → 200
2025-08-22 13:30:00,453 | INFO    | scraper.email_extractor |   0 emails on https://www.daf.com/en/about-daf/daf-history/clever-solutions (def from text)
2025-08-22 13:30:00,479 | INFO    | scraper.hybrid_email_extractor | Static pass found 0 on https://www.daf.com/en/about-daf/daf-history/clever-solutions
2025-08-22 13:30:00,479 | INFO    | scraper.hybrid_email_extractor | JS fallback for https://www.daf.com/en/about-daf/daf-history/clever-solutions
2025-08-22 13:30:01,890 | INFO    | scraper.email_extractor |   0 emails on https://www.daf.com/en/about-daf/daf-history/clever-solutions (def from text)
2025-08-22 13:30:02,131 | INFO    | scraper.http         | HTTP GET https://www.daf.com/en/about-daf/sustainability/reach → 200
2025-08-22 13:30:02,164 | INFO    | scraper.email_extractor |   0 emails on https://www.daf.com/en/about-daf/sustainability/reach (def from text)
2025-08-22 13:30:02,188 | INFO    | scraper.hybrid_email_extractor | Static pass found 0 on https://www.daf.com/en/about-daf/sustainability/reach
2025-08-22 13:30:02,188 | INFO    | scraper.hybrid_email_extractor | JS fallback for https://www.daf.com/en/about-daf/sustainability/reach
2025-08-22 13:30:02,350 | WARNING | scraper.http         | HTTP fallback failed for http://bluetech00.gobizkorea.com: HTTPConnectionPool(host='bluetech00.gobizkorea.com', port=80): Max retries exceeded with url: / (Caused by ConnectTimeoutError(<urllib3.connection.HTTPConnection object at 0x000001EBDA4EFBD0>, 'Connection to bluetech00.gobizkorea.com timed out. (connect timeout=10)'))
2025-08-22 13:30:04,186 | INFO    | scraper.email_extractor |   0 emails on https://www.daf.com/en/about-daf/sustainability/reach (def from text)
2025-08-22 13:30:04,353 | INFO    | scraper.http         | HTTP GET https://www.daf.com/en/about-daf/daf-worldwide/production-locations → 200
2025-08-22 13:30:04,386 | INFO    | scraper.email_extractor |   0 emails on https://www.daf.com/en/about-daf/daf-worldwide/production-locations (def from text)
2025-08-22 13:30:04,415 | INFO    | scraper.hybrid_email_extractor | Static pass found 0 on https://www.daf.com/en/about-daf/daf-worldwide/production-locations
2025-08-22 13:30:04,415 | INFO    | scraper.hybrid_email_extractor | JS fallback for https://www.daf.com/en/about-daf/daf-worldwide/production-locations
2025-08-22 13:30:06,329 | INFO    | scraper.email_extractor |   0 emails on https://www.daf.com/en/about-daf/daf-worldwide/production-locations (def from text)
2025-08-22 13:30:06,522 | INFO    | scraper.http         | HTTP GET https://www.daf.com/en/suppliers → 200
2025-08-22 13:30:06,559 | INFO    | scraper.email_extractor |   0 emails on https://www.daf.com/en/suppliers (def from text)
2025-08-22 13:30:06,589 | INFO    | scraper.hybrid_email_extractor | Static pass found 0 on https://www.daf.com/en/suppliers
2025-08-22 13:30:06,589 | INFO    | scraper.hybrid_email_extractor | JS fallback for https://www.daf.com/en/suppliers
2025-08-22 13:30:09,114 | INFO    | scraper.email_extractor |   0 emails on https://www.daf.com/en/suppliers (def from text)
2025-08-22 13:30:09,142 | INFO    | scraper.orchestrator | Used sitemap for daf.com
2025-08-22 13:30:09,143 | INFO    | scraper.orchestrator | No emails found in sitemap, attempting fallback crawl: daf.com
2025-08-22 13:30:09,143 | INFO    | scraper.crawler      | Start crawl daf.com (limit=30, timeout=60s, workers=16)
2025-08-22 13:30:09,298 | INFO    | scraper.http         | HTTP GET https://www.daf.com/en/sites-landing → 200
2025-08-22 13:30:09,339 | INFO    | scraper.email_extractor |   0 emails on https://www.daf.com/en/sites-landing (def from text)
2025-08-22 13:30:10,527 | INFO    | scraper.http         | HTTP GET https://parts.daf.com/ → 200
2025-08-22 13:30:10,629 | INFO    | scraper.email_extractor |   0 emails on https://parts.daf.com/en-gb/ (def from text)
2025-08-22 13:30:10,642 | INFO    | scraper.hybrid_email_extractor | JS fallback for https://parts.daf.com/en-gb/
2025-08-22 13:30:13,000 | INFO    | scraper.email_extractor |   0 emails on https://parts.daf.com/en-gb/ (def from text)
2025-08-22 13:30:15,357 | INFO    | scraper.http         | HTTP GET https://www.daf.com/en/news-and-media → 200
2025-08-22 13:30:15,403 | INFO    | scraper.email_extractor |   1 emails on https://www.daf.com/en/news-and-media (def from text)
2025-08-22 13:30:15,403 | INFO    | scraper.hybrid_email_extractor | Static pass found 1 emails in https://www.daf.com/en/news-and-media
2025-08-22 13:30:15,613 | INFO    | scraper.http         | HTTP GET https://www.daf.com/en/suppliers → 200
2025-08-22 13:30:15,647 | INFO    | scraper.email_extractor |   0 emails on https://www.daf.com/en/suppliers (def from text)
2025-08-22 13:30:15,917 | INFO    | scraper.http         | HTTP GET https://www.daf.com/en/working-at-daf → 200
2025-08-22 13:30:15,955 | INFO    | scraper.email_extractor |   0 emails on https://www.daf.com/en/working-at-daf (def from text)
2025-08-22 13:30:15,990 | INFO    | scraper.hybrid_email_extractor | JS fallback for https://www.daf.com/en/working-at-daf
2025-08-22 13:30:18,570 | INFO    | scraper.email_extractor |   0 emails on https://www.daf.com/en/working-at-daf (def from text)
2025-08-22 13:30:18,833 | INFO    | scraper.http         | HTTP GET https://www.daf.com/en → 200
2025-08-22 13:30:18,894 | INFO    | scraper.email_extractor |   0 emails on https://www.daf.com/en (def from text)
2025-08-22 13:30:18,936 | INFO    | scraper.hybrid_email_extractor | JS fallback for https://www.daf.com/en
2025-08-22 13:30:21,558 | INFO    | scraper.email_extractor |   0 emails on https://www.daf.com/en (def from text)
2025-08-22 13:30:21,853 | INFO    | scraper.http         | HTTP GET https://www.daf.com/nl-nl → 200
2025-08-22 13:30:21,897 | INFO    | scraper.email_extractor |   0 emails on https://www.daf.com/nl-nl (def from text)
2025-08-22 13:30:21,940 | INFO    | scraper.hybrid_email_extractor | JS fallback for https://www.daf.com/nl-nl
2025-08-22 13:30:23,854 | INFO    | scraper.email_extractor |   0 emails on https://www.daf.com/nl-nl (def from text)
2025-08-22 13:30:24,125 | INFO    | scraper.http         | HTTP GET https://www.daf.com/en/dealer-locator-page → 200
2025-08-22 13:30:24,150 | INFO    | scraper.email_extractor |   0 emails on https://www.daf.com/en/dealer-locator-page (def from text)
2025-08-22 13:30:24,176 | INFO    | scraper.hybrid_email_extractor | JS fallback for https://www.daf.com/en/dealer-locator-page
2025-08-22 13:30:30,652 | INFO    | scraper.email_extractor |   0 emails on https://www.daf.com/en/dealer-locator-page (def from text)
2025-08-22 13:30:32,634 | INFO    | scraper.http         | HTTP GET https://www.daf.com.au → 200
2025-08-22 13:30:32,668 | INFO    | scraper.email_extractor |   0 emails on https://www.daf.com.au/ (def from text)
2025-08-22 13:30:32,688 | INFO    | scraper.hybrid_email_extractor | JS fallback for https://www.daf.com.au/
2025-08-22 13:30:33,387 | INFO    | scraper.http         | Retrying with www-prefix: https://www.bluetech00.gobizkorea.com/sitemap.xml
2025-08-22 13:30:34,400 | WARNING | scraper.http         | www-prefix retry failed for https://www.bluetech00.gobizkorea.com/sitemap.xml: HTTPSConnectionPool(host='www.bluetech00.gobizkorea.com', port=443): Max retries exceeded with url: /sitemap.xml (Caused by NameResolutionError("<urllib3.connection.HTTPSConnection object at 0x000001EBDAB934D0>: Failed to resolve 'www.bluetech00.gobizkorea.com' ([Errno 11001] getaddrinfo failed)"))
2025-08-22 13:30:34,400 | INFO    | scraper.http         | Retrying with HTTP: http://bluetech00.gobizkorea.com/sitemap.xml
2025-08-22 13:30:38,480 | INFO    | scraper.email_extractor |   0 emails on https://www.daf.com.au/ (def from text)
2025-08-22 13:30:40,157 | INFO    | scraper.http         | HTTP GET https://www.daf.com.tw?MarketCode=TW → 200
2025-08-22 13:30:40,166 | INFO    | scraper.email_extractor |   0 emails on https://www.daf.com.tw/?MarketCode=TW (def from text)
2025-08-22 13:30:40,170 | INFO    | scraper.hybrid_email_extractor | JS fallback for https://www.daf.com.tw/?MarketCode=TW
2025-08-22 13:30:41,608 | INFO    | scraper.http         | HTTP GET https://readytogo.daf.com/en → 200
2025-08-22 13:30:41,629 | INFO    | scraper.email_extractor |   0 emails on https://readytogo.daf.com/en (def from text)
2025-08-22 13:30:41,640 | INFO    | scraper.hybrid_email_extractor | JS fallback for https://readytogo.daf.com/en
2025-08-22 13:30:44,005 | INFO    | scraper.email_extractor |   0 emails on https://readytogo.daf.com/en (def from text)
2025-08-22 13:30:44,325 | INFO    | scraper.http         | HTTP GET https://www.daf.com/en/driver-information/driver-manuals → 200
2025-08-22 13:30:44,360 | INFO    | scraper.email_extractor |   0 emails on https://www.daf.com/en/driver-information/driver-manuals (def from text)
2025-08-22 13:30:44,411 | INFO    | scraper.hybrid_email_extractor | JS fallback for https://www.daf.com/en/driver-information/driver-manuals
2025-08-22 13:30:46,511 | INFO    | scraper.email_extractor |   0 emails on https://www.daf.com/en/driver-information/driver-manuals (def from text)
2025-08-22 13:30:46,871 | INFO    | scraper.http         | HTTP GET https://rmi.daf.com → 200
2025-08-22 13:30:46,899 | INFO    | scraper.email_extractor |   0 emails on https://rmi.daf.com/en (def from text)
2025-08-22 13:30:46,920 | INFO    | scraper.hybrid_email_extractor | JS fallback for https://rmi.daf.com/en
2025-08-22 13:30:49,040 | INFO    | scraper.email_extractor |   0 emails on https://rmi.daf.com/en (def from text)
2025-08-22 13:30:49,328 | INFO    | scraper.http         | HTTP GET https://pti.daf.com → 200
2025-08-22 13:30:49,345 | INFO    | scraper.email_extractor |   0 emails on https://pti.daf.com/ (def from text)
2025-08-22 13:30:49,363 | INFO    | scraper.hybrid_email_extractor | JS fallback for https://pti.daf.com/
2025-08-22 13:30:51,360 | INFO    | scraper.email_extractor |   0 emails on https://pti.daf.com/ (def from text)
2025-08-22 13:30:51,652 | INFO    | scraper.http         | HTTP GET https://www.daf.com/en/about-daf → 200
2025-08-22 13:30:51,691 | INFO    | scraper.email_extractor |   0 emails on https://www.daf.com/en/about-daf (def from text)
2025-08-22 13:30:54,033 | INFO    | scraper.http         | HTTP GET https://www.daf.com/en/products-and-services → 200
2025-08-22 13:30:54,093 | INFO    | scraper.email_extractor |   0 emails on https://www.daf.com/en/products-and-services (def from text)
2025-08-22 13:30:54,140 | INFO    | scraper.hybrid_email_extractor | JS fallback for https://www.daf.com/en/products-and-services
2025-08-22 13:30:56,525 | INFO    | scraper.email_extractor |   0 emails on https://www.daf.com/en/products-and-services (def from text)
2025-08-22 13:30:57,115 | INFO    | scraper.http         | HTTP GET https://www.daf.com/en/contact → 200
2025-08-22 13:30:57,164 | INFO    | scraper.email_extractor |   0 emails on https://www.daf.com/en/contact (def from text)
2025-08-22 13:30:57,537 | INFO    | scraper.http         | HTTP GET https://www.daf.com/en/contact/pems-testing-service-contact-page → 200
2025-08-22 13:30:57,572 | INFO    | scraper.email_extractor |   0 emails on https://www.daf.com/en/contact/pems-testing-service-contact-page (def from text)
2025-08-22 13:30:57,792 | INFO    | scraper.hybrid_email_extractor | JS fallback for https://www.daf.com/en/contact/pems-testing-service-contact-page
2025-08-22 13:30:59,887 | INFO    | scraper.email_extractor |   0 emails on https://www.daf.com/en/contact/pems-testing-service-contact-page (def from text)
2025-08-22 13:31:00,260 | INFO    | scraper.http         | HTTP GET https://www.daf.com/en/legal/code-of-conduct → 200
2025-08-22 13:31:00,294 | INFO    | scraper.email_extractor |   0 emails on https://www.daf.com/en/legal/code-of-conduct (def from text)
2025-08-22 13:31:00,322 | INFO    | scraper.hybrid_email_extractor | JS fallback for https://www.daf.com/en/legal/code-of-conduct
2025-08-22 13:31:02,324 | INFO    | scraper.email_extractor |   0 emails on https://www.daf.com/en/legal/code-of-conduct (def from text)
2025-08-22 13:31:02,552 | INFO    | scraper.http         | HTTP GET https://www.daf.com/en/working-at-daf/onboarding → 200
2025-08-22 13:31:02,593 | INFO    | scraper.email_extractor |   0 emails on https://www.daf.com/en/working-at-daf/onboarding (def from text)
2025-08-22 13:31:02,630 | INFO    | scraper.hybrid_email_extractor | JS fallback for https://www.daf.com/en/working-at-daf/onboarding
2025-08-22 13:31:04,181 | INFO    | scraper.email_extractor |   0 emails on https://www.daf.com/en/working-at-daf/onboarding (def from text)
2025-08-22 13:31:04,227 | WARNING | scraper.http         | Redirect loop detected – already visited https://rmi.daf.com/
2025-08-22 13:31:04,535 | INFO    | scraper.http         | HTTP GET https://www.daf.com/en/legal/legal-notice → 200
2025-08-22 13:31:04,572 | INFO    | scraper.email_extractor |   0 emails on https://www.daf.com/en/legal/legal-notice (def from text)
2025-08-22 13:31:04,597 | INFO    | scraper.hybrid_email_extractor | JS fallback for https://www.daf.com/en/legal/legal-notice
2025-08-22 13:31:05,451 | WARNING | scraper.http         | HTTP fallback failed for http://bluetech00.gobizkorea.com/sitemap.xml: HTTPConnectionPool(host='bluetech00.gobizkorea.com', port=80): Max retries exceeded with url: /sitemap.xml (Caused by ConnectTimeoutError(<urllib3.connection.HTTPConnection object at 0x000001EBDA4EFCE0>, 'Connection to bluetech00.gobizkorea.com timed out. (connect timeout=10)'))
2025-08-22 13:31:06,531 | INFO    | scraper.email_extractor |   0 emails on https://www.daf.com/en/legal/legal-notice (def from text)
2025-08-22 13:31:06,762 | INFO    | scraper.http         | HTTP GET https://www.daf.com/en/legal/privacy-statement → 200
2025-08-22 13:31:06,817 | INFO    | scraper.email_extractor |   0 emails on https://www.daf.com/en/legal/privacy-statement (def from text)
2025-08-22 13:31:06,859 | INFO    | scraper.hybrid_email_extractor | Static pass found 1 emails in https://www.daf.com/en/legal/privacy-statement
2025-08-22 13:31:07,081 | INFO    | scraper.http         | HTTP GET https://www.daf.com/en/legal/general-conditions → 200
2025-08-22 13:31:07,127 | INFO    | scraper.email_extractor |   0 emails on https://www.daf.com/en/legal/general-conditions (def from text)
2025-08-22 13:31:07,163 | INFO    | scraper.hybrid_email_extractor | JS fallback for https://www.daf.com/en/legal/general-conditions
2025-08-22 13:31:09,557 | INFO    | scraper.email_extractor |   0 emails on https://www.daf.com/en/legal/general-conditions (def from text)
2025-08-22 13:31:09,618 | INFO    | scraper.crawler      | Crawl of daf.com completed: 23 pages fetched, 390 unique URLs seen, 2 emails, 60.5 s
2025-08-22 13:31:09,619 | INFO    | scraper.orchestrator | ✓ Found 2 emails for daf trucks
2025-08-22 13:31:37,502 | INFO    | scraper.http         | Retrying with www-prefix: https://www.bluetech00.gobizkorea.com/sitemap.xml
2025-08-22 13:31:38,521 | WARNING | scraper.http         | www-prefix retry failed for https://www.bluetech00.gobizkorea.com/sitemap.xml: HTTPSConnectionPool(host='www.bluetech00.gobizkorea.com', port=443): Max retries exceeded with url: /sitemap.xml (Caused by NameResolutionError("<urllib3.connection.HTTPSConnection object at 0x000001EBDA535E50>: Failed to resolve 'www.bluetech00.gobizkorea.com' ([Errno 11001] getaddrinfo failed)"))
2025-08-22 13:31:38,521 | INFO    | scraper.http         | Retrying with HTTP: http://bluetech00.gobizkorea.com/sitemap.xml
2025-08-22 13:32:09,563 | WARNING | scraper.http         | HTTP fallback failed for http://bluetech00.gobizkorea.com/sitemap.xml: HTTPConnectionPool(host='bluetech00.gobizkorea.com', port=80): Max retries exceeded with url: /sitemap.xml (Caused by ConnectTimeoutError(<urllib3.connection.HTTPConnection object at 0x000001EBDA4EF8A0>, 'Connection to bluetech00.gobizkorea.com timed out. (connect timeout=10)'))
2025-08-22 13:32:40,615 | INFO    | scraper.http         | Retrying with www-prefix: https://www.bluetech00.gobizkorea.com/sitemap_index.xml
2025-08-22 13:32:41,637 | WARNING | scraper.http         | www-prefix retry failed for https://www.bluetech00.gobizkorea.com/sitemap_index.xml: HTTPSConnectionPool(host='www.bluetech00.gobizkorea.com', port=443): Max retries exceeded with url: /sitemap_index.xml (Caused by NameResolutionError("<urllib3.connection.HTTPSConnection object at 0x000001EBDAB91450>: Failed to resolve 'www.bluetech00.gobizkorea.com' ([Errno 11001] getaddrinfo failed)"))
2025-08-22 13:32:41,637 | INFO    | scraper.http         | Retrying with HTTP: http://bluetech00.gobizkorea.com/sitemap_index.xml
2025-08-22 13:33:12,681 | WARNING | scraper.http         | HTTP fallback failed for http://bluetech00.gobizkorea.com/sitemap_index.xml: HTTPConnectionPool(host='bluetech00.gobizkorea.com', port=80): Max retries exceeded with url: /sitemap_index.xml (Caused by ConnectTimeoutError(<urllib3.connection.HTTPConnection object at 0x000001EBDBBC16A0>, 'Connection to bluetech00.gobizkorea.com timed out. (connect timeout=10)'))
2025-08-22 13:33:44,727 | INFO    | scraper.http         | Retrying with www-prefix: https://www.bluetech00.gobizkorea.com/sitemap_index.xml
2025-08-22 13:33:45,735 | WARNING | scraper.http         | www-prefix retry failed for https://www.bluetech00.gobizkorea.com/sitemap_index.xml: HTTPSConnectionPool(host='www.bluetech00.gobizkorea.com', port=443): Max retries exceeded with url: /sitemap_index.xml (Caused by NameResolutionError("<urllib3.connection.HTTPSConnection object at 0x000001EBDAB93610>: Failed to resolve 'www.bluetech00.gobizkorea.com' ([Errno 11001] getaddrinfo failed)"))
2025-08-22 13:33:45,737 | INFO    | scraper.http         | Retrying with HTTP: http://bluetech00.gobizkorea.com/sitemap_index.xml
2025-08-22 13:34:16,774 | WARNING | scraper.http         | HTTP fallback failed for http://bluetech00.gobizkorea.com/sitemap_index.xml: HTTPConnectionPool(host='bluetech00.gobizkorea.com', port=80): Max retries exceeded with url: /sitemap_index.xml (Caused by ConnectTimeoutError(<urllib3.connection.HTTPConnection object at 0x000001EBDBBC0D10>, 'Connection to bluetech00.gobizkorea.com timed out. (connect timeout=10)'))
2025-08-22 13:34:47,811 | INFO    | scraper.http         | Retrying with www-prefix: https://www.bluetech00.gobizkorea.com/sitemap-index.xml
2025-08-22 13:34:48,825 | WARNING | scraper.http         | www-prefix retry failed for https://www.bluetech00.gobizkorea.com/sitemap-index.xml: HTTPSConnectionPool(host='www.bluetech00.gobizkorea.com', port=443): Max retries exceeded with url: /sitemap-index.xml (Caused by NameResolutionError("<urllib3.connection.HTTPSConnection object at 0x000001EBDDF6C050>: Failed to resolve 'www.bluetech00.gobizkorea.com' ([Errno 11001] getaddrinfo failed)"))
2025-08-22 13:34:48,825 | INFO    | scraper.http         | Retrying with HTTP: http://bluetech00.gobizkorea.com/sitemap-index.xml
2025-08-22 13:35:19,853 | WARNING | scraper.http         | HTTP fallback failed for http://bluetech00.gobizkorea.com/sitemap-index.xml: HTTPConnectionPool(host='bluetech00.gobizkorea.com', port=80): Max retries exceeded with url: /sitemap-index.xml (Caused by ConnectTimeoutError(<urllib3.connection.HTTPConnection object at 0x000001EBDBBC1370>, 'Connection to bluetech00.gobizkorea.com timed out. (connect timeout=10)'))
2025-08-22 13:35:51,913 | INFO    | scraper.http         | Retrying with www-prefix: https://www.bluetech00.gobizkorea.com/sitemap-index.xml
2025-08-22 13:35:52,923 | WARNING | scraper.http         | www-prefix retry failed for https://www.bluetech00.gobizkorea.com/sitemap-index.xml: HTTPSConnectionPool(host='www.bluetech00.gobizkorea.com', port=443): Max retries exceeded with url: /sitemap-index.xml (Caused by NameResolutionError("<urllib3.connection.HTTPSConnection object at 0x000001EBDDF6E490>: Failed to resolve 'www.bluetech00.gobizkorea.com' ([Errno 11001] getaddrinfo failed)"))
2025-08-22 13:35:52,923 | INFO    | scraper.http         | Retrying with HTTP: http://bluetech00.gobizkorea.com/sitemap-index.xml
2025-08-22 13:36:23,972 | WARNING | scraper.http         | HTTP fallback failed for http://bluetech00.gobizkorea.com/sitemap-index.xml: HTTPConnectionPool(host='bluetech00.gobizkorea.com', port=80): Max retries exceeded with url: /sitemap-index.xml (Caused by ConnectTimeoutError(<urllib3.connection.HTTPConnection object at 0x000001EBDA4EF8A0>, 'Connection to bluetech00.gobizkorea.com timed out. (connect timeout=10)'))
2025-08-22 13:36:55,276 | INFO    | scraper.http         | Retrying with www-prefix: https://www.bluetech00.gobizkorea.com/sitemap1.xml
2025-08-22 13:36:56,285 | WARNING | scraper.http         | www-prefix retry failed for https://www.bluetech00.gobizkorea.com/sitemap1.xml: HTTPSConnectionPool(host='www.bluetech00.gobizkorea.com', port=443): Max retries exceeded with url: /sitemap1.xml (Caused by NameResolutionError("<urllib3.connection.HTTPSConnection object at 0x000001EBDAB90050>: Failed to resolve 'www.bluetech00.gobizkorea.com' ([Errno 11001] getaddrinfo failed)"))
2025-08-22 13:36:56,286 | INFO    | scraper.http         | Retrying with HTTP: http://bluetech00.gobizkorea.com/sitemap1.xml
2025-08-22 13:37:27,331 | WARNING | scraper.http         | HTTP fallback failed for http://bluetech00.gobizkorea.com/sitemap1.xml: HTTPConnectionPool(host='bluetech00.gobizkorea.com', port=80): Max retries exceeded with url: /sitemap1.xml (Caused by ConnectTimeoutError(<urllib3.connection.HTTPConnection object at 0x000001EBDBBC1480>, 'Connection to bluetech00.gobizkorea.com timed out. (connect timeout=10)'))
2025-08-22 13:37:59,356 | INFO    | scraper.http         | Retrying with www-prefix: https://www.bluetech00.gobizkorea.com/sitemap1.xml
2025-08-22 13:38:00,380 | WARNING | scraper.http         | www-prefix retry failed for https://www.bluetech00.gobizkorea.com/sitemap1.xml: HTTPSConnectionPool(host='www.bluetech00.gobizkorea.com', port=443): Max retries exceeded with url: /sitemap1.xml (Caused by NameResolutionError("<urllib3.connection.HTTPSConnection object at 0x000001EBDAB92710>: Failed to resolve 'www.bluetech00.gobizkorea.com' ([Errno 11001] getaddrinfo failed)"))
2025-08-22 13:38:00,381 | INFO    | scraper.http         | Retrying with HTTP: http://bluetech00.gobizkorea.com/sitemap1.xml
2025-08-22 13:38:31,421 | WARNING | scraper.http         | HTTP fallback failed for http://bluetech00.gobizkorea.com/sitemap1.xml: HTTPConnectionPool(host='bluetech00.gobizkorea.com', port=80): Max retries exceeded with url: /sitemap1.xml (Caused by ConnectTimeoutError(<urllib3.connection.HTTPConnection object at 0x000001EBDBBC0160>, 'Connection to bluetech00.gobizkorea.com timed out. (connect timeout=10)'))
2025-08-22 13:39:02,472 | INFO    | scraper.http         | Retrying with www-prefix: https://www.bluetech00.gobizkorea.com/robots.txt
2025-08-22 13:39:03,482 | WARNING | scraper.http         | www-prefix retry failed for https://www.bluetech00.gobizkorea.com/robots.txt: HTTPSConnectionPool(host='www.bluetech00.gobizkorea.com', port=443): Max retries exceeded with url: /robots.txt (Caused by NameResolutionError("<urllib3.connection.HTTPSConnection object at 0x000001EBDDF6CA50>: Failed to resolve 'www.bluetech00.gobizkorea.com' ([Errno 11001] getaddrinfo failed)"))
2025-08-22 13:39:03,482 | INFO    | scraper.http         | Retrying with HTTP: http://bluetech00.gobizkorea.com/robots.txt
2025-08-22 13:39:34,531 | WARNING | scraper.http         | HTTP fallback failed for http://bluetech00.gobizkorea.com/robots.txt: HTTPConnectionPool(host='bluetech00.gobizkorea.com', port=80): Max retries exceeded with url: /robots.txt (Caused by ConnectTimeoutError(<urllib3.connection.HTTPConnection object at 0x000001EBDBBC17B0>, 'Connection to bluetech00.gobizkorea.com timed out. (connect timeout=10)'))
2025-08-22 13:40:06,588 | INFO    | scraper.http         | Retrying with www-prefix: https://www.bluetech00.gobizkorea.com/robots.txt
2025-08-22 13:40:07,614 | WARNING | scraper.http         | www-prefix retry failed for https://www.bluetech00.gobizkorea.com/robots.txt: HTTPSConnectionPool(host='www.bluetech00.gobizkorea.com', port=443): Max retries exceeded with url: /robots.txt (Caused by NameResolutionError("<urllib3.connection.HTTPSConnection object at 0x000001EBDDF6C910>: Failed to resolve 'www.bluetech00.gobizkorea.com' ([Errno 11001] getaddrinfo failed)"))
2025-08-22 13:40:07,615 | INFO    | scraper.http         | Retrying with HTTP: http://bluetech00.gobizkorea.com/robots.txt
2025-08-22 13:40:38,664 | WARNING | scraper.http         | HTTP fallback failed for http://bluetech00.gobizkorea.com/robots.txt: HTTPConnectionPool(host='bluetech00.gobizkorea.com', port=80): Max retries exceeded with url: /robots.txt (Caused by ConnectTimeoutError(<urllib3.connection.HTTPConnection object at 0x000001EBDBBC2250>, 'Connection to bluetech00.gobizkorea.com timed out. (connect timeout=10)'))
2025-08-22 13:40:38,665 | INFO    | scraper.orchestrator | No emails found in sitemap, attempting fallback crawl: bluetech00.gobizkorea.com
2025-08-22 13:40:38,665 | INFO    | scraper.crawler      | Start crawl bluetech00.gobizkorea.com (limit=30, timeout=60s, workers=16)
2025-08-22 13:41:09,729 | INFO    | scraper.http         | Retrying with www-prefix: https://www.bluetech00.gobizkorea.com
2025-08-22 13:41:10,741 | WARNING | scraper.http         | www-prefix retry failed for https://www.bluetech00.gobizkorea.com: HTTPSConnectionPool(host='www.bluetech00.gobizkorea.com', port=443): Max retries exceeded with url: / (Caused by NameResolutionError("<urllib3.connection.HTTPSConnection object at 0x000001EBDA537250>: Failed to resolve 'www.bluetech00.gobizkorea.com' ([Errno 11001] getaddrinfo failed)"))
2025-08-22 13:41:10,741 | INFO    | scraper.http         | Retrying with HTTP: http://bluetech00.gobizkorea.com
2025-08-22 13:41:41,776 | WARNING | scraper.http         | HTTP fallback failed for http://bluetech00.gobizkorea.com: HTTPConnectionPool(host='bluetech00.gobizkorea.com', port=80): Max retries exceeded with url: / (Caused by ConnectTimeoutError(<urllib3.connection.HTTPConnection object at 0x000001EBDA4EF570>, 'Connection to bluetech00.gobizkorea.com timed out. (connect timeout=10)'))
2025-08-22 13:42:13,832 | INFO    | scraper.http         | Retrying with www-prefix: https://www.bluetech00.gobizkorea.com
2025-08-22 13:42:14,858 | WARNING | scraper.http         | www-prefix retry failed for https://www.bluetech00.gobizkorea.com: HTTPSConnectionPool(host='www.bluetech00.gobizkorea.com', port=443): Max retries exceeded with url: / (Caused by NameResolutionError("<urllib3.connection.HTTPSConnection object at 0x000001EBDAB90190>: Failed to resolve 'www.bluetech00.gobizkorea.com' ([Errno 11001] getaddrinfo failed)"))
2025-08-22 13:42:14,858 | INFO    | scraper.http         | Retrying with HTTP: http://bluetech00.gobizkorea.com
2025-08-22 13:42:45,891 | WARNING | scraper.http         | HTTP fallback failed for http://bluetech00.gobizkorea.com: HTTPConnectionPool(host='bluetech00.gobizkorea.com', port=80): Max retries exceeded with url: / (Caused by ConnectTimeoutError(<urllib3.connection.HTTPConnection object at 0x000001EBDBBC2030>, 'Connection to bluetech00.gobizkorea.com timed out. (connect timeout=10)'))
2025-08-22 13:42:45,892 | INFO    | scraper.crawler      | Crawl of bluetech00.gobizkorea.com completed: 0 pages fetched, 1 unique URLs seen, 0 emails, 127.2 s
2025-08-22 13:42:45,892 | INFO    | scraper.orchestrator | ✗ No emails found for bluetec haman
2025-08-22 13:42:46,072 | INFO    | scraper.cli          | BrowserService: shutdown complete
2025-08-22 13:42:46,109 | INFO    | scraper.cli          | 
+--------------------------------------------------+
| RUN SUMMARY                                      |
+--------------------------------------------------+
| Leads           :   9
| Domain found    :   9
| No Google hits  :   0
| Domain unclear  :   0
| Sitemap used    :   8
| With e-mail     :   7
| Without e-mail  :   2
| Google errors   :   0
| Processing errors:   0
| Unique e-mails  :  12
| Runtime         :  892.6 s
| HTTP Requests   : 174
| HTTP errors     :   0
| No-response     :   8
+--------------------------------------------------+
2025-08-22 13:42:46,110 | INFO    | scraper.cli          | Saved 12 rows -> results.xlsx
2025-08-22 13:42:46,110 | INFO    | scraper.cli          | Verbose log -> C:\Dev\Projects\Scraping_directory\THE_Email_Scraper\scraper_20250822_132753.log
