2025-08-23 01:26:39,560 | DEBUG   | scraper.output_formatter | Output formatter initialized (verbose=True)
2025-08-23 01:26:39,561 | INFO    | scraper.cli          | Email scraper starting
2025-08-23 01:26:39,561 | INFO    | scraper.cli          | Input file: test_input.xlsx
2025-08-23 01:26:39,561 | INFO    | scraper.cli          | Output file: results.xlsx
2025-08-23 01:26:39,561 | INFO    | scraper.cli          | Workers: 16
2025-08-23 01:26:39,561 | INFO    | scraper.cli          | Domain threshold: 65
2025-08-23 01:26:39,562 | INFO    | scraper.cli          | Max pages: 50
2025-08-23 01:26:39,562 | INFO    | scraper.cli          | Process PDFs: False
2025-08-23 01:26:39,562 | INFO    | scraper.cli          | Save domain only: False
2025-08-23 01:26:39,562 | INFO    | scraper.config       | Updated max workers to 16
2025-08-23 01:26:39,756 | INFO    | scraper.cli          | Loaded 8 companies from test_input.xlsx
2025-08-23 01:26:39,988 | INFO    | scraper.regex_cache  | Precompiling 11 regex patterns
2025-08-23 01:26:39,989 | DEBUG   | scraper.regex_cache  | Compiled and cached regex pattern: (?i)(?<![A-Z0-9._%+-])[A-Z0-9._%+-]+@(?:[A-Z0-9-]+ (0.611ms)
2025-08-23 01:26:39,989 | DEBUG   | scraper.regex_cache  | Precompiled pattern 'email_basic'
2025-08-23 01:26:39,989 | DEBUG   | scraper.regex_cache  | Compiled and cached regex pattern: mailto: (0.041ms)
2025-08-23 01:26:39,989 | DEBUG   | scraper.regex_cache  | Precompiled pattern 'mailto'
2025-08-23 01:26:39,990 | DEBUG   | scraper.regex_cache  | Compiled and cached regex pattern: 
            (?P<user>[A-Za-z0-9._%+-]+)           (0.548ms)
2025-08-23 01:26:39,990 | DEBUG   | scraper.regex_cache  | Precompiled pattern 'obfuscated_email'
2025-08-23 01:26:39,990 | DEBUG   | scraper.regex_cache  | Compiled and cached regex pattern: noreply@ (0.030ms)
2025-08-23 01:26:39,990 | DEBUG   | scraper.regex_cache  | Precompiled pattern 'noreply'
2025-08-23 01:26:39,990 | DEBUG   | scraper.regex_cache  | Compiled and cached regex pattern: donotreply@ (0.034ms)
2025-08-23 01:26:39,991 | DEBUG   | scraper.regex_cache  | Precompiled pattern 'donotreply'
2025-08-23 01:26:39,991 | DEBUG   | scraper.regex_cache  | Compiled and cached regex pattern: no-reply@ (0.034ms)
2025-08-23 01:26:39,991 | DEBUG   | scraper.regex_cache  | Precompiled pattern 'no_reply'
2025-08-23 01:26:39,991 | DEBUG   | scraper.regex_cache  | Compiled and cached regex pattern: webmaster@ (0.037ms)
2025-08-23 01:26:39,991 | DEBUG   | scraper.regex_cache  | Precompiled pattern 'webmaster'
2025-08-23 01:26:39,991 | DEBUG   | scraper.regex_cache  | Compiled and cached regex pattern: hostmaster@ (0.042ms)
2025-08-23 01:26:39,991 | DEBUG   | scraper.regex_cache  | Precompiled pattern 'hostmaster'
2025-08-23 01:26:39,992 | DEBUG   | scraper.regex_cache  | Compiled and cached regex pattern: postmaster@ (0.040ms)
2025-08-23 01:26:39,992 | DEBUG   | scraper.regex_cache  | Precompiled pattern 'postmaster'
2025-08-23 01:26:39,992 | DEBUG   | scraper.regex_cache  | Compiled and cached regex pattern: \.(?:png|jpe?g|gif)$ (0.094ms)
2025-08-23 01:26:39,992 | DEBUG   | scraper.regex_cache  | Precompiled pattern 'image_extensions'
2025-08-23 01:26:39,992 | DEBUG   | scraper.regex_cache  | Compiled and cached regex pattern: ^[0-9a-f]{20,}$ (0.065ms)
2025-08-23 01:26:39,993 | DEBUG   | scraper.regex_cache  | Precompiled pattern 'hex_local_parts'
2025-08-23 01:26:39,993 | INFO    | scraper.regex_cache  | Precompiled 11 common email extraction patterns
2025-08-23 01:26:39,994 | DEBUG   | asyncio              | Using proactor: IocpProactor
2025-08-23 01:26:40,152 | DEBUG   | scraper.google_search | Google search cache persistence enabled
2025-08-23 01:26:40,152 | DEBUG   | scraper.http_client  | Created optimized session template with connection pooling
2025-08-23 01:26:40,153 | DEBUG   | scraper.http_client  | Created new session for domain: googleapis.com
2025-08-23 01:26:40,153 | INFO    | scraper.google_search | Google API requests session initialized
2025-08-23 01:26:40,153 | DEBUG   | scraper.google_search | Google search cache persistence enabled
2025-08-23 01:26:40,153 | DEBUG   | scraper.google_search | Google search cache persistence enabled
2025-08-23 01:26:40,153 | INFO    | scraper.async_orchestrator | Starting streaming processing of 8 companies
2025-08-23 01:26:40,154 | DEBUG   | scraper.async_google_search | [TRACE] search_companies_streaming: start with 8 companies
2025-08-23 01:26:40,154 | DEBUG   | scraper.async_google_search | [TRACE] search_companies_streaming: created 8 tasks
2025-08-23 01:26:40,154 | DEBUG   | scraper.async_google_search | [TRACE] search_companies_streaming: awaiting next completed task
2025-08-23 01:26:40,154 | DEBUG   | scraper.async_google_search | [TRACE] run: starting search for walter schmidt chemie gmbh
2025-08-23 01:26:40,154 | DEBUG   | scraper.google_search | Google cache MISS for query: "walter schmidt chemie gmbh" contact email
2025-08-23 01:26:40,155 | INFO    | scraper.async_google_search | Async Google API session initialized (max_concurrent=10)
2025-08-23 01:26:40,155 | DEBUG   | scraper.async_google_search | Async Google API search: "walter schmidt chemie gmbh" contact email
2025-08-23 01:26:40,155 | DEBUG   | scraper.async_google_search | [TRACE] run: starting search for henan xinlianxin fertilizer 
2025-08-23 01:26:40,156 | DEBUG   | scraper.google_search | Google cache MISS for query: "henan xinlianxin fertilizer" contact email
2025-08-23 01:26:40,156 | DEBUG   | scraper.async_google_search | Async rate limiting: waiting 0.80 seconds
2025-08-23 01:26:40,156 | DEBUG   | scraper.async_google_search | [TRACE] run: starting search for mitsui toatsu chemicals 
2025-08-23 01:26:40,156 | DEBUG   | scraper.google_search | Google cache MISS for query: "mitsui toatsu chemicals" contact email
2025-08-23 01:26:40,156 | DEBUG   | scraper.async_google_search | [TRACE] run: starting search for daf trucks
2025-08-23 01:26:40,156 | DEBUG   | scraper.google_search | Google cache MISS for query: "daf trucks" contact email
2025-08-23 01:26:40,157 | DEBUG   | scraper.async_google_search | [TRACE] run: starting search for petrol rete 
2025-08-23 01:26:40,157 | DEBUG   | scraper.google_search | Google cache MISS for query: "petrol rete" contact email
2025-08-23 01:26:40,157 | DEBUG   | scraper.async_google_search | [TRACE] run: starting search for euro dam jas doo
2025-08-23 01:26:40,157 | DEBUG   | scraper.google_search | Google cache MISS for query: "euro dam jas doo" contact email
2025-08-23 01:26:40,157 | DEBUG   | scraper.async_google_search | [TRACE] run: starting search for Synsol
2025-08-23 01:26:40,157 | DEBUG   | scraper.google_search | Google cache MISS for query: "Synsol" contact email
2025-08-23 01:26:40,158 | DEBUG   | scraper.async_google_search | [TRACE] run: starting search for speedy fuels
2025-08-23 01:26:40,158 | DEBUG   | scraper.google_search | Google cache MISS for query: "speedy fuels" contact email
2025-08-23 01:26:40,407 | DEBUG   | scraper.async_google_search | Async Google search returned 10 results for: "walter schmidt chemie gmbh" contact email
2025-08-23 01:26:40,409 | DEBUG   | scraper.google_search | Cached Google results for query: "walter schmidt chemie gmbh" contact email (10 results)
2025-08-23 01:26:40,409 | DEBUG   | scraper.async_google_search | [TRACE] run: finished search for walter schmidt chemie gmbh
2025-08-23 01:26:40,410 | DEBUG   | scraper.async_google_search | [TRACE] search_companies_streaming: got results for walter schmidt chemie gmbh
2025-08-23 01:26:40,410 | DEBUG   | scraper.async_orchestrator | [TRACE] Pulled company from google search: walter schmidt chemie gmbh
2025-08-23 01:26:40,410 | DEBUG   | scraper.async_orchestrator | [TRACE] on_company_start called for: walter schmidt chemie gmbh
2025-08-23 01:26:40,410 | DEBUG   | scraper.async_orchestrator | [TRACE] on_company_start awaited for: walter schmidt chemie gmbh
2025-08-23 01:26:40,411 | DEBUG   | filelock             | Attempting to acquire lock 2337857370976 on C:\Dev\Projects\Scraping_directory\THE_Email_Scraper\.venv\Lib\site-packages\tldextract\.suffix_cache\publicsuffix.org-tlds\de84b5ca2167d4c83e38fb162f2e8738.tldextract.json.lock
2025-08-23 01:26:40,412 | DEBUG   | filelock             | Lock 2337857370976 acquired on C:\Dev\Projects\Scraping_directory\THE_Email_Scraper\.venv\Lib\site-packages\tldextract\.suffix_cache\publicsuffix.org-tlds\de84b5ca2167d4c83e38fb162f2e8738.tldextract.json.lock
2025-08-23 01:26:40,415 | DEBUG   | filelock             | Attempting to release lock 2337857370976 on C:\Dev\Projects\Scraping_directory\THE_Email_Scraper\.venv\Lib\site-packages\tldextract\.suffix_cache\publicsuffix.org-tlds\de84b5ca2167d4c83e38fb162f2e8738.tldextract.json.lock
2025-08-23 01:26:40,415 | DEBUG   | filelock             | Lock 2337857370976 released on C:\Dev\Projects\Scraping_directory\THE_Email_Scraper\.venv\Lib\site-packages\tldextract\.suffix_cache\publicsuffix.org-tlds\de84b5ca2167d4c83e38fb162f2e8738.tldextract.json.lock
2025-08-23 01:26:40,444 | DEBUG   | scraper.domain_scorer | Domain score for walter schmidt chemie gmbh and walter-schmidt-chemie.de: 89 (base: 89, penalty: 0)
2025-08-23 01:26:40,445 | DEBUG   | scraper.domain_scorer | Domain score for walter schmidt chemie gmbh and rocketreach.co: 45 (base: 45, penalty: 0)
2025-08-23 01:26:40,445 | DEBUG   | scraper.domain_scorer | Domain score for walter schmidt chemie gmbh and walter-schmidt-chemie.de: 89 (base: 89, penalty: 0)
2025-08-23 01:26:40,445 | DEBUG   | scraper.domain_scorer | Domain score for walter schmidt chemie gmbh and schmidt-zement.de: 74 (base: 74, penalty: 0)
2025-08-23 01:26:40,445 | DEBUG   | scraper.domain_scorer | Domain score for walter schmidt chemie gmbh and carlroth.com: 50 (base: 50, penalty: 0)
2025-08-23 01:26:40,446 | DEBUG   | scraper.domain_scorer | Domain score for walter schmidt chemie gmbh and schmidt-zement.de: 74 (base: 74, penalty: 0)
2025-08-23 01:26:40,446 | DEBUG   | scraper.domain_scorer | Domain score for walter schmidt chemie gmbh and noba-normteile.de: 42 (base: 42, penalty: 0)
2025-08-23 01:26:40,446 | DEBUG   | scraper.domain_scorer | Domain score for walter schmidt chemie gmbh and schmidt-zement.de: 74 (base: 74, penalty: 0)
2025-08-23 01:26:40,446 | DEBUG   | scraper.domain_scorer | Applied penalty to linkedin.com (contains linkedin.com)
2025-08-23 01:26:40,446 | DEBUG   | scraper.domain_scorer | Domain score for walter schmidt chemie gmbh and linkedin.com: 15 (base: 40, penalty: 25)
2025-08-23 01:26:40,447 | DEBUG   | scraper.domain_scorer | Domain score for walter schmidt chemie gmbh and schmidt-zement.de: 74 (base: 74, penalty: 0)
2025-08-23 01:26:40,447 | DEBUG   | scraper.domain_scorer | Best domain for walter schmidt chemie gmbh: https://www.walter-schmidt-chemie.de/en/contact/imprint.html (score: 89)
2025-08-23 01:26:40,447 | DEBUG   | scraper.async_orchestrator | [TRACE] Domain scored for walter schmidt chemie gmbh: https://www.walter-schmidt-chemie.de/en/contact/imprint.html
2025-08-23 01:26:40,447 | DEBUG   | scraper.async_google_search | [TRACE] search_companies_streaming: awaiting next completed task
2025-08-23 01:26:40,447 | DEBUG   | scraper.async_orchestrator | 🌐 Processing domain: walter-schmidt-chemie.de (score: 89)
2025-08-23 01:26:40,448 | INFO    | scraper.async_http_client | Probing domain (sequential) for access method: walter-schmidt-chemie.de
2025-08-23 01:26:40,448 | DEBUG   | scraper.async_http_client | Testing access method https: https://walter-schmidt-chemie.de
2025-08-23 01:26:40,959 | DEBUG   | scraper.async_google_search | Async Google API search: "henan xinlianxin fertilizer" contact email
2025-08-23 01:26:40,960 | DEBUG   | scraper.async_google_search | Async rate limiting: waiting 0.80 seconds
2025-08-23 01:26:41,103 | DEBUG   | scraper.async_google_search | Async Google search returned 10 results for: "henan xinlianxin fertilizer" contact email
2025-08-23 01:26:41,103 | DEBUG   | scraper.google_search | Cached Google results for query: "henan xinlianxin fertilizer" contact email (10 results)
2025-08-23 01:26:41,103 | DEBUG   | scraper.async_google_search | [TRACE] run: finished search for henan xinlianxin fertilizer 
2025-08-23 01:26:41,104 | DEBUG   | scraper.async_google_search | [TRACE] search_companies_streaming: got results for henan xinlianxin fertilizer 
2025-08-23 01:26:41,104 | DEBUG   | scraper.async_orchestrator | [TRACE] Pulled company from google search: henan xinlianxin fertilizer 
2025-08-23 01:26:41,104 | DEBUG   | scraper.async_orchestrator | [TRACE] on_company_start called for: henan xinlianxin fertilizer 
2025-08-23 01:26:41,104 | DEBUG   | scraper.async_orchestrator | [TRACE] on_company_start awaited for: henan xinlianxin fertilizer 
2025-08-23 01:26:41,104 | DEBUG   | scraper.domain_scorer | Applied penalty to facebook.com (contains facebook.com)
2025-08-23 01:26:41,105 | DEBUG   | scraper.domain_scorer | Domain score for henan xinlianxin fertilizer  and facebook.com: 0 (base: 25, penalty: 25)
2025-08-23 01:26:41,105 | DEBUG   | scraper.domain_scorer | Domain score for henan xinlianxin fertilizer  and jet-inc.com: 42 (base: 42, penalty: 0)
2025-08-23 01:26:41,105 | DEBUG   | scraper.domain_scorer | Applied penalty to linkedin.com (contains linkedin.com)
2025-08-23 01:26:41,106 | DEBUG   | scraper.domain_scorer | Domain score for henan xinlianxin fertilizer  and linkedin.com: 37 (base: 62, penalty: 25)
2025-08-23 01:26:41,106 | DEBUG   | scraper.domain_scorer | Domain score for henan xinlianxin fertilizer  and sinofert.com: 75 (base: 75, penalty: 0)
2025-08-23 01:26:41,106 | DEBUG   | scraper.domain_scorer | Applied penalty to cn.linkedin.com (contains linkedin.com)
2025-08-23 01:26:41,106 | DEBUG   | scraper.domain_scorer | Domain score for henan xinlianxin fertilizer  and cn.linkedin.com: 37 (base: 62, penalty: 25)
2025-08-23 01:26:41,107 | DEBUG   | scraper.domain_scorer | Domain score for henan xinlianxin fertilizer  and methanol.org: 50 (base: 50, penalty: 0)
2025-08-23 01:26:41,107 | DEBUG   | scraper.domain_scorer | Domain score for henan xinlianxin fertilizer  and issuu.com: 22 (base: 22, penalty: 0)
2025-08-23 01:26:41,107 | DEBUG   | scraper.domain_scorer | Domain score for henan xinlianxin fertilizer  and airproducts.com: 36 (base: 36, penalty: 0)
2025-08-23 01:26:41,107 | DEBUG   | scraper.domain_scorer | Domain score for henan xinlianxin fertilizer  and cell.com: 33 (base: 33, penalty: 0)
2025-08-23 01:26:41,108 | DEBUG   | scraper.domain_scorer | Domain score for henan xinlianxin fertilizer  and fertilizerpricing.com: 74 (base: 74, penalty: 0)
2025-08-23 01:26:41,108 | DEBUG   | scraper.domain_scorer | Best domain for henan xinlianxin fertilizer : http://www.sinofert.com/en/s/5635-15034-47938.html (score: 75)
2025-08-23 01:26:41,109 | DEBUG   | scraper.async_orchestrator | [TRACE] Domain scored for henan xinlianxin fertilizer : http://www.sinofert.com/en/s/5635-15034-47938.html
2025-08-23 01:26:41,109 | DEBUG   | scraper.async_google_search | [TRACE] search_companies_streaming: awaiting next completed task
2025-08-23 01:26:41,110 | DEBUG   | scraper.async_orchestrator | 🌐 Processing domain: sinofert.com (score: 75)
2025-08-23 01:26:41,110 | INFO    | scraper.async_http_client | Probing domain (sequential) for access method: sinofert.com
2025-08-23 01:26:41,110 | DEBUG   | scraper.async_http_client | Testing access method https: https://sinofert.com
2025-08-23 01:26:41,124 | WARNING | scraper.async_http_client | Async request failed (attempt 1/2): https://sinofert.com - Cannot connect to host sinofert.com:443 ssl:default [getaddrinfo failed]
2025-08-23 01:26:41,457 | DEBUG   | scraper.async_http_client | Async HEAD https://walter-schmidt-chemie.de -> 200 (len=0)
2025-08-23 01:26:41,457 | INFO    | scraper.async_http_client | Selected access method for walter-schmidt-chemie.de: https
2025-08-23 01:26:41,457 | DEBUG   | scraper.async_orchestrator | Using optimized URL pattern: https://walter-schmidt-chemie.de
2025-08-23 01:26:41,762 | DEBUG   | scraper.async_google_search | Async Google API search: "mitsui toatsu chemicals" contact email
2025-08-23 01:26:41,764 | DEBUG   | scraper.async_google_search | Async rate limiting: waiting 0.80 seconds
2025-08-23 01:26:41,911 | DEBUG   | scraper.async_google_search | Async Google search returned 10 results for: "mitsui toatsu chemicals" contact email
2025-08-23 01:26:41,911 | DEBUG   | scraper.google_search | Cached Google results for query: "mitsui toatsu chemicals" contact email (10 results)
2025-08-23 01:26:41,911 | DEBUG   | scraper.async_google_search | [TRACE] run: finished search for mitsui toatsu chemicals 
2025-08-23 01:26:41,911 | DEBUG   | scraper.async_google_search | [TRACE] search_companies_streaming: got results for mitsui toatsu chemicals 
2025-08-23 01:26:41,912 | DEBUG   | scraper.async_orchestrator | [TRACE] Pulled company from google search: mitsui toatsu chemicals 
2025-08-23 01:26:41,912 | DEBUG   | scraper.async_orchestrator | [TRACE] on_company_start called for: mitsui toatsu chemicals 
2025-08-23 01:26:41,912 | DEBUG   | scraper.async_orchestrator | [TRACE] on_company_start awaited for: mitsui toatsu chemicals 
2025-08-23 01:26:41,912 | DEBUG   | scraper.domain_scorer | Domain score for mitsui toatsu chemicals  and kuraray.com: 28 (base: 28, penalty: 0)
2025-08-23 01:26:41,912 | DEBUG   | scraper.domain_scorer | Domain score for mitsui toatsu chemicals  and globaldata.com: 30 (base: 30, penalty: 0)
2025-08-23 01:26:41,913 | DEBUG   | scraper.domain_scorer | Domain score for mitsui toatsu chemicals  and jp.mitsuichemicals.com: 88 (base: 88, penalty: 0)
2025-08-23 01:26:41,913 | DEBUG   | scraper.domain_scorer | Domain score for mitsui toatsu chemicals  and www3.epa.gov: 33 (base: 33, penalty: 0)
2025-08-23 01:26:41,913 | DEBUG   | scraper.domain_scorer | Domain score for mitsui toatsu chemicals  and bccresearch.com: 36 (base: 36, penalty: 0)
2025-08-23 01:26:41,913 | DEBUG   | scraper.domain_scorer | Domain score for mitsui toatsu chemicals  and carlyle.com: 54 (base: 54, penalty: 0)
2025-08-23 01:26:41,913 | DEBUG   | scraper.domain_scorer | Domain score for mitsui toatsu chemicals  and mc-croplifesolutions.com: 45 (base: 45, penalty: 0)
2025-08-23 01:26:41,914 | DEBUG   | scraper.domain_scorer | Domain score for mitsui toatsu chemicals  and agc.com: 33 (base: 33, penalty: 0)
2025-08-23 01:26:41,914 | DEBUG   | scraper.domain_scorer | Domain score for mitsui toatsu chemicals  and pubmed.ncbi.nlm.nih.gov: 40 (base: 40, penalty: 0)
2025-08-23 01:26:41,914 | DEBUG   | scraper.domain_scorer | Domain score for mitsui toatsu chemicals  and andersondevelopment.com: 25 (base: 25, penalty: 0)
2025-08-23 01:26:41,914 | DEBUG   | scraper.domain_scorer | Best domain for mitsui toatsu chemicals : https://jp.mitsuichemicals.com/en/corporate/number/index.htm (score: 88)
2025-08-23 01:26:41,914 | DEBUG   | scraper.async_orchestrator | [TRACE] Domain scored for mitsui toatsu chemicals : https://jp.mitsuichemicals.com/en/corporate/number/index.htm
2025-08-23 01:26:41,914 | DEBUG   | scraper.async_google_search | [TRACE] search_companies_streaming: awaiting next completed task
2025-08-23 01:26:41,915 | DEBUG   | scraper.async_orchestrator | 🌐 Processing domain: jp.mitsuichemicals.com (score: 88)
2025-08-23 01:26:41,915 | INFO    | scraper.async_http_client | Probing domain (sequential) for access method: jp.mitsuichemicals.com
2025-08-23 01:26:41,915 | DEBUG   | scraper.async_http_client | Testing access method https: https://jp.mitsuichemicals.com
2025-08-23 01:26:41,959 | DEBUG   | scraper.async_http_client | Async GET https://walter-schmidt-chemie.de -> 200 (len=20930)
2025-08-23 01:26:41,985 | DEBUG   | scraper.regex_cache  | Compiled and cached regex pattern: 
        (?P<user>[A-Za-z0-9._%+-]+)               (0.709ms)
2025-08-23 01:26:41,987 | INFO    | scraper.email_extractor |   0 emails on https://walter-schmidt-chemie.de (def from text)
2025-08-23 01:26:41,996 | DEBUG   | scraper.email_extractor |   0 emails on https://walter-schmidt-chemie.de (def from html)
2025-08-23 01:26:42,134 | WARNING | scraper.async_http_client | Async request failed (attempt 2/2): https://sinofert.com - Cannot connect to host sinofert.com:443 ssl:default [getaddrinfo failed]
2025-08-23 01:26:42,135 | WARNING | scraper.async_http_client | Async request failed (attempt 1/2): https://sinofert.com - Cannot connect to host sinofert.com:443 ssl:default [getaddrinfo failed]
2025-08-23 01:26:42,302 | DEBUG   | scraper.async_http_client | Async GET https://www.walter-schmidt-chemie.de/en/ -> 200 (len=20193)
2025-08-23 01:26:42,316 | INFO    | scraper.email_extractor |   0 emails on https://www.walter-schmidt-chemie.de/en/ (def from text)
2025-08-23 01:26:42,325 | DEBUG   | scraper.email_extractor |   0 emails on https://www.walter-schmidt-chemie.de/en/ (def from html)
2025-08-23 01:26:42,508 | DEBUG   | scraper.async_http_client | Async GET https://www.walter-schmidt-chemie.de/ -> 200 (len=20930)
2025-08-23 01:26:42,524 | INFO    | scraper.email_extractor |   0 emails on https://www.walter-schmidt-chemie.de/ (def from text)
2025-08-23 01:26:42,536 | DEBUG   | scraper.email_extractor |   0 emails on https://www.walter-schmidt-chemie.de/ (def from html)
2025-08-23 01:26:42,550 | DEBUG   | scraper.async_http_client | Async HEAD https://jp.mitsuichemicals.com -> 200 (len=0)
2025-08-23 01:26:42,550 | INFO    | scraper.async_http_client | Selected access method for jp.mitsuichemicals.com: https
2025-08-23 01:26:42,550 | DEBUG   | scraper.async_orchestrator | Using optimized URL pattern: https://jp.mitsuichemicals.com
2025-08-23 01:26:42,564 | DEBUG   | scraper.async_google_search | Async Google API search: "daf trucks" contact email
2025-08-23 01:26:42,565 | DEBUG   | scraper.async_google_search | Async rate limiting: waiting 0.80 seconds
2025-08-23 01:26:42,770 | DEBUG   | scraper.async_google_search | Async Google search returned 10 results for: "daf trucks" contact email
2025-08-23 01:26:42,771 | DEBUG   | scraper.google_search | Cached Google results for query: "daf trucks" contact email (10 results)
2025-08-23 01:26:42,771 | DEBUG   | scraper.async_google_search | [TRACE] run: finished search for daf trucks
2025-08-23 01:26:42,771 | DEBUG   | scraper.async_google_search | [TRACE] search_companies_streaming: got results for daf trucks
2025-08-23 01:26:42,771 | DEBUG   | scraper.async_orchestrator | [TRACE] Pulled company from google search: daf trucks
2025-08-23 01:26:42,771 | DEBUG   | scraper.async_orchestrator | [TRACE] on_company_start called for: daf trucks
2025-08-23 01:26:42,772 | DEBUG   | scraper.async_orchestrator | [TRACE] on_company_start awaited for: daf trucks
2025-08-23 01:26:42,772 | DEBUG   | scraper.domain_scorer | Domain score for daf trucks and daf.com: 100 (base: 100, penalty: 0)
2025-08-23 01:26:42,772 | DEBUG   | scraper.domain_scorer | Domain score for daf trucks and daf.global: 100 (base: 100, penalty: 0)
2025-08-23 01:26:42,772 | DEBUG   | scraper.domain_scorer | Domain score for daf trucks and daf.co.uk: 100 (base: 100, penalty: 0)
2025-08-23 01:26:42,772 | DEBUG   | scraper.domain_scorer | Domain score for daf trucks and rmi.daf.com: 100 (base: 100, penalty: 0)
2025-08-23 01:26:42,772 | DEBUG   | scraper.domain_scorer | Domain score for daf trucks and hereforddaftrucks.co.uk: 100 (base: 100, penalty: 0)
2025-08-23 01:26:42,772 | DEBUG   | scraper.domain_scorer | Domain score for daf trucks and gloucesterdaftrucks.co.uk: 100 (base: 100, penalty: 0)
2025-08-23 01:26:42,773 | DEBUG   | scraper.domain_scorer | Domain score for daf trucks and paccar.com: 36 (base: 36, penalty: 0)
2025-08-23 01:26:42,773 | DEBUG   | scraper.domain_scorer | Domain score for daf trucks and gbdaf.com: 75 (base: 75, penalty: 0)
2025-08-23 01:26:42,773 | DEBUG   | scraper.domain_scorer | Domain score for daf trucks and suttondaftrucks.co.uk: 100 (base: 100, penalty: 0)
2025-08-23 01:26:42,773 | DEBUG   | scraper.domain_scorer | Domain score for daf trucks and harrisdaf.com: 50 (base: 50, penalty: 0)
2025-08-23 01:26:42,773 | DEBUG   | scraper.domain_scorer | Best domain for daf trucks: https://www.daf.com/en/contact (score: 100)
2025-08-23 01:26:42,773 | DEBUG   | scraper.async_orchestrator | [TRACE] Domain scored for daf trucks: https://www.daf.com/en/contact
2025-08-23 01:26:42,774 | DEBUG   | scraper.async_google_search | [TRACE] search_companies_streaming: awaiting next completed task
2025-08-23 01:26:42,774 | DEBUG   | scraper.async_orchestrator | 🌐 Processing domain: daf.com (score: 100)
2025-08-23 01:26:42,774 | INFO    | scraper.async_http_client | Probing domain (sequential) for access method: daf.com
2025-08-23 01:26:42,774 | DEBUG   | scraper.async_http_client | Testing access method https: https://daf.com
2025-08-23 01:26:42,990 | DEBUG   | scraper.async_http_client | Async GET https://walter-schmidt-chemie.de/index.html -> 200 (len=20930)
2025-08-23 01:26:43,002 | INFO    | scraper.email_extractor |   0 emails on https://walter-schmidt-chemie.de/index.html (def from text)
2025-08-23 01:26:43,012 | DEBUG   | scraper.email_extractor |   0 emails on https://walter-schmidt-chemie.de/index.html (def from html)
2025-08-23 01:26:43,056 | DEBUG   | scraper.async_http_client | Async GET https://jp.mitsuichemicals.com -> 200 (len=149931)
2025-08-23 01:26:43,114 | INFO    | scraper.email_extractor |   0 emails on https://jp.mitsuichemicals.com (def from text)
2025-08-23 01:26:43,173 | DEBUG   | scraper.email_extractor |   0 emails on https://jp.mitsuichemicals.com (def from html)
2025-08-23 01:26:43,274 | DEBUG   | scraper.async_http_client | Async HEAD https://daf.com -> 200 (len=0)
2025-08-23 01:26:43,274 | INFO    | scraper.async_http_client | Selected access method for daf.com: https
2025-08-23 01:26:43,274 | DEBUG   | scraper.async_orchestrator | Using optimized URL pattern: https://daf.com
2025-08-23 01:26:43,276 | WARNING | scraper.async_http_client | Async request failed (attempt 2/2): https://sinofert.com - Cannot connect to host sinofert.com:443 ssl:default [getaddrinfo failed]
2025-08-23 01:26:43,276 | DEBUG   | scraper.async_http_client | Testing access method http: http://sinofert.com
2025-08-23 01:26:43,277 | WARNING | scraper.async_http_client | Async request failed (attempt 1/2): http://sinofert.com - Cannot connect to host sinofert.com:80 ssl:default [getaddrinfo failed]
2025-08-23 01:26:43,277 | WARNING | scraper.async_components | Circuit breaker OPEN for sinofert.com (5)
2025-08-23 01:26:43,370 | DEBUG   | scraper.async_google_search | Async Google API search: "petrol rete" contact email
2025-08-23 01:26:43,370 | DEBUG   | scraper.async_google_search | Async rate limiting: waiting 0.80 seconds
2025-08-23 01:26:43,445 | DEBUG   | scraper.async_http_client | Async GET https://daf.com -> 200 (len=85093)
2025-08-23 01:26:43,490 | INFO    | scraper.email_extractor |   0 emails on https://daf.com (def from text)
2025-08-23 01:26:43,525 | DEBUG   | scraper.email_extractor |   0 emails on https://daf.com (def from html)
2025-08-23 01:26:43,559 | DEBUG   | scraper.async_google_search | Async Google search returned 10 results for: "petrol rete" contact email
2025-08-23 01:26:43,560 | DEBUG   | scraper.google_search | Cached Google results for query: "petrol rete" contact email (10 results)
2025-08-23 01:26:43,560 | DEBUG   | scraper.async_google_search | [TRACE] run: finished search for petrol rete 
2025-08-23 01:26:43,561 | DEBUG   | scraper.async_http_client | Async GET https://jp.mitsuichemicals.com/jp/index.htm -> 200 (len=149931)
2025-08-23 01:26:43,613 | INFO    | scraper.email_extractor |   0 emails on https://jp.mitsuichemicals.com/jp/index.htm (def from text)
2025-08-23 01:26:43,656 | DEBUG   | scraper.email_extractor |   0 emails on https://jp.mitsuichemicals.com/jp/index.htm (def from html)
2025-08-23 01:26:43,701 | DEBUG   | scraper.async_google_search | [TRACE] search_companies_streaming: got results for petrol rete 
2025-08-23 01:26:43,701 | DEBUG   | scraper.async_orchestrator | [TRACE] Pulled company from google search: petrol rete 
2025-08-23 01:26:43,701 | DEBUG   | scraper.async_orchestrator | [TRACE] on_company_start called for: petrol rete 
2025-08-23 01:26:43,702 | DEBUG   | scraper.async_orchestrator | [TRACE] on_company_start awaited for: petrol rete 
2025-08-23 01:26:43,702 | DEBUG   | scraper.domain_scorer | Applied penalty to facebook.com (contains facebook.com)
2025-08-23 01:26:43,702 | DEBUG   | scraper.domain_scorer | Domain score for petrol rete  and facebook.com: 5 (base: 30, penalty: 25)
2025-08-23 01:26:43,702 | DEBUG   | scraper.domain_scorer | Domain score for petrol rete  and scribd.com: 19 (base: 19, penalty: 0)
2025-08-23 01:26:43,702 | DEBUG   | scraper.domain_scorer | Applied penalty to facebook.com (contains facebook.com)
2025-08-23 01:26:43,702 | DEBUG   | scraper.domain_scorer | Domain score for petrol rete  and facebook.com: 5 (base: 30, penalty: 25)
2025-08-23 01:26:43,702 | DEBUG   | scraper.domain_scorer | Domain score for petrol rete  and prezzibenzina.it: 46 (base: 46, penalty: 0)
2025-08-23 01:26:43,703 | DEBUG   | scraper.domain_scorer | Domain score for petrol rete  and alvolante.it: 53 (base: 53, penalty: 0)
2025-08-23 01:26:43,703 | DEBUG   | scraper.domain_scorer | Domain score for petrol rete  and piazzalucana.it: 23 (base: 23, penalty: 0)
2025-08-23 01:26:43,703 | DEBUG   | scraper.domain_scorer | Domain score for petrol rete  and geomonitorsnc.com: 40 (base: 40, penalty: 0)
2025-08-23 01:26:43,703 | DEBUG   | scraper.domain_scorer | Domain score for petrol rete  and alvolante.it: 53 (base: 53, penalty: 0)
2025-08-23 01:26:43,703 | DEBUG   | scraper.domain_scorer | Domain score for petrol rete  and gazzettadellavaldagri.it: 40 (base: 40, penalty: 0)
2025-08-23 01:26:43,703 | DEBUG   | scraper.domain_scorer | Domain score for petrol rete  and oraridiapertura24.it: 42 (base: 42, penalty: 0)
2025-08-23 01:26:43,703 | DEBUG   | scraper.domain_scorer | Best domain for petrol rete : https://www.alvolante.it/prezzo-carburante/basilicata/potenza/pompe-bianche-petrol-rete-59655 (score: 53)
2025-08-23 01:26:43,704 | DEBUG   | scraper.async_orchestrator | [TRACE] Domain scored for petrol rete : https://www.alvolante.it/prezzo-carburante/basilicata/potenza/pompe-bianche-petrol-rete-59655
2025-08-23 01:26:43,704 | DEBUG   | scraper.async_google_search | [TRACE] search_companies_streaming: awaiting next completed task
2025-08-23 01:26:43,956 | DEBUG   | scraper.async_http_client | Async GET https://jp.mitsuichemicals.com/en/index.htm -> 200 (len=159107)
2025-08-23 01:26:44,001 | INFO    | scraper.email_extractor |   0 emails on https://jp.mitsuichemicals.com/en/index.htm (def from text)
2025-08-23 01:26:44,040 | DEBUG   | scraper.email_extractor |   0 emails on https://jp.mitsuichemicals.com/en/index.htm (def from html)
2025-08-23 01:26:44,182 | DEBUG   | scraper.async_google_search | Async Google API search: "euro dam jas doo" contact email
2025-08-23 01:26:44,183 | DEBUG   | scraper.async_google_search | Async rate limiting: waiting 0.80 seconds
2025-08-23 01:26:44,224 | DEBUG   | scraper.async_http_client | Async GET https://parts.daf.com/ -> 200 (len=998274)
2025-08-23 01:26:44,298 | INFO    | scraper.email_extractor |   0 emails on https://parts.daf.com/ (def from text)
2025-08-23 01:26:44,310 | DEBUG   | scraper.email_extractor |   0 emails on https://parts.daf.com/ (def from html)
2025-08-23 01:26:44,322 | DEBUG   | scraper.async_http_client | Async GET https://walter-schmidt-chemie.de/unternehmen/ -> 200 (len=16915)
2025-08-23 01:26:44,331 | INFO    | scraper.email_extractor |   0 emails on https://walter-schmidt-chemie.de/unternehmen/ (def from text)
2025-08-23 01:26:44,337 | DEBUG   | scraper.email_extractor |   0 emails on https://walter-schmidt-chemie.de/unternehmen/ (def from html)
2025-08-23 01:26:44,347 | DEBUG   | scraper.async_google_search | Async Google search returned 10 results for: "euro dam jas doo" contact email
2025-08-23 01:26:44,347 | DEBUG   | scraper.google_search | Cached Google results for query: "euro dam jas doo" contact email (10 results)
2025-08-23 01:26:44,347 | DEBUG   | scraper.async_google_search | [TRACE] run: finished search for euro dam jas doo
2025-08-23 01:26:44,347 | DEBUG   | scraper.async_google_search | [TRACE] search_companies_streaming: got results for euro dam jas doo
2025-08-23 01:26:44,348 | DEBUG   | scraper.async_orchestrator | [TRACE] Pulled company from google search: euro dam jas doo
2025-08-23 01:26:44,348 | DEBUG   | scraper.async_orchestrator | [TRACE] on_company_start called for: euro dam jas doo
2025-08-23 01:26:44,348 | DEBUG   | scraper.async_orchestrator | [TRACE] on_company_start awaited for: euro dam jas doo
2025-08-23 01:26:44,348 | DEBUG   | scraper.domain_scorer | Applied penalty to ba.linkedin.com (contains linkedin.com)
2025-08-23 01:26:44,348 | DEBUG   | scraper.domain_scorer | Domain score for euro dam jas doo and ba.linkedin.com: 25 (base: 50, penalty: 25)
2025-08-23 01:26:44,349 | DEBUG   | scraper.domain_scorer | Applied penalty to instagram.com (contains instagram.com)
2025-08-23 01:26:44,349 | DEBUG   | scraper.domain_scorer | Domain score for euro dam jas doo and instagram.com: 12 (base: 37, penalty: 25)
2025-08-23 01:26:44,349 | DEBUG   | scraper.domain_scorer | Domain score for euro dam jas doo and goodyear.eu: 42 (base: 42, penalty: 0)
2025-08-23 01:26:44,349 | DEBUG   | scraper.domain_scorer | Domain score for euro dam jas doo and companywall.ba: 30 (base: 30, penalty: 0)
2025-08-23 01:26:44,349 | DEBUG   | scraper.domain_scorer | Applied penalty to linkedin.com (contains linkedin.com)
2025-08-23 01:26:44,349 | DEBUG   | scraper.domain_scorer | Domain score for euro dam jas doo and linkedin.com: 5 (base: 30, penalty: 25)
2025-08-23 01:26:44,350 | DEBUG   | scraper.domain_scorer | Applied penalty to facebook.com (contains facebook.com)
2025-08-23 01:26:44,350 | DEBUG   | scraper.domain_scorer | Domain score for euro dam jas doo and facebook.com: 21 (base: 46, penalty: 25)
2025-08-23 01:26:44,350 | DEBUG   | scraper.domain_scorer | Domain score for euro dam jas doo and jpautoceste.ba: 35 (base: 35, penalty: 0)
2025-08-23 01:26:44,350 | DEBUG   | scraper.domain_scorer | Applied penalty to facebook.com (contains facebook.com)
2025-08-23 01:26:44,350 | DEBUG   | scraper.domain_scorer | Domain score for euro dam jas doo and facebook.com: 21 (base: 46, penalty: 25)
2025-08-23 01:26:44,350 | DEBUG   | scraper.domain_scorer | Domain score for euro dam jas doo and scribd.com: 40 (base: 40, penalty: 0)
2025-08-23 01:26:44,351 | DEBUG   | scraper.domain_scorer | Domain score for euro dam jas doo and flek.ba: 40 (base: 40, penalty: 0)
2025-08-23 01:26:44,351 | DEBUG   | scraper.domain_scorer | Best domain for euro dam jas doo: https://www.goodyear.eu/bs_ba/consumer/all-dealers/lukavac/euro-dam-jas-doo-30092243.html (score: 42)
2025-08-23 01:26:44,351 | DEBUG   | scraper.async_orchestrator | [TRACE] Domain scored for euro dam jas doo: https://www.goodyear.eu/bs_ba/consumer/all-dealers/lukavac/euro-dam-jas-doo-30092243.html
2025-08-23 01:26:44,351 | DEBUG   | scraper.async_google_search | [TRACE] search_companies_streaming: awaiting next completed task
2025-08-23 01:26:44,351 | WARNING | scraper.async_http_client | Async request failed (attempt 2/2): http://sinofert.com - Cannot connect to host sinofert.com:80 ssl:default [getaddrinfo failed]
2025-08-23 01:26:44,351 | WARNING | scraper.async_components | Circuit breaker OPEN for sinofert.com (6)
2025-08-23 01:26:44,352 | DEBUG   | scraper.async_http_client | Circuit breaker open for domain: sinofert.com
2025-08-23 01:26:44,352 | DEBUG   | scraper.async_http_client | Testing access method https_www: https://www.sinofert.com
2025-08-23 01:26:44,352 | DEBUG   | scraper.async_http_client | Circuit breaker open for domain: sinofert.com
2025-08-23 01:26:44,352 | DEBUG   | scraper.async_http_client | Circuit breaker open for domain: sinofert.com
2025-08-23 01:26:44,352 | DEBUG   | scraper.async_http_client | Testing access method http_www: http://www.sinofert.com
2025-08-23 01:26:44,352 | DEBUG   | scraper.async_http_client | Circuit breaker open for domain: sinofert.com
2025-08-23 01:26:44,353 | DEBUG   | scraper.async_http_client | Circuit breaker open for domain: sinofert.com
2025-08-23 01:26:44,353 | WARNING | scraper.async_http_client | All access methods failed for domain: sinofert.com
2025-08-23 01:26:44,353 | WARNING | scraper.async_orchestrator | Could not establish connection to domain: sinofert.com
2025-08-23 01:26:44,593 | DEBUG   | scraper.async_http_client | Async GET https://eportal.daf.com/ -> 200 (len=1422)
2025-08-23 01:26:44,594 | INFO    | scraper.email_extractor |   0 emails on https://eportal.daf.com/ (def from text)
2025-08-23 01:26:44,595 | DEBUG   | scraper.email_extractor |   0 emails on https://eportal.daf.com/ (def from html)
2025-08-23 01:26:44,650 | DEBUG   | scraper.async_http_client | Async GET https://walter-schmidt-chemie.de/unternehmen/unternehmensvorstellung.html -> 200 (len=16915)
2025-08-23 01:26:44,660 | INFO    | scraper.email_extractor |   0 emails on https://walter-schmidt-chemie.de/unternehmen/unternehmensvorstellung.html (def from text)
2025-08-23 01:26:44,667 | DEBUG   | scraper.email_extractor |   0 emails on https://walter-schmidt-chemie.de/unternehmen/unternehmensvorstellung.html (def from html)
2025-08-23 01:26:44,853 | DEBUG   | scraper.async_http_client | Async GET https://daf.com/en/news-and-media -> 200 (len=104340)
2025-08-23 01:26:44,907 | DEBUG   | scraper.email_extractor | Attempting to clean 'rutger.kerstiens@daftrucks.com'
2025-08-23 01:26:44,921 | DEBUG   | scraper.email_extractor | Successfully cleaned 'rutger.kerstiens@daftrucks.com' → 'rutger.kerstiens@daftrucks.com'
2025-08-23 01:26:44,922 | INFO    | scraper.email_extractor |   1 emails on https://daf.com/en/news-and-media (def from text)
2025-08-23 01:26:44,922 | DEBUG   | scraper.hybrid_email_extractor | Static text hits: 1 on https://daf.com/en/news-and-media
2025-08-23 01:26:44,922 | DEBUG   | scraper.async_orchestrator | [CRAWL] https://daf.com/en/news-and-media +1 (total=1)
2025-08-23 01:26:44,971 | DEBUG   | scraper.async_http_client | Async GET https://jp.mitsuichemicals.com/cn/ -> 200 (len=1834)
2025-08-23 01:26:44,972 | INFO    | scraper.email_extractor |   0 emails on https://jp.mitsuichemicals.com/cn/ (def from text)
2025-08-23 01:26:44,973 | DEBUG   | scraper.email_extractor | Attempting to clean 'information@mcs.mitsui-chem.com'
2025-08-23 01:26:44,973 | DEBUG   | scraper.email_extractor | Successfully cleaned 'information@mcs.mitsui-chem.com' → 'information@mcs.mitsui-chem.com'
2025-08-23 01:26:44,973 | DEBUG   | scraper.email_extractor |   1 emails on https://jp.mitsuichemicals.com/cn/ (def from html)
2025-08-23 01:26:44,974 | DEBUG   | scraper.hybrid_email_extractor | HTML fallback hits: 1 on https://jp.mitsuichemicals.com/cn/
2025-08-23 01:26:44,974 | DEBUG   | scraper.async_orchestrator | [CRAWL] https://jp.mitsuichemicals.com/cn/ +1 (total=1)
2025-08-23 01:26:44,982 | DEBUG   | scraper.async_http_client | Async GET https://walter-schmidt-chemie.de/unternehmen/standorte.html -> 200 (len=16398)
2025-08-23 01:26:44,990 | INFO    | scraper.email_extractor |   0 emails on https://walter-schmidt-chemie.de/unternehmen/standorte.html (def from text)
2025-08-23 01:26:44,997 | DEBUG   | scraper.email_extractor |   0 emails on https://walter-schmidt-chemie.de/unternehmen/standorte.html (def from html)
2025-08-23 01:26:45,004 | DEBUG   | scraper.async_google_search | Async Google API search: "Synsol" contact email
2025-08-23 01:26:45,004 | DEBUG   | scraper.async_google_search | Async rate limiting: waiting 0.80 seconds
2025-08-23 01:26:45,144 | DEBUG   | scraper.async_google_search | Async Google search returned 10 results for: "Synsol" contact email
2025-08-23 01:26:45,144 | DEBUG   | scraper.google_search | Cached Google results for query: "Synsol" contact email (10 results)
2025-08-23 01:26:45,144 | DEBUG   | scraper.async_google_search | [TRACE] run: finished search for Synsol
2025-08-23 01:26:45,145 | DEBUG   | scraper.async_google_search | [TRACE] search_companies_streaming: got results for Synsol
2025-08-23 01:26:45,145 | DEBUG   | scraper.async_orchestrator | [TRACE] Pulled company from google search: Synsol
2025-08-23 01:26:45,145 | DEBUG   | scraper.async_orchestrator | [TRACE] on_company_start called for: Synsol
2025-08-23 01:26:45,146 | DEBUG   | scraper.async_orchestrator | [TRACE] on_company_start awaited for: Synsol
2025-08-23 01:26:45,146 | DEBUG   | scraper.domain_scorer | Domain score for Synsol and www1.mscdirect.com: 25 (base: 25, penalty: 0)
2025-08-23 01:26:45,146 | DEBUG   | scraper.domain_scorer | Domain score for Synsol and synsol.ch: 100 (base: 100, penalty: 0)
2025-08-23 01:26:45,147 | DEBUG   | scraper.domain_scorer | Domain score for Synsol and www1.mscdirect.com: 25 (base: 25, penalty: 0)
2025-08-23 01:26:45,147 | DEBUG   | scraper.domain_scorer | Domain score for Synsol and contactout.com: 33 (base: 33, penalty: 0)
2025-08-23 01:26:45,148 | DEBUG   | scraper.domain_scorer | Domain score for Synsol and synsol.ch: 100 (base: 100, penalty: 0)
2025-08-23 01:26:45,149 | DEBUG   | scraper.domain_scorer | Domain score for Synsol and mscdirect.com: 25 (base: 25, penalty: 0)
2025-08-23 01:26:45,150 | DEBUG   | scraper.domain_scorer | Applied penalty to crunchbase.com (contains crunchbase.com)
2025-08-23 01:26:45,150 | DEBUG   | scraper.domain_scorer | Domain score for Synsol and crunchbase.com: 8 (base: 33, penalty: 25)
2025-08-23 01:26:45,150 | DEBUG   | scraper.domain_scorer | Domain score for Synsol and find-and-update.company-information.service.gov.uk: 50 (base: 50, penalty: 0)
2025-08-23 01:26:45,151 | DEBUG   | scraper.domain_scorer | Domain score for Synsol and metalloidcorp.com: 22 (base: 22, penalty: 0)
2025-08-23 01:26:45,151 | DEBUG   | scraper.domain_scorer | Domain score for Synsol and find-and-update.company-information.service.gov.uk: 50 (base: 50, penalty: 0)
2025-08-23 01:26:45,151 | DEBUG   | scraper.domain_scorer | Best domain for Synsol: https://synsol.ch/privacy-policy-of-synsol-ag/ (score: 100)
2025-08-23 01:26:45,151 | DEBUG   | scraper.async_orchestrator | [TRACE] Domain scored for Synsol: https://synsol.ch/privacy-policy-of-synsol-ag/
2025-08-23 01:26:45,152 | DEBUG   | scraper.async_google_search | [TRACE] search_companies_streaming: awaiting next completed task
2025-08-23 01:26:45,152 | DEBUG   | scraper.async_orchestrator | 🌐 Processing domain: synsol.ch (score: 100)
2025-08-23 01:26:45,152 | INFO    | scraper.async_http_client | Probing domain (sequential) for access method: synsol.ch
2025-08-23 01:26:45,152 | DEBUG   | scraper.async_http_client | Testing access method https: https://synsol.ch
2025-08-23 01:26:45,175 | DEBUG   | scraper.async_http_client | Async GET https://daf.com/en/suppliers -> 200 (len=85945)
2025-08-23 01:26:45,207 | INFO    | scraper.email_extractor |   0 emails on https://daf.com/en/suppliers (def from text)
2025-08-23 01:26:45,238 | DEBUG   | scraper.email_extractor |   0 emails on https://daf.com/en/suppliers (def from html)
2025-08-23 01:26:45,266 | DEBUG   | scraper.async_http_client | Async GET https://jp.mitsuichemicals.com/jp/contact/index.htm -> 200 (len=113294)
2025-08-23 01:26:45,298 | INFO    | scraper.email_extractor |   0 emails on https://jp.mitsuichemicals.com/jp/contact/index.htm (def from text)
2025-08-23 01:26:45,328 | DEBUG   | scraper.email_extractor |   0 emails on https://jp.mitsuichemicals.com/jp/contact/index.htm (def from html)
2025-08-23 01:26:45,362 | DEBUG   | scraper.async_http_client | Async GET https://walter-schmidt-chemie.de/unternehmen/zertifizierungen/ -> 200 (len=17272)
2025-08-23 01:26:45,370 | INFO    | scraper.email_extractor |   0 emails on https://walter-schmidt-chemie.de/unternehmen/zertifizierungen/ (def from text)
2025-08-23 01:26:45,378 | DEBUG   | scraper.email_extractor |   0 emails on https://walter-schmidt-chemie.de/unternehmen/zertifizierungen/ (def from html)
2025-08-23 01:26:45,650 | DEBUG   | scraper.async_http_client | Async GET https://jp.mitsuichemicals.com/jp/corporate/index.htm -> 200 (len=132043)
2025-08-23 01:26:45,689 | INFO    | scraper.email_extractor |   0 emails on https://jp.mitsuichemicals.com/jp/corporate/index.htm (def from text)
2025-08-23 01:26:45,723 | DEBUG   | scraper.email_extractor |   0 emails on https://jp.mitsuichemicals.com/jp/corporate/index.htm (def from html)
2025-08-23 01:26:45,765 | DEBUG   | scraper.async_http_client | Async GET https://daf.com/en/working-at-daf -> 200 (len=117399)
2025-08-23 01:26:45,822 | INFO    | scraper.email_extractor |   0 emails on https://daf.com/en/working-at-daf (def from text)
2025-08-23 01:26:45,866 | DEBUG   | scraper.email_extractor |   0 emails on https://daf.com/en/working-at-daf (def from html)
2025-08-23 01:26:45,906 | DEBUG   | scraper.async_http_client | Async HEAD https://synsol.ch -> 200 (len=0)
2025-08-23 01:26:45,906 | INFO    | scraper.async_http_client | Selected access method for synsol.ch: https
2025-08-23 01:26:45,906 | DEBUG   | scraper.async_orchestrator | Using optimized URL pattern: https://synsol.ch
2025-08-23 01:26:45,907 | DEBUG   | scraper.async_google_search | Async Google API search: "speedy fuels" contact email
2025-08-23 01:26:45,976 | DEBUG   | scraper.async_http_client | Async GET https://synsol.ch -> 200 (len=204915)
2025-08-23 01:26:46,012 | DEBUG   | scraper.email_extractor | Attempting to clean 'info@synsol.ch'
2025-08-23 01:26:46,012 | DEBUG   | scraper.email_extractor | Successfully cleaned 'info@synsol.ch' → 'info@synsol.ch'
2025-08-23 01:26:46,012 | INFO    | scraper.email_extractor |   1 emails on https://synsol.ch (def from text)
2025-08-23 01:26:46,013 | DEBUG   | scraper.hybrid_email_extractor | Static text hits: 1 on https://synsol.ch
2025-08-23 01:26:46,013 | DEBUG   | scraper.async_orchestrator | Home candidates=1
2025-08-23 01:26:46,045 | DEBUG   | scraper.async_http_client | Async GET https://jp.mitsuichemicals.com/jp/corporate/message/index.htm -> 200 (len=113674)
2025-08-23 01:26:46,076 | INFO    | scraper.email_extractor |   0 emails on https://jp.mitsuichemicals.com/jp/corporate/message/index.htm (def from text)
2025-08-23 01:26:46,106 | DEBUG   | scraper.email_extractor |   0 emails on https://jp.mitsuichemicals.com/jp/corporate/message/index.htm (def from html)
2025-08-23 01:26:46,140 | DEBUG   | scraper.async_http_client | Async GET https://synsol.ch/ -> 200 (len=204915)
2025-08-23 01:26:46,181 | DEBUG   | scraper.email_extractor | Attempting to clean 'info@synsol.ch'
2025-08-23 01:26:46,182 | DEBUG   | scraper.email_extractor | Successfully cleaned 'info@synsol.ch' → 'info@synsol.ch'
2025-08-23 01:26:46,182 | INFO    | scraper.email_extractor |   1 emails on https://synsol.ch/ (def from text)
2025-08-23 01:26:46,182 | DEBUG   | scraper.hybrid_email_extractor | Static text hits: 1 on https://synsol.ch/
2025-08-23 01:26:46,217 | DEBUG   | scraper.async_google_search | Async Google search returned 10 results for: "speedy fuels" contact email
2025-08-23 01:26:46,218 | DEBUG   | scraper.google_search | Cached Google results for query: "speedy fuels" contact email (10 results)
2025-08-23 01:26:46,218 | DEBUG   | scraper.async_google_search | [TRACE] run: finished search for speedy fuels
2025-08-23 01:26:46,218 | DEBUG   | scraper.async_http_client | Async GET https://www.daf.com/en -> 200 (len=127477)
2025-08-23 01:26:46,277 | INFO    | scraper.email_extractor |   0 emails on https://www.daf.com/en (def from text)
2025-08-23 01:26:46,467 | DEBUG   | scraper.email_extractor |   0 emails on https://www.daf.com/en (def from html)
2025-08-23 01:26:46,513 | DEBUG   | scraper.async_http_client | Async GET https://walter-schmidt-chemie.de/unternehmen/wir-arbeiten-mit.html -> 200 (len=19058)
2025-08-23 01:26:46,522 | INFO    | scraper.email_extractor |   0 emails on https://walter-schmidt-chemie.de/unternehmen/wir-arbeiten-mit.html (def from text)
2025-08-23 01:26:46,531 | DEBUG   | scraper.email_extractor |   0 emails on https://walter-schmidt-chemie.de/unternehmen/wir-arbeiten-mit.html (def from html)
2025-08-23 01:26:46,540 | DEBUG   | scraper.async_google_search | [TRACE] search_companies_streaming: got results for speedy fuels
2025-08-23 01:26:46,541 | DEBUG   | scraper.async_orchestrator | [TRACE] Pulled company from google search: speedy fuels
2025-08-23 01:26:46,541 | DEBUG   | scraper.async_orchestrator | [TRACE] on_company_start called for: speedy fuels
2025-08-23 01:26:46,541 | DEBUG   | scraper.async_orchestrator | [TRACE] on_company_start awaited for: speedy fuels
2025-08-23 01:26:46,541 | DEBUG   | scraper.domain_scorer | Domain score for speedy fuels and speedyfuels.co.uk: 100 (base: 100, penalty: 0)
2025-08-23 01:26:46,541 | DEBUG   | scraper.domain_scorer | Domain score for speedy fuels and cdn.speedyfuels.co.uk: 100 (base: 100, penalty: 0)
2025-08-23 01:26:46,541 | DEBUG   | scraper.domain_scorer | Domain score for speedy fuels and sustainability.speedyfuels.co.uk: 100 (base: 100, penalty: 0)
2025-08-23 01:26:46,541 | DEBUG   | scraper.domain_scorer | Domain score for speedy fuels and cdn.speedyfuels.co.uk: 100 (base: 100, penalty: 0)
2025-08-23 01:26:46,542 | DEBUG   | scraper.domain_scorer | Domain score for speedy fuels and sustainability.speedyfuels.co.uk: 100 (base: 100, penalty: 0)
2025-08-23 01:26:46,542 | DEBUG   | scraper.domain_scorer | Applied penalty to uk.linkedin.com (contains linkedin.com)
2025-08-23 01:26:46,542 | DEBUG   | scraper.domain_scorer | Domain score for speedy fuels and uk.linkedin.com: 25 (base: 50, penalty: 25)
2025-08-23 01:26:46,542 | DEBUG   | scraper.domain_scorer | Domain score for speedy fuels and sustainability.speedyfuels.co.uk: 100 (base: 100, penalty: 0)
2025-08-23 01:26:46,542 | DEBUG   | scraper.domain_scorer | Domain score for speedy fuels and zoominfo.com: 15 (base: 15, penalty: 0)
2025-08-23 01:26:46,543 | DEBUG   | scraper.domain_scorer | Domain score for speedy fuels and sustainability.speedyfuels.co.uk: 100 (base: 100, penalty: 0)
2025-08-23 01:26:46,543 | DEBUG   | scraper.domain_scorer | Domain score for speedy fuels and crownoil.co.uk: 19 (base: 19, penalty: 0)
2025-08-23 01:26:46,543 | DEBUG   | scraper.domain_scorer | Best domain for speedy fuels: https://www.speedyfuels.co.uk/contact-us/ (score: 100)
2025-08-23 01:26:46,543 | DEBUG   | scraper.async_orchestrator | [TRACE] Domain scored for speedy fuels: https://www.speedyfuels.co.uk/contact-us/
2025-08-23 01:26:46,544 | DEBUG   | scraper.async_orchestrator | 🌐 Processing domain: speedyfuels.co.uk (score: 100)
2025-08-23 01:26:46,544 | INFO    | scraper.async_http_client | Probing domain (sequential) for access method: speedyfuels.co.uk
2025-08-23 01:26:46,544 | DEBUG   | scraper.async_http_client | Testing access method https: https://speedyfuels.co.uk
2025-08-23 01:26:46,545 | DEBUG   | scraper.async_http_client | Async GET https://synsol.ch/petrochemicals/ -> 200 (len=138808)
2025-08-23 01:26:46,565 | DEBUG   | scraper.email_extractor | Attempting to clean 'info@synsol.ch'
2025-08-23 01:26:46,566 | DEBUG   | scraper.email_extractor | Successfully cleaned 'info@synsol.ch' → 'info@synsol.ch'
2025-08-23 01:26:46,566 | INFO    | scraper.email_extractor |   1 emails on https://synsol.ch/petrochemicals/ (def from text)
2025-08-23 01:26:46,566 | DEBUG   | scraper.hybrid_email_extractor | Static text hits: 1 on https://synsol.ch/petrochemicals/
2025-08-23 01:26:46,588 | DEBUG   | scraper.async_http_client | Async GET https://jp.mitsuichemicals.com/jp/corporate/overview/index.htm -> 200 (len=111330)
2025-08-23 01:26:46,623 | INFO    | scraper.email_extractor |   0 emails on https://jp.mitsuichemicals.com/jp/corporate/overview/index.htm (def from text)
2025-08-23 01:26:46,660 | DEBUG   | scraper.email_extractor |   0 emails on https://jp.mitsuichemicals.com/jp/corporate/overview/index.htm (def from html)
2025-08-23 01:26:46,702 | DEBUG   | scraper.async_http_client | Async GET https://synsol.ch/base-oils-grp-i-ii-iii/ -> 200 (len=138999)
2025-08-23 01:26:46,727 | DEBUG   | scraper.email_extractor | Attempting to clean 'info@synsol.ch'
2025-08-23 01:26:46,728 | DEBUG   | scraper.email_extractor | Successfully cleaned 'info@synsol.ch' → 'info@synsol.ch'
2025-08-23 01:26:46,728 | INFO    | scraper.email_extractor |   1 emails on https://synsol.ch/base-oils-grp-i-ii-iii/ (def from text)
2025-08-23 01:26:46,728 | DEBUG   | scraper.hybrid_email_extractor | Static text hits: 1 on https://synsol.ch/base-oils-grp-i-ii-iii/
2025-08-23 01:26:46,748 | DEBUG   | scraper.async_http_client | Async GET https://www.daf.com/nl-nl -> 200 (len=125273)
2025-08-23 01:26:46,808 | INFO    | scraper.email_extractor |   0 emails on https://www.daf.com/nl-nl (def from text)
2025-08-23 01:26:46,859 | DEBUG   | scraper.email_extractor |   0 emails on https://www.daf.com/nl-nl (def from html)
2025-08-23 01:26:46,901 | DEBUG   | scraper.async_http_client | Async GET https://synsol.ch/bitumen/ -> 200 (len=138393)
2025-08-23 01:26:46,926 | DEBUG   | scraper.email_extractor | Attempting to clean 'info@synsol.ch'
2025-08-23 01:26:46,926 | DEBUG   | scraper.email_extractor | Successfully cleaned 'info@synsol.ch' → 'info@synsol.ch'
2025-08-23 01:26:46,926 | INFO    | scraper.email_extractor |   1 emails on https://synsol.ch/bitumen/ (def from text)
2025-08-23 01:26:46,927 | DEBUG   | scraper.hybrid_email_extractor | Static text hits: 1 on https://synsol.ch/bitumen/
2025-08-23 01:26:46,961 | DEBUG   | scraper.async_http_client | Async GET https://jp.mitsuichemicals.com/jp/corporate/management/index.htm -> 200 (len=116316)
2025-08-23 01:26:46,995 | INFO    | scraper.email_extractor |   0 emails on https://jp.mitsuichemicals.com/jp/corporate/management/index.htm (def from text)
2025-08-23 01:26:47,024 | DEBUG   | scraper.email_extractor |   0 emails on https://jp.mitsuichemicals.com/jp/corporate/management/index.htm (def from html)
2025-08-23 01:26:47,058 | DEBUG   | scraper.async_http_client | Async GET https://synsol.ch/coal/ -> 200 (len=138598)
2025-08-23 01:26:47,080 | DEBUG   | scraper.email_extractor | Attempting to clean 'info@synsol.ch'
2025-08-23 01:26:47,081 | DEBUG   | scraper.email_extractor | Successfully cleaned 'info@synsol.ch' → 'info@synsol.ch'
2025-08-23 01:26:47,081 | INFO    | scraper.email_extractor |   1 emails on https://synsol.ch/coal/ (def from text)
2025-08-23 01:26:47,081 | DEBUG   | scraper.hybrid_email_extractor | Static text hits: 1 on https://synsol.ch/coal/
2025-08-23 01:26:47,261 | DEBUG   | scraper.async_http_client | Async HEAD https://speedyfuels.co.uk -> 200 (len=0)
2025-08-23 01:26:47,261 | INFO    | scraper.async_http_client | Selected access method for speedyfuels.co.uk: https
2025-08-23 01:26:47,261 | DEBUG   | scraper.async_orchestrator | Using optimized URL pattern: https://speedyfuels.co.uk
2025-08-23 01:26:47,311 | DEBUG   | scraper.async_http_client | Async GET https://daf.com/en -> 200 (len=127477)
2025-08-23 01:26:47,372 | INFO    | scraper.email_extractor |   0 emails on https://daf.com/en (def from text)
2025-08-23 01:26:47,427 | DEBUG   | scraper.email_extractor |   0 emails on https://daf.com/en (def from html)
2025-08-23 01:26:47,588 | DEBUG   | scraper.async_http_client | Async GET https://speedyfuels.co.uk -> 200 (len=276481)
2025-08-23 01:26:47,662 | INFO    | scraper.email_extractor |   0 emails on https://speedyfuels.co.uk (def from text)
2025-08-23 01:26:47,693 | DEBUG   | scraper.email_extractor |   0 emails on https://speedyfuels.co.uk (def from html)
2025-08-23 01:26:47,722 | DEBUG   | scraper.async_http_client | Async GET https://daf.com/en/dealer-locator-page -> 200 (len=57796)
2025-08-23 01:26:47,745 | INFO    | scraper.email_extractor |   0 emails on https://daf.com/en/dealer-locator-page (def from text)
2025-08-23 01:26:47,765 | DEBUG   | scraper.email_extractor |   0 emails on https://daf.com/en/dealer-locator-page (def from html)
2025-08-23 01:26:47,782 | DEBUG   | scraper.async_http_client | Async GET https://walter-schmidt-chemie.de/produkte/ -> 200 (len=17804)
2025-08-23 01:26:47,791 | INFO    | scraper.email_extractor |   0 emails on https://walter-schmidt-chemie.de/produkte/ (def from text)
2025-08-23 01:26:47,800 | DEBUG   | scraper.email_extractor |   0 emails on https://walter-schmidt-chemie.de/produkte/ (def from html)
2025-08-23 01:26:47,810 | DEBUG   | scraper.async_http_client | Async GET https://www.speedyfuels.co.uk/ -> 200 (len=276481)
2025-08-23 01:26:47,867 | INFO    | scraper.email_extractor |   0 emails on https://www.speedyfuels.co.uk/ (def from text)
2025-08-23 01:26:47,907 | DEBUG   | scraper.email_extractor |   0 emails on https://www.speedyfuels.co.uk/ (def from html)
2025-08-23 01:26:47,939 | DEBUG   | scraper.async_http_client | Async GET https://jp.mitsuichemicals.com/jp/corporate/vision/index.htm -> 200 (len=35115)
2025-08-23 01:26:47,951 | INFO    | scraper.email_extractor |   0 emails on https://jp.mitsuichemicals.com/jp/corporate/vision/index.htm (def from text)
2025-08-23 01:26:47,963 | DEBUG   | scraper.email_extractor |   0 emails on https://jp.mitsuichemicals.com/jp/corporate/vision/index.htm (def from html)
2025-08-23 01:26:48,004 | DEBUG   | scraper.async_http_client | Async GET https://synsol.ch/lithium-hydroxide/ -> 200 (len=138502)
2025-08-23 01:26:48,031 | DEBUG   | scraper.email_extractor | Attempting to clean 'info@synsol.ch'
2025-08-23 01:26:48,031 | DEBUG   | scraper.email_extractor | Successfully cleaned 'info@synsol.ch' → 'info@synsol.ch'
2025-08-23 01:26:48,032 | INFO    | scraper.email_extractor |   1 emails on https://synsol.ch/lithium-hydroxide/ (def from text)
2025-08-23 01:26:48,032 | DEBUG   | scraper.hybrid_email_extractor | Static text hits: 1 on https://synsol.ch/lithium-hydroxide/
2025-08-23 01:26:48,182 | DEBUG   | scraper.async_http_client | Async GET https://walter-schmidt-chemie.de/produkte/produktsuche.html -> 200 (len=13412)
2025-08-23 01:26:48,190 | INFO    | scraper.email_extractor |   0 emails on https://walter-schmidt-chemie.de/produkte/produktsuche.html (def from text)
2025-08-23 01:26:48,196 | DEBUG   | scraper.email_extractor |   0 emails on https://walter-schmidt-chemie.de/produkte/produktsuche.html (def from html)
2025-08-23 01:26:48,227 | DEBUG   | scraper.async_http_client | Async GET https://sustainability.speedyfuels.co.uk/environment/ -> 200 (len=357269)
2025-08-23 01:26:48,367 | INFO    | scraper.email_extractor |   0 emails on https://sustainability.speedyfuels.co.uk/environment/ (def from text)
2025-08-23 01:26:48,960 | DEBUG   | scraper.email_extractor |   0 emails on https://sustainability.speedyfuels.co.uk/environment/ (def from html)
2025-08-23 01:26:49,301 | DEBUG   | scraper.async_http_client | Async GET https://www.daf.com.au -> 200 (len=129510)
2025-08-23 01:26:49,328 | INFO    | scraper.email_extractor |   0 emails on https://www.daf.com.au (def from text)
2025-08-23 01:26:49,356 | DEBUG   | scraper.email_extractor |   0 emails on https://www.daf.com.au (def from html)
2025-08-23 01:26:49,413 | DEBUG   | scraper.async_http_client | Async GET https://synsol.ch/heavy-alkylates/ -> 200 (len=138844)
2025-08-23 01:26:49,436 | DEBUG   | scraper.email_extractor | Attempting to clean 'info@synsol.ch'
2025-08-23 01:26:49,436 | DEBUG   | scraper.email_extractor | Successfully cleaned 'info@synsol.ch' → 'info@synsol.ch'
2025-08-23 01:26:49,436 | INFO    | scraper.email_extractor |   1 emails on https://synsol.ch/heavy-alkylates/ (def from text)
2025-08-23 01:26:49,436 | DEBUG   | scraper.hybrid_email_extractor | Static text hits: 1 on https://synsol.ch/heavy-alkylates/
2025-08-23 01:26:49,644 | DEBUG   | scraper.async_http_client | Async GET https://jp.mitsuichemicals.com/jp/corporate/group/domestic_01/index.htm -> 200 (len=167041)
2025-08-23 01:26:49,721 | INFO    | scraper.email_extractor |   0 emails on https://jp.mitsuichemicals.com/jp/corporate/group/domestic_01/index.htm (def from text)
2025-08-23 01:26:49,789 | DEBUG   | scraper.email_extractor |   0 emails on https://jp.mitsuichemicals.com/jp/corporate/group/domestic_01/index.htm (def from html)
2025-08-23 01:26:49,850 | DEBUG   | scraper.async_http_client | Async GET https://walter-schmidt-chemie.de/produkte/premiumprodukte/ -> 200 (len=16969)
2025-08-23 01:26:49,859 | INFO    | scraper.email_extractor |   0 emails on https://walter-schmidt-chemie.de/produkte/premiumprodukte/ (def from text)
2025-08-23 01:26:49,872 | DEBUG   | scraper.email_extractor |   0 emails on https://walter-schmidt-chemie.de/produkte/premiumprodukte/ (def from html)
2025-08-23 01:26:49,940 | DEBUG   | scraper.async_http_client | Async GET https://synsol.ch/n-paraffins/ -> 200 (len=138963)
2025-08-23 01:26:49,962 | DEBUG   | scraper.email_extractor | Attempting to clean 'info@synsol.ch'
2025-08-23 01:26:49,962 | DEBUG   | scraper.email_extractor | Successfully cleaned 'info@synsol.ch' → 'info@synsol.ch'
2025-08-23 01:26:49,962 | INFO    | scraper.email_extractor |   1 emails on https://synsol.ch/n-paraffins/ (def from text)
2025-08-23 01:26:49,962 | DEBUG   | scraper.hybrid_email_extractor | Static text hits: 1 on https://synsol.ch/n-paraffins/
2025-08-23 01:26:50,124 | DEBUG   | scraper.async_http_client | Async GET https://walter-schmidt-chemie.de/produkte/winterprodukte/ -> 200 (len=21977)
2025-08-23 01:26:50,140 | INFO    | scraper.email_extractor |   0 emails on https://walter-schmidt-chemie.de/produkte/winterprodukte/ (def from text)
2025-08-23 01:26:50,154 | DEBUG   | scraper.email_extractor |   0 emails on https://walter-schmidt-chemie.de/produkte/winterprodukte/ (def from html)
2025-08-23 01:26:50,174 | DEBUG   | scraper.async_http_client | Async GET https://jp.mitsuichemicals.com/jp/corporate/group/group/index.htm -> 200 (len=209930)
2025-08-23 01:26:50,284 | INFO    | scraper.email_extractor |   0 emails on https://jp.mitsuichemicals.com/jp/corporate/group/group/index.htm (def from text)
2025-08-23 01:26:50,376 | DEBUG   | scraper.email_extractor |   0 emails on https://jp.mitsuichemicals.com/jp/corporate/group/group/index.htm (def from html)
2025-08-23 01:26:50,533 | DEBUG   | scraper.async_http_client | Async GET https://www.speedyfuels.co.uk/services/emergency-delivery/ -> 200 (len=261584)
2025-08-23 01:26:50,603 | INFO    | scraper.email_extractor |   0 emails on https://www.speedyfuels.co.uk/services/emergency-delivery/ (def from text)
2025-08-23 01:26:50,639 | DEBUG   | scraper.email_extractor |   0 emails on https://www.speedyfuels.co.uk/services/emergency-delivery/ (def from html)
2025-08-23 01:26:50,733 | DEBUG   | scraper.async_http_client | Async GET https://www.speedyfuels.co.uk/products/ -> 200 (len=262900)
2025-08-23 01:26:50,826 | INFO    | scraper.email_extractor |   0 emails on https://www.speedyfuels.co.uk/products/ (def from text)
2025-08-23 01:26:50,861 | DEBUG   | scraper.email_extractor |   0 emails on https://www.speedyfuels.co.uk/products/ (def from html)
2025-08-23 01:26:50,906 | DEBUG   | scraper.async_http_client | Async GET https://walter-schmidt-chemie.de/produkte/sommerprodukte/ -> 200 (len=16511)
2025-08-23 01:26:50,922 | INFO    | scraper.email_extractor |   0 emails on https://walter-schmidt-chemie.de/produkte/sommerprodukte/ (def from text)
2025-08-23 01:26:50,938 | DEBUG   | scraper.email_extractor |   0 emails on https://walter-schmidt-chemie.de/produkte/sommerprodukte/ (def from html)
2025-08-23 01:26:50,959 | DEBUG   | scraper.async_http_client | Async GET https://jp.mitsuichemicals.com/jp/corporate/group/oversea_02/index.htm -> 200 (len=183677)
2025-08-23 01:26:51,030 | INFO    | scraper.email_extractor |   0 emails on https://jp.mitsuichemicals.com/jp/corporate/group/oversea_02/index.htm (def from text)
2025-08-23 01:26:51,096 | DEBUG   | scraper.email_extractor |   0 emails on https://jp.mitsuichemicals.com/jp/corporate/group/oversea_02/index.htm (def from html)
2025-08-23 01:26:51,224 | DEBUG   | scraper.async_http_client | Async GET https://www.daf.com.tw?MarketCode=TW -> 200 (len=22515)
2025-08-23 01:26:51,235 | INFO    | scraper.email_extractor |   0 emails on https://www.daf.com.tw?MarketCode=TW (def from text)
2025-08-23 01:26:51,245 | DEBUG   | scraper.email_extractor |   0 emails on https://www.daf.com.tw?MarketCode=TW (def from html)
2025-08-23 01:26:51,284 | DEBUG   | scraper.async_http_client | Async GET https://synsol.ch/isoparaffins/ -> 200 (len=138797)
2025-08-23 01:26:51,319 | DEBUG   | scraper.email_extractor | Attempting to clean 'info@synsol.ch'
2025-08-23 01:26:51,319 | DEBUG   | scraper.email_extractor | Successfully cleaned 'info@synsol.ch' → 'info@synsol.ch'
2025-08-23 01:26:51,320 | INFO    | scraper.email_extractor |   1 emails on https://synsol.ch/isoparaffins/ (def from text)
2025-08-23 01:26:51,320 | DEBUG   | scraper.hybrid_email_extractor | Static text hits: 1 on https://synsol.ch/isoparaffins/
2025-08-23 01:26:51,510 | DEBUG   | scraper.async_http_client | Async GET https://www.speedyfuels.co.uk/products/adblue/ -> 200 (len=262797)
2025-08-23 01:26:51,585 | INFO    | scraper.email_extractor |   0 emails on https://www.speedyfuels.co.uk/products/adblue/ (def from text)
2025-08-23 01:26:51,630 | DEBUG   | scraper.email_extractor |   0 emails on https://www.speedyfuels.co.uk/products/adblue/ (def from html)
2025-08-23 01:26:51,888 | DEBUG   | scraper.async_http_client | Async GET https://walter-schmidt-chemie.de/produkte/autopflegeprodukte/ -> 200 (len=27058)
2025-08-23 01:26:51,909 | INFO    | scraper.email_extractor |   0 emails on https://walter-schmidt-chemie.de/produkte/autopflegeprodukte/ (def from text)
2025-08-23 01:26:51,929 | DEBUG   | scraper.email_extractor |   0 emails on https://walter-schmidt-chemie.de/produkte/autopflegeprodukte/ (def from html)
2025-08-23 01:26:51,949 | DEBUG   | scraper.async_http_client | Async GET https://readytogo.daf.com/en -> 200 (len=209367)
2025-08-23 01:26:51,973 | INFO    | scraper.email_extractor |   0 emails on https://readytogo.daf.com/en (def from text)
2025-08-23 01:26:51,988 | DEBUG   | scraper.email_extractor |   0 emails on https://readytogo.daf.com/en (def from html)
2025-08-23 01:26:52,003 | DEBUG   | scraper.async_http_client | Async GET https://synsol.ch/cutback-asphalt/ -> 200 (len=138516)
2025-08-23 01:26:52,033 | DEBUG   | scraper.email_extractor | Attempting to clean 'info@synsol.ch'
2025-08-23 01:26:52,033 | DEBUG   | scraper.email_extractor | Successfully cleaned 'info@synsol.ch' → 'info@synsol.ch'
2025-08-23 01:26:52,033 | INFO    | scraper.email_extractor |   1 emails on https://synsol.ch/cutback-asphalt/ (def from text)
2025-08-23 01:26:52,033 | DEBUG   | scraper.hybrid_email_extractor | Static text hits: 1 on https://synsol.ch/cutback-asphalt/
2025-08-23 01:26:52,247 | DEBUG   | scraper.async_http_client | Async GET https://daf.com/en/driver-information/driver-manuals -> 200 (len=98356)
2025-08-23 01:26:52,295 | INFO    | scraper.email_extractor |   0 emails on https://daf.com/en/driver-information/driver-manuals (def from text)
2025-08-23 01:26:52,329 | DEBUG   | scraper.email_extractor |   0 emails on https://daf.com/en/driver-information/driver-manuals (def from html)
2025-08-23 01:26:52,519 | DEBUG   | scraper.async_http_client | Async GET https://www.speedyfuels.co.uk/products/biodiesel/ -> 200 (len=261691)
2025-08-23 01:26:52,573 | INFO    | scraper.email_extractor |   0 emails on https://www.speedyfuels.co.uk/products/biodiesel/ (def from text)
2025-08-23 01:26:52,604 | DEBUG   | scraper.email_extractor |   0 emails on https://www.speedyfuels.co.uk/products/biodiesel/ (def from html)
2025-08-23 01:26:52,637 | DEBUG   | scraper.async_http_client | Async GET https://rmi.daf.com -> 200 (len=65704)
2025-08-23 01:26:52,666 | INFO    | scraper.email_extractor |   0 emails on https://rmi.daf.com (def from text)
2025-08-23 01:26:52,691 | DEBUG   | scraper.email_extractor |   0 emails on https://rmi.daf.com (def from html)
2025-08-23 01:26:52,721 | DEBUG   | scraper.async_http_client | Async GET https://walter-schmidt-chemie.de/produkte/haus-garten-freizeit/ -> 200 (len=14983)
2025-08-23 01:26:52,732 | INFO    | scraper.email_extractor |   0 emails on https://walter-schmidt-chemie.de/produkte/haus-garten-freizeit/ (def from text)
2025-08-23 01:26:52,740 | DEBUG   | scraper.email_extractor |   0 emails on https://walter-schmidt-chemie.de/produkte/haus-garten-freizeit/ (def from html)
2025-08-23 01:26:52,750 | DEBUG   | scraper.async_http_client | Async GET https://jp.mitsuichemicals.com/jp/corporate/governance/index.htm -> 200 (len=183699)
2025-08-23 01:26:52,809 | INFO    | scraper.email_extractor |   0 emails on https://jp.mitsuichemicals.com/jp/corporate/governance/index.htm (def from text)
2025-08-23 01:26:52,866 | DEBUG   | scraper.email_extractor |   0 emails on https://jp.mitsuichemicals.com/jp/corporate/governance/index.htm (def from html)
2025-08-23 01:26:52,963 | DEBUG   | scraper.async_http_client | Async GET https://synsol.ch/urea/ -> 200 (len=138370)
2025-08-23 01:26:52,985 | DEBUG   | scraper.email_extractor | Attempting to clean 'info@synsol.ch'
2025-08-23 01:26:52,985 | DEBUG   | scraper.email_extractor | Successfully cleaned 'info@synsol.ch' → 'info@synsol.ch'
2025-08-23 01:26:52,986 | INFO    | scraper.email_extractor |   1 emails on https://synsol.ch/urea/ (def from text)
2025-08-23 01:26:52,986 | DEBUG   | scraper.hybrid_email_extractor | Static text hits: 1 on https://synsol.ch/urea/
2025-08-23 01:26:53,149 | DEBUG   | scraper.async_http_client | Async GET https://pti.daf.com -> 200 (len=43464)
2025-08-23 01:26:53,172 | INFO    | scraper.email_extractor |   0 emails on https://pti.daf.com (def from text)
2025-08-23 01:26:53,189 | DEBUG   | scraper.email_extractor |   0 emails on https://pti.daf.com (def from html)
2025-08-23 01:26:53,234 | DEBUG   | scraper.async_http_client | Async GET https://www.speedyfuels.co.uk/products/carbon-clean-kerosene/ -> 200 (len=260521)
2025-08-23 01:26:53,283 | INFO    | scraper.email_extractor |   0 emails on https://www.speedyfuels.co.uk/products/carbon-clean-kerosene/ (def from text)
2025-08-23 01:26:53,308 | DEBUG   | scraper.email_extractor |   0 emails on https://www.speedyfuels.co.uk/products/carbon-clean-kerosene/ (def from html)
2025-08-23 01:26:53,543 | DEBUG   | scraper.async_http_client | Async GET https://daf.com/en/about-daf -> 200 (len=89287)
2025-08-23 01:26:53,596 | INFO    | scraper.email_extractor |   0 emails on https://daf.com/en/about-daf (def from text)
2025-08-23 01:26:53,634 | DEBUG   | scraper.email_extractor |   0 emails on https://daf.com/en/about-daf (def from html)
2025-08-23 01:26:53,666 | DEBUG   | scraper.async_http_client | Async GET https://walter-schmidt-chemie.de/produkte/desinfektion/ -> 200 (len=15052)
2025-08-23 01:26:53,673 | INFO    | scraper.email_extractor |   0 emails on https://walter-schmidt-chemie.de/produkte/desinfektion/ (def from text)
2025-08-23 01:26:53,683 | DEBUG   | scraper.email_extractor |   0 emails on https://walter-schmidt-chemie.de/produkte/desinfektion/ (def from html)
2025-08-23 01:26:53,720 | DEBUG   | scraper.async_http_client | Async GET https://jp.mitsuichemicals.com/jp/corporate/policylist/index.htm -> 200 (len=144859)
2025-08-23 01:26:53,780 | INFO    | scraper.email_extractor |   0 emails on https://jp.mitsuichemicals.com/jp/corporate/policylist/index.htm (def from text)
2025-08-23 01:26:53,831 | DEBUG   | scraper.email_extractor |   0 emails on https://jp.mitsuichemicals.com/jp/corporate/policylist/index.htm (def from html)
2025-08-23 01:26:53,933 | DEBUG   | scraper.async_http_client | Async GET https://synsol.ch/aromatics-100-150/ -> 200 (len=138546)
2025-08-23 01:26:53,971 | DEBUG   | scraper.email_extractor | Attempting to clean 'info@synsol.ch'
2025-08-23 01:26:53,972 | DEBUG   | scraper.email_extractor | Successfully cleaned 'info@synsol.ch' → 'info@synsol.ch'
2025-08-23 01:26:53,972 | INFO    | scraper.email_extractor |   1 emails on https://synsol.ch/aromatics-100-150/ (def from text)
2025-08-23 01:26:53,972 | DEBUG   | scraper.hybrid_email_extractor | Static text hits: 1 on https://synsol.ch/aromatics-100-150/
2025-08-23 01:26:54,006 | DEBUG   | scraper.async_http_client | Async GET https://www.speedyfuels.co.uk/products/carbon-offset-fuels/ -> 200 (len=273626)
2025-08-23 01:26:54,089 | INFO    | scraper.email_extractor |   0 emails on https://www.speedyfuels.co.uk/products/carbon-offset-fuels/ (def from text)
2025-08-23 01:26:54,128 | DEBUG   | scraper.email_extractor |   0 emails on https://www.speedyfuels.co.uk/products/carbon-offset-fuels/ (def from html)
2025-08-23 01:26:54,166 | DEBUG   | scraper.async_http_client | Async GET https://daf.com/en/products-and-services -> 200 (len=154485)
2025-08-23 01:26:54,233 | INFO    | scraper.email_extractor |   0 emails on https://daf.com/en/products-and-services (def from text)
2025-08-23 01:26:54,321 | DEBUG   | scraper.email_extractor |   0 emails on https://daf.com/en/products-and-services (def from html)
2025-08-23 01:26:54,383 | DEBUG   | scraper.async_http_client | Async GET https://www.speedyfuels.co.uk/products/diesel/ -> 200 (len=264375)
2025-08-23 01:26:54,462 | INFO    | scraper.email_extractor |   0 emails on https://www.speedyfuels.co.uk/products/diesel/ (def from text)
2025-08-23 01:26:54,495 | DEBUG   | scraper.email_extractor |   0 emails on https://www.speedyfuels.co.uk/products/diesel/ (def from html)
2025-08-23 01:26:54,742 | DEBUG   | scraper.async_http_client | Async GET https://jp.mitsuichemicals.com/jp/corporate/purchasing/index.htm -> 200 (len=109357)
2025-08-23 01:26:54,779 | INFO    | scraper.email_extractor |   0 emails on https://jp.mitsuichemicals.com/jp/corporate/purchasing/index.htm (def from text)
2025-08-23 01:26:54,810 | DEBUG   | scraper.email_extractor |   0 emails on https://jp.mitsuichemicals.com/jp/corporate/purchasing/index.htm (def from html)
2025-08-23 01:26:54,848 | DEBUG   | scraper.async_http_client | Async GET https://www.speedyfuels.co.uk/products/storage-tanks/ -> 200 (len=258782)
2025-08-23 01:26:54,926 | INFO    | scraper.email_extractor |   0 emails on https://www.speedyfuels.co.uk/products/storage-tanks/ (def from text)
2025-08-23 01:26:54,954 | DEBUG   | scraper.email_extractor |   0 emails on https://www.speedyfuels.co.uk/products/storage-tanks/ (def from html)
2025-08-23 01:26:54,987 | DEBUG   | scraper.async_http_client | Async GET https://daf.com/en/contact -> 200 (len=122323)
2025-08-23 01:26:55,038 | INFO    | scraper.email_extractor |   0 emails on https://daf.com/en/contact (def from text)
2025-08-23 01:26:55,088 | DEBUG   | scraper.email_extractor |   0 emails on https://daf.com/en/contact (def from html)
2025-08-23 01:26:55,127 | DEBUG   | scraper.async_http_client | Async GET https://synsol.ch/bright-stock/ -> 200 (len=138380)
2025-08-23 01:26:55,150 | DEBUG   | scraper.email_extractor | Attempting to clean 'info@synsol.ch'
2025-08-23 01:26:55,150 | DEBUG   | scraper.email_extractor | Successfully cleaned 'info@synsol.ch' → 'info@synsol.ch'
2025-08-23 01:26:55,150 | INFO    | scraper.email_extractor |   1 emails on https://synsol.ch/bright-stock/ (def from text)
2025-08-23 01:26:55,151 | DEBUG   | scraper.hybrid_email_extractor | Static text hits: 1 on https://synsol.ch/bright-stock/
2025-08-23 01:26:55,170 | DEBUG   | scraper.async_http_client | Async GET https://jp.mitsuichemicals.com/jp/corporate/brand/index.htm -> 200 (len=27790)
2025-08-23 01:26:55,176 | INFO    | scraper.email_extractor |   0 emails on https://jp.mitsuichemicals.com/jp/corporate/brand/index.htm (def from text)
2025-08-23 01:26:55,183 | DEBUG   | scraper.email_extractor |   0 emails on https://jp.mitsuichemicals.com/jp/corporate/brand/index.htm (def from html)
2025-08-23 01:26:55,194 | DEBUG   | scraper.async_http_client | Async GET https://www.speedyfuels.co.uk/products/hvo-fuel/ -> 200 (len=273163)
2025-08-23 01:26:55,251 | INFO    | scraper.email_extractor |   0 emails on https://www.speedyfuels.co.uk/products/hvo-fuel/ (def from text)
2025-08-23 01:26:55,280 | DEBUG   | scraper.email_extractor |   0 emails on https://www.speedyfuels.co.uk/products/hvo-fuel/ (def from html)
2025-08-23 01:26:55,555 | DEBUG   | scraper.async_http_client | Async GET https://daf.com/en/contact/pems-testing-service-contact-page -> 200 (len=75088)
2025-08-23 01:26:55,586 | INFO    | scraper.email_extractor |   0 emails on https://daf.com/en/contact/pems-testing-service-contact-page (def from text)
2025-08-23 01:26:55,616 | DEBUG   | scraper.email_extractor |   0 emails on https://daf.com/en/contact/pems-testing-service-contact-page (def from html)
2025-08-23 01:26:55,810 | DEBUG   | scraper.async_http_client | Async GET https://jp.mitsuichemicals.com/jp/corporate/number/index.htm -> 200 (len=55374)
2025-08-23 01:26:55,830 | INFO    | scraper.email_extractor |   0 emails on https://jp.mitsuichemicals.com/jp/corporate/number/index.htm (def from text)
2025-08-23 01:26:55,852 | DEBUG   | scraper.email_extractor |   0 emails on https://jp.mitsuichemicals.com/jp/corporate/number/index.htm (def from html)
2025-08-23 01:26:55,879 | DEBUG   | scraper.async_http_client | Async GET https://walter-schmidt-chemie.de/produkte/adblue/ -> 200 (len=14915)
2025-08-23 01:26:55,894 | INFO    | scraper.email_extractor |   0 emails on https://walter-schmidt-chemie.de/produkte/adblue/ (def from text)
2025-08-23 01:26:55,902 | DEBUG   | scraper.email_extractor |   0 emails on https://walter-schmidt-chemie.de/produkte/adblue/ (def from html)
2025-08-23 01:26:55,910 | DEBUG   | scraper.async_http_client | Async GET https://daf.com/en/legal/code-of-conduct -> 200 (len=76447)
2025-08-23 01:26:55,937 | INFO    | scraper.email_extractor |   0 emails on https://daf.com/en/legal/code-of-conduct (def from text)
2025-08-23 01:26:55,961 | DEBUG   | scraper.email_extractor |   0 emails on https://daf.com/en/legal/code-of-conduct (def from html)
2025-08-23 01:26:55,985 | DEBUG   | scraper.async_http_client | Async GET https://www.speedyfuels.co.uk/products/speedy-flame-industrial-heating-oil/ -> 200 (len=262931)
2025-08-23 01:26:56,046 | INFO    | scraper.email_extractor |   0 emails on https://www.speedyfuels.co.uk/products/speedy-flame-industrial-heating-oil/ (def from text)
2025-08-23 01:26:56,076 | DEBUG   | scraper.email_extractor |   0 emails on https://www.speedyfuels.co.uk/products/speedy-flame-industrial-heating-oil/ (def from html)
2025-08-23 01:26:56,102 | DEBUG   | scraper.async_http_client | Async GET https://synsol.ch/white-spirit/ -> 200 (len=138462)
2025-08-23 01:26:56,125 | DEBUG   | scraper.email_extractor | Attempting to clean 'info@synsol.ch'
2025-08-23 01:26:56,125 | DEBUG   | scraper.email_extractor | Successfully cleaned 'info@synsol.ch' → 'info@synsol.ch'
2025-08-23 01:26:56,126 | INFO    | scraper.email_extractor |   1 emails on https://synsol.ch/white-spirit/ (def from text)
2025-08-23 01:26:56,126 | DEBUG   | scraper.hybrid_email_extractor | Static text hits: 1 on https://synsol.ch/white-spirit/
2025-08-23 01:26:56,210 | DEBUG   | scraper.async_http_client | Async GET https://walter-schmidt-chemie.de/produkte/professional-reiniger/ -> 200 (len=23868)
2025-08-23 01:26:56,226 | INFO    | scraper.email_extractor |   0 emails on https://walter-schmidt-chemie.de/produkte/professional-reiniger/ (def from text)
2025-08-23 01:26:56,241 | DEBUG   | scraper.email_extractor |   0 emails on https://walter-schmidt-chemie.de/produkte/professional-reiniger/ (def from html)
2025-08-23 01:26:56,262 | DEBUG   | scraper.async_http_client | Async GET https://daf.com/en/working-at-daf/onboarding -> 200 (len=82932)
2025-08-23 01:26:56,304 | INFO    | scraper.email_extractor |   0 emails on https://daf.com/en/working-at-daf/onboarding (def from text)
2025-08-23 01:26:56,353 | DEBUG   | scraper.email_extractor |   0 emails on https://daf.com/en/working-at-daf/onboarding (def from html)
2025-08-23 01:26:56,580 | DEBUG   | scraper.async_http_client | Async GET https://rmi.daf.com/ -> 200 (len=65704)
2025-08-23 01:26:56,605 | INFO    | scraper.email_extractor |   0 emails on https://rmi.daf.com/ (def from text)
2025-08-23 01:26:56,636 | DEBUG   | scraper.email_extractor |   0 emails on https://rmi.daf.com/ (def from html)
2025-08-23 01:26:56,672 | DEBUG   | scraper.async_http_client | Async GET https://walter-schmidt-chemie.de/produkte/reiniger/ -> 200 (len=29008)
2025-08-23 01:26:56,694 | INFO    | scraper.email_extractor |   0 emails on https://walter-schmidt-chemie.de/produkte/reiniger/ (def from text)
2025-08-23 01:26:56,715 | DEBUG   | scraper.email_extractor |   0 emails on https://walter-schmidt-chemie.de/produkte/reiniger/ (def from html)
2025-08-23 01:26:56,740 | DEBUG   | scraper.async_http_client | Async GET https://www.speedyfuels.co.uk/products/kerosene/ -> 200 (len=266037)
2025-08-23 01:26:56,817 | INFO    | scraper.email_extractor |   0 emails on https://www.speedyfuels.co.uk/products/kerosene/ (def from text)
2025-08-23 01:26:56,856 | DEBUG   | scraper.email_extractor |   0 emails on https://www.speedyfuels.co.uk/products/kerosene/ (def from html)
2025-08-23 01:26:56,899 | DEBUG   | scraper.async_http_client | Async GET https://jp.mitsuichemicals.com/jp/special/creation_palette/index.htm -> 200 (len=14252)
2025-08-23 01:26:56,909 | INFO    | scraper.email_extractor |   0 emails on https://jp.mitsuichemicals.com/jp/special/creation_palette/index.htm (def from text)
2025-08-23 01:26:56,921 | DEBUG   | scraper.email_extractor |   0 emails on https://jp.mitsuichemicals.com/jp/special/creation_palette/index.htm (def from html)
2025-08-23 01:26:56,931 | DEBUG   | scraper.async_http_client | Async GET https://www.daf.com/en/sites-landing -> 200 (len=85093)
2025-08-23 01:26:56,978 | INFO    | scraper.email_extractor |   0 emails on https://www.daf.com/en/sites-landing (def from text)
2025-08-23 01:26:57,026 | DEBUG   | scraper.email_extractor |   0 emails on https://www.daf.com/en/sites-landing (def from html)
2025-08-23 01:26:57,090 | DEBUG   | scraper.async_http_client | Async GET https://synsol.ch/ulsd-gasoil-en590/ -> 200 (len=138548)
2025-08-23 01:26:57,128 | DEBUG   | scraper.email_extractor | Attempting to clean 'info@synsol.ch'
2025-08-23 01:26:57,128 | DEBUG   | scraper.email_extractor | Successfully cleaned 'info@synsol.ch' → 'info@synsol.ch'
2025-08-23 01:26:57,128 | INFO    | scraper.email_extractor |   1 emails on https://synsol.ch/ulsd-gasoil-en590/ (def from text)
2025-08-23 01:26:57,128 | DEBUG   | scraper.hybrid_email_extractor | Static text hits: 1 on https://synsol.ch/ulsd-gasoil-en590/
2025-08-23 01:26:57,318 | DEBUG   | scraper.async_http_client | Async GET https://daf.com/en/legal/legal-notice -> 200 (len=74386)
2025-08-23 01:26:57,374 | INFO    | scraper.email_extractor |   0 emails on https://daf.com/en/legal/legal-notice (def from text)
2025-08-23 01:26:57,723 | DEBUG   | scraper.email_extractor |   0 emails on https://daf.com/en/legal/legal-notice (def from html)
2025-08-23 01:26:57,755 | DEBUG   | scraper.async_http_client | Async GET https://www.speedyfuels.co.uk/products/45-gallon-drums-205-litre-barrels/ -> 200 (len=265115)
2025-08-23 01:26:57,822 | INFO    | scraper.email_extractor |   0 emails on https://www.speedyfuels.co.uk/products/45-gallon-drums-205-litre-barrels/ (def from text)
2025-08-23 01:26:57,855 | DEBUG   | scraper.email_extractor |   0 emails on https://www.speedyfuels.co.uk/products/45-gallon-drums-205-litre-barrels/ (def from html)
2025-08-23 01:26:57,941 | DEBUG   | scraper.async_http_client | Async GET https://synsol.ch/vgo/ -> 200 (len=138305)
2025-08-23 01:26:57,972 | DEBUG   | scraper.email_extractor | Attempting to clean 'info@synsol.ch'
2025-08-23 01:26:57,973 | DEBUG   | scraper.email_extractor | Successfully cleaned 'info@synsol.ch' → 'info@synsol.ch'
2025-08-23 01:26:57,973 | INFO    | scraper.email_extractor |   1 emails on https://synsol.ch/vgo/ (def from text)
2025-08-23 01:26:57,973 | DEBUG   | scraper.hybrid_email_extractor | Static text hits: 1 on https://synsol.ch/vgo/
2025-08-23 01:26:57,994 | DEBUG   | scraper.async_http_client | Async GET https://www.speedyfuels.co.uk/products/red-diesel/ -> 200 (len=268064)
2025-08-23 01:26:58,058 | INFO    | scraper.email_extractor |   0 emails on https://www.speedyfuels.co.uk/products/red-diesel/ (def from text)
2025-08-23 01:26:58,092 | DEBUG   | scraper.email_extractor |   0 emails on https://www.speedyfuels.co.uk/products/red-diesel/ (def from html)
2025-08-23 01:26:58,120 | DEBUG   | scraper.async_http_client | Async GET https://walter-schmidt-chemie.de/produkte/putztuchrollen/ -> 200 (len=17111)
2025-08-23 01:26:58,129 | INFO    | scraper.email_extractor |   0 emails on https://walter-schmidt-chemie.de/produkte/putztuchrollen/ (def from text)
2025-08-23 01:26:58,143 | DEBUG   | scraper.email_extractor |   0 emails on https://walter-schmidt-chemie.de/produkte/putztuchrollen/ (def from html)
2025-08-23 01:26:58,152 | DEBUG   | scraper.async_http_client | Async GET https://daf.com/en/legal/privacy-statement -> 200 (len=93232)
2025-08-23 01:26:58,192 | INFO    | scraper.email_extractor |   0 emails on https://daf.com/en/legal/privacy-statement (def from text)
2025-08-23 01:26:58,230 | DEBUG   | scraper.email_extractor | Attempting to clean 'dataprotectionofficer@daftrucks.com'
2025-08-23 01:26:58,230 | DEBUG   | scraper.email_extractor | Successfully cleaned 'dataprotectionofficer@daftrucks.com' → 'dataprotectionofficer@daftrucks.com'
2025-08-23 01:26:58,231 | DEBUG   | scraper.email_extractor |   1 emails on https://daf.com/en/legal/privacy-statement (def from html)
2025-08-23 01:26:58,231 | DEBUG   | scraper.hybrid_email_extractor | HTML fallback hits: 1 on https://daf.com/en/legal/privacy-statement
2025-08-23 01:26:58,231 | DEBUG   | scraper.async_orchestrator | [CRAWL] https://daf.com/en/legal/privacy-statement +1 (total=2)
2025-08-23 01:26:58,393 | DEBUG   | scraper.async_http_client | Async GET https://jp.mitsuichemicals.com/jp/corporate/25th-history/index.htm -> 200 (len=111794)
2025-08-23 01:26:58,442 | INFO    | scraper.email_extractor |   0 emails on https://jp.mitsuichemicals.com/jp/corporate/25th-history/index.htm (def from text)
2025-08-23 01:26:58,473 | DEBUG   | scraper.email_extractor |   0 emails on https://jp.mitsuichemicals.com/jp/corporate/25th-history/index.htm (def from html)
2025-08-23 01:26:58,507 | DEBUG   | scraper.async_http_client | Async GET https://daf.com/en/legal/general-conditions -> 200 (len=69405)
2025-08-23 01:26:58,539 | INFO    | scraper.email_extractor |   0 emails on https://daf.com/en/legal/general-conditions (def from text)
2025-08-23 01:26:58,572 | DEBUG   | scraper.email_extractor |   0 emails on https://daf.com/en/legal/general-conditions (def from html)
2025-08-23 01:26:58,780 | DEBUG   | scraper.async_http_client | Async GET https://www.speedyfuels.co.uk/lubricants/ -> 200 (len=262461)
2025-08-23 01:26:58,854 | INFO    | scraper.email_extractor |   0 emails on https://www.speedyfuels.co.uk/lubricants/ (def from text)
2025-08-23 01:26:58,895 | DEBUG   | scraper.email_extractor |   0 emails on https://www.speedyfuels.co.uk/lubricants/ (def from html)
2025-08-23 01:26:58,933 | DEBUG   | scraper.async_http_client | Async GET https://walter-schmidt-chemie.de/produkte/zubehoer/ -> 200 (len=15268)
2025-08-23 01:26:58,945 | INFO    | scraper.email_extractor |   0 emails on https://walter-schmidt-chemie.de/produkte/zubehoer/ (def from text)
2025-08-23 01:26:58,963 | DEBUG   | scraper.email_extractor |   0 emails on https://walter-schmidt-chemie.de/produkte/zubehoer/ (def from html)
2025-08-23 01:26:59,128 | DEBUG   | scraper.async_http_client | Async GET https://jp.mitsuichemicals.com/jp/molp/index.htm -> 200 (len=30220)
2025-08-23 01:26:59,149 | INFO    | scraper.email_extractor |   0 emails on https://jp.mitsuichemicals.com/jp/molp/index.htm (def from text)
2025-08-23 01:26:59,167 | DEBUG   | scraper.email_extractor |   0 emails on https://jp.mitsuichemicals.com/jp/molp/index.htm (def from html)
2025-08-23 01:26:59,352 | DEBUG   | scraper.async_http_client | Async GET https://daf.com/en/legal/daf-and-cookies -> 200 (len=68981)
2025-08-23 01:26:59,383 | INFO    | scraper.email_extractor |   0 emails on https://daf.com/en/legal/daf-and-cookies (def from text)
2025-08-23 01:26:59,408 | DEBUG   | scraper.email_extractor |   0 emails on https://daf.com/en/legal/daf-and-cookies (def from html)
2025-08-23 01:26:59,708 | DEBUG   | scraper.async_http_client | Async GET https://parts.daf.com/hybrid-login -> 200 (len=1044)
2025-08-23 01:26:59,710 | DEBUG   | scraper.email_extractor |   0 emails on https://parts.daf.com/hybrid-login (def from html)
2025-08-23 01:26:59,734 | DEBUG   | scraper.async_http_client | Async GET https://synsol.ch/naphtha-light-heavy/ -> 200 (len=138592)
2025-08-23 01:26:59,759 | DEBUG   | scraper.email_extractor | Attempting to clean 'info@synsol.ch'
2025-08-23 01:26:59,759 | DEBUG   | scraper.email_extractor | Successfully cleaned 'info@synsol.ch' → 'info@synsol.ch'
2025-08-23 01:26:59,760 | INFO    | scraper.email_extractor |   1 emails on https://synsol.ch/naphtha-light-heavy/ (def from text)
2025-08-23 01:26:59,760 | DEBUG   | scraper.hybrid_email_extractor | Static text hits: 1 on https://synsol.ch/naphtha-light-heavy/
2025-08-23 01:26:59,809 | DEBUG   | scraper.async_http_client | Async GET https://www.speedyfuels.co.uk/lubricants/agricultural-lubricants/ -> 200 (len=261146)
2025-08-23 01:26:59,892 | INFO    | scraper.email_extractor |   0 emails on https://www.speedyfuels.co.uk/lubricants/agricultural-lubricants/ (def from text)
2025-08-23 01:26:59,935 | DEBUG   | scraper.email_extractor |   0 emails on https://www.speedyfuels.co.uk/lubricants/agricultural-lubricants/ (def from html)
2025-08-23 01:26:59,995 | DEBUG   | scraper.async_http_client | Async GET https://synsol.ch/crude-oil-blends/ -> 200 (len=138776)
2025-08-23 01:27:00,023 | DEBUG   | scraper.email_extractor | Attempting to clean 'info@synsol.ch'
2025-08-23 01:27:00,023 | DEBUG   | scraper.email_extractor | Successfully cleaned 'info@synsol.ch' → 'info@synsol.ch'
2025-08-23 01:27:00,023 | INFO    | scraper.email_extractor |   1 emails on https://synsol.ch/crude-oil-blends/ (def from text)
2025-08-23 01:27:00,023 | DEBUG   | scraper.hybrid_email_extractor | Static text hits: 1 on https://synsol.ch/crude-oil-blends/
2025-08-23 01:27:00,234 | DEBUG   | scraper.async_http_client | Async GET https://parts.daf.com/en-gb/request-account -> 200 (len=973130)
2025-08-23 01:27:00,332 | INFO    | scraper.email_extractor |   0 emails on https://parts.daf.com/en-gb/request-account (def from text)
2025-08-23 01:27:00,346 | DEBUG   | scraper.email_extractor |   0 emails on https://parts.daf.com/en-gb/request-account (def from html)
2025-08-23 01:27:00,517 | DEBUG   | scraper.async_http_client | Async GET https://jp.mitsuichemicals.com/jp/service/index.htm -> 200 (len=256848)
2025-08-23 01:27:00,597 | INFO    | scraper.email_extractor |   0 emails on https://jp.mitsuichemicals.com/jp/service/index.htm (def from text)
2025-08-23 01:27:00,664 | DEBUG   | scraper.email_extractor |   0 emails on https://jp.mitsuichemicals.com/jp/service/index.htm (def from html)
2025-08-23 01:27:00,746 | DEBUG   | scraper.async_http_client | Async GET https://parts.daf.com/en-gb/webshop-merchandise-campaign -> 200 (len=998887)
2025-08-23 01:27:00,852 | INFO    | scraper.email_extractor |   0 emails on https://parts.daf.com/en-gb/webshop-merchandise-campaign (def from text)
2025-08-23 01:27:00,875 | DEBUG   | scraper.email_extractor |   0 emails on https://parts.daf.com/en-gb/webshop-merchandise-campaign (def from html)
2025-08-23 01:27:00,942 | DEBUG   | scraper.async_http_client | Async GET https://synsol.ch/paraffin-wax-synthetic-wax/ -> 200 (len=138739)
2025-08-23 01:27:00,967 | DEBUG   | scraper.email_extractor | Attempting to clean 'info@synsol.ch'
2025-08-23 01:27:00,967 | DEBUG   | scraper.email_extractor | Successfully cleaned 'info@synsol.ch' → 'info@synsol.ch'
2025-08-23 01:27:00,968 | INFO    | scraper.email_extractor |   1 emails on https://synsol.ch/paraffin-wax-synthetic-wax/ (def from text)
2025-08-23 01:27:00,968 | DEBUG   | scraper.hybrid_email_extractor | Static text hits: 1 on https://synsol.ch/paraffin-wax-synthetic-wax/
2025-08-23 01:27:01,383 | DEBUG   | scraper.async_http_client | Async GET https://jp.mitsuichemicals.com/jp/service/life_healthcare/index.htm -> 200 (len=114445)
2025-08-23 01:27:01,437 | INFO    | scraper.email_extractor |   0 emails on https://jp.mitsuichemicals.com/jp/service/life_healthcare/index.htm (def from text)
2025-08-23 01:27:01,481 | DEBUG   | scraper.email_extractor |   0 emails on https://jp.mitsuichemicals.com/jp/service/life_healthcare/index.htm (def from html)
2025-08-23 01:27:01,526 | DEBUG   | scraper.async_http_client | Async GET https://www.speedyfuels.co.uk/lubricants/automotive-lubricants/ -> 200 (len=259285)
2025-08-23 01:27:01,611 | INFO    | scraper.email_extractor |   0 emails on https://www.speedyfuels.co.uk/lubricants/automotive-lubricants/ (def from text)
2025-08-23 01:27:01,650 | DEBUG   | scraper.email_extractor |   0 emails on https://www.speedyfuels.co.uk/lubricants/automotive-lubricants/ (def from html)
2025-08-23 01:27:01,722 | DEBUG   | scraper.async_http_client | Async GET https://parts.daf.com/en-gb/daf-original-parts -> 200 (len=1029882)
2025-08-23 01:27:02,086 | INFO    | scraper.email_extractor |   0 emails on https://parts.daf.com/en-gb/daf-original-parts (def from text)
2025-08-23 01:27:02,102 | DEBUG   | scraper.email_extractor |   0 emails on https://parts.daf.com/en-gb/daf-original-parts (def from html)
2025-08-23 01:27:02,119 | DEBUG   | scraper.async_http_client | Async GET https://www.speedyfuels.co.uk/lubricants/biodegradable-lubricants/ -> 200 (len=259283)
2025-08-23 01:27:02,182 | INFO    | scraper.email_extractor |   0 emails on https://www.speedyfuels.co.uk/lubricants/biodegradable-lubricants/ (def from text)
2025-08-23 01:27:02,213 | DEBUG   | scraper.email_extractor |   0 emails on https://www.speedyfuels.co.uk/lubricants/biodegradable-lubricants/ (def from html)
2025-08-23 01:27:02,248 | DEBUG   | scraper.async_http_client | Async GET https://synsol.ch/high-purity-hydrocarbons-c6-c7/ -> 200 (len=139170)
2025-08-23 01:27:02,285 | DEBUG   | scraper.email_extractor | Attempting to clean 'info@synsol.ch'
2025-08-23 01:27:02,285 | DEBUG   | scraper.email_extractor | Successfully cleaned 'info@synsol.ch' → 'info@synsol.ch'
2025-08-23 01:27:02,285 | INFO    | scraper.email_extractor |   1 emails on https://synsol.ch/high-purity-hydrocarbons-c6-c7/ (def from text)
2025-08-23 01:27:02,285 | DEBUG   | scraper.hybrid_email_extractor | Static text hits: 1 on https://synsol.ch/high-purity-hydrocarbons-c6-c7/
2025-08-23 01:27:02,371 | DEBUG   | scraper.async_http_client | Async GET https://jp.mitsuichemicals.com/jp/service/mobility/index.htm -> 200 (len=111457)
2025-08-23 01:27:02,425 | INFO    | scraper.email_extractor |   0 emails on https://jp.mitsuichemicals.com/jp/service/mobility/index.htm (def from text)
2025-08-23 01:27:02,467 | DEBUG   | scraper.email_extractor |   0 emails on https://jp.mitsuichemicals.com/jp/service/mobility/index.htm (def from html)
2025-08-23 01:27:02,521 | DEBUG   | scraper.async_http_client | Async GET https://parts.daf.com/en-gb/paccar-power-solutions -> 200 (len=102001)
2025-08-23 01:27:02,568 | INFO    | scraper.email_extractor |   0 emails on https://parts.daf.com/en-gb/paccar-power-solutions (def from text)
2025-08-23 01:27:02,616 | DEBUG   | scraper.email_extractor |   0 emails on https://parts.daf.com/en-gb/paccar-power-solutions (def from html)
2025-08-23 01:27:02,933 | DEBUG   | scraper.async_http_client | Async GET https://synsol.ch/refined-petroleum-products/ -> 200 (len=138937)
2025-08-23 01:27:02,954 | DEBUG   | scraper.email_extractor | Attempting to clean 'info@synsol.ch'
2025-08-23 01:27:02,954 | DEBUG   | scraper.email_extractor | Successfully cleaned 'info@synsol.ch' → 'info@synsol.ch'
2025-08-23 01:27:02,954 | INFO    | scraper.email_extractor |   1 emails on https://synsol.ch/refined-petroleum-products/ (def from text)
2025-08-23 01:27:02,954 | DEBUG   | scraper.hybrid_email_extractor | Static text hits: 1 on https://synsol.ch/refined-petroleum-products/
2025-08-23 01:27:03,037 | DEBUG   | scraper.async_http_client | Async GET https://parts.daf.com/en-gb/general-information -> 200 (len=992497)
2025-08-23 01:27:03,111 | INFO    | scraper.email_extractor |   0 emails on https://parts.daf.com/en-gb/general-information (def from text)
2025-08-23 01:27:03,123 | DEBUG   | scraper.email_extractor |   0 emails on https://parts.daf.com/en-gb/general-information (def from html)
2025-08-23 01:27:03,154 | DEBUG   | scraper.async_http_client | Async GET https://walter-schmidt-chemie.de/produkte/sicherheitsdatenblaetter-und-inhaltstoffe.html -> 200 (len=66243)
2025-08-23 01:27:03,191 | INFO    | scraper.email_extractor |   0 emails on https://walter-schmidt-chemie.de/produkte/sicherheitsdatenblaetter-und-inhaltstoffe.html (def from text)
2025-08-23 01:27:03,242 | DEBUG   | scraper.email_extractor |   0 emails on https://walter-schmidt-chemie.de/produkte/sicherheitsdatenblaetter-und-inhaltstoffe.html (def from html)
2025-08-23 01:27:03,309 | DEBUG   | scraper.async_http_client | Async GET https://www.speedyfuels.co.uk/lubricants/commercial-lubricants/ -> 200 (len=259344)
2025-08-23 01:27:03,395 | INFO    | scraper.email_extractor |   0 emails on https://www.speedyfuels.co.uk/lubricants/commercial-lubricants/ (def from text)
2025-08-23 01:27:03,440 | DEBUG   | scraper.email_extractor |   0 emails on https://www.speedyfuels.co.uk/lubricants/commercial-lubricants/ (def from html)
2025-08-23 01:27:03,483 | DEBUG   | scraper.async_http_client | Async GET https://jp.mitsuichemicals.com/jp/service/ict/index.htm -> 200 (len=115979)
2025-08-23 01:27:03,533 | INFO    | scraper.email_extractor |   0 emails on https://jp.mitsuichemicals.com/jp/service/ict/index.htm (def from text)
2025-08-23 01:27:03,588 | DEBUG   | scraper.email_extractor |   0 emails on https://jp.mitsuichemicals.com/jp/service/ict/index.htm (def from html)
2025-08-23 01:27:03,664 | DEBUG   | scraper.async_http_client | Async GET https://parts.daf.com/en-gb/loyalty-program -> 200 (len=985859)
2025-08-23 01:27:03,761 | INFO    | scraper.email_extractor |   0 emails on https://parts.daf.com/en-gb/loyalty-program (def from text)
2025-08-23 01:27:03,774 | DEBUG   | scraper.email_extractor |   0 emails on https://parts.daf.com/en-gb/loyalty-program (def from html)
2025-08-23 01:27:03,887 | DEBUG   | scraper.async_http_client | Async GET https://www.speedyfuels.co.uk/lubricants/engine-oils-supplier/ -> 200 (len=265733)
2025-08-23 01:27:03,977 | INFO    | scraper.email_extractor |   0 emails on https://www.speedyfuels.co.uk/lubricants/engine-oils-supplier/ (def from text)
2025-08-23 01:27:04,018 | DEBUG   | scraper.email_extractor |   0 emails on https://www.speedyfuels.co.uk/lubricants/engine-oils-supplier/ (def from html)
2025-08-23 01:27:04,055 | DEBUG   | scraper.async_http_client | Async GET https://www.daf.com/ -> 200 (len=85093)
2025-08-23 01:27:04,111 | INFO    | scraper.email_extractor |   0 emails on https://www.daf.com/ (def from text)
2025-08-23 01:27:04,151 | DEBUG   | scraper.email_extractor |   0 emails on https://www.daf.com/ (def from html)
2025-08-23 01:27:04,213 | DEBUG   | scraper.async_http_client | Async GET https://synsol.ch/privacy-policy-of-synsol-ag/ -> 200 (len=108337)
2025-08-23 01:27:04,230 | INFO    | scraper.email_extractor |   0 emails on https://synsol.ch/privacy-policy-of-synsol-ag/ (def from text)
2025-08-23 01:27:04,242 | DEBUG   | scraper.email_extractor |   0 emails on https://synsol.ch/privacy-policy-of-synsol-ag/ (def from html)
2025-08-23 01:27:04,257 | DEBUG   | scraper.async_orchestrator | Summary synsol.ch raw=1 filtered=1 valid=1
2025-08-23 01:27:04,257 | INFO    | scraper.async_orchestrator | ✅ Found 1 emails for Synsol (synsol.ch)
2025-08-23 01:27:04,290 | DEBUG   | scraper.async_http_client | Async GET https://jp.mitsuichemicals.com/jp/service/basic/index.htm -> 200 (len=111010)
2025-08-23 01:27:04,339 | INFO    | scraper.email_extractor |   0 emails on https://jp.mitsuichemicals.com/jp/service/basic/index.htm (def from text)
2025-08-23 01:27:04,388 | DEBUG   | scraper.email_extractor |   0 emails on https://jp.mitsuichemicals.com/jp/service/basic/index.htm (def from html)
2025-08-23 01:27:04,438 | DEBUG   | scraper.async_http_client | Async GET https://daf.com/en/choose-your-country -> 200 (len=112317)
2025-08-23 01:27:04,494 | INFO    | scraper.email_extractor |   0 emails on https://daf.com/en/choose-your-country (def from text)
2025-08-23 01:27:04,539 | DEBUG   | scraper.email_extractor |   0 emails on https://daf.com/en/choose-your-country (def from html)
2025-08-23 01:27:04,770 | DEBUG   | scraper.async_http_client | Async GET https://daf.com/en/about-daf/board-of-management -> 200 (len=88646)
2025-08-23 01:27:04,822 | INFO    | scraper.email_extractor |   0 emails on https://daf.com/en/about-daf/board-of-management (def from text)
2025-08-23 01:27:04,867 | DEBUG   | scraper.email_extractor |   0 emails on https://daf.com/en/about-daf/board-of-management (def from html)
2025-08-23 01:27:04,912 | DEBUG   | scraper.async_http_client | Async GET https://www.speedyfuels.co.uk/lubricants/hydraulic-oils/ -> 200 (len=259708)
2025-08-23 01:27:04,990 | INFO    | scraper.email_extractor |   0 emails on https://www.speedyfuels.co.uk/lubricants/hydraulic-oils/ (def from text)
2025-08-23 01:27:05,024 | DEBUG   | scraper.email_extractor |   0 emails on https://www.speedyfuels.co.uk/lubricants/hydraulic-oils/ (def from html)
2025-08-23 01:27:05,259 | DEBUG   | scraper.async_http_client | Async GET https://walter-schmidt-chemie.de/beteiligungsgesellschaften/ -> 200 (len=14054)
2025-08-23 01:27:05,267 | INFO    | scraper.email_extractor |   0 emails on https://walter-schmidt-chemie.de/beteiligungsgesellschaften/ (def from text)
2025-08-23 01:27:05,275 | DEBUG   | scraper.email_extractor |   0 emails on https://walter-schmidt-chemie.de/beteiligungsgesellschaften/ (def from html)
2025-08-23 01:27:05,332 | DEBUG   | scraper.async_http_client | Async GET https://jp.mitsuichemicals.com/jp/service/new_business/index.htm -> 200 (len=129870)
2025-08-23 01:27:05,388 | INFO    | scraper.email_extractor |   0 emails on https://jp.mitsuichemicals.com/jp/service/new_business/index.htm (def from text)
2025-08-23 01:27:05,427 | DEBUG   | scraper.email_extractor |   0 emails on https://jp.mitsuichemicals.com/jp/service/new_business/index.htm (def from html)
2025-08-23 01:27:05,477 | DEBUG   | scraper.async_http_client | Async GET https://daf.com/en/about-daf/daf-worldwide -> 200 (len=86985)
2025-08-23 01:27:05,518 | INFO    | scraper.email_extractor |   0 emails on https://daf.com/en/about-daf/daf-worldwide (def from text)
2025-08-23 01:27:05,556 | DEBUG   | scraper.email_extractor |   0 emails on https://daf.com/en/about-daf/daf-worldwide (def from html)
2025-08-23 01:27:05,600 | DEBUG   | scraper.async_http_client | Async GET https://walter-schmidt-chemie.de/beteiligungsgesellschaften/walter-schmidt-zement-gmbh.html -> 200 (len=14054)
2025-08-23 01:27:05,606 | INFO    | scraper.email_extractor |   0 emails on https://walter-schmidt-chemie.de/beteiligungsgesellschaften/walter-schmidt-zement-gmbh.html (def from text)
2025-08-23 01:27:05,620 | DEBUG   | scraper.email_extractor |   0 emails on https://walter-schmidt-chemie.de/beteiligungsgesellschaften/walter-schmidt-zement-gmbh.html (def from html)
2025-08-23 01:27:05,859 | DEBUG   | scraper.async_http_client | Async GET https://daf.com/en/about-daf/daf-worldwide/production-locations -> 200 (len=84576)
2025-08-23 01:27:05,916 | INFO    | scraper.email_extractor |   0 emails on https://daf.com/en/about-daf/daf-worldwide/production-locations (def from text)
2025-08-23 01:27:05,962 | DEBUG   | scraper.email_extractor |   0 emails on https://daf.com/en/about-daf/daf-worldwide/production-locations (def from html)
2025-08-23 01:27:05,990 | DEBUG   | scraper.async_http_client | Async GET https://walter-schmidt-chemie.de/beteiligungsgesellschaften/walter-schmidt-cement-polska.html -> 200 (len=15613)
2025-08-23 01:27:05,999 | INFO    | scraper.email_extractor |   0 emails on https://walter-schmidt-chemie.de/beteiligungsgesellschaften/walter-schmidt-cement-polska.html (def from text)
2025-08-23 01:27:06,006 | DEBUG   | scraper.email_extractor |   0 emails on https://walter-schmidt-chemie.de/beteiligungsgesellschaften/walter-schmidt-cement-polska.html (def from html)
2025-08-23 01:27:06,267 | DEBUG   | scraper.async_http_client | Async GET https://daf.com/en/about-daf/daf-worldwide/dealer-network -> 200 (len=88254)
2025-08-23 01:27:06,304 | INFO    | scraper.email_extractor |   0 emails on https://daf.com/en/about-daf/daf-worldwide/dealer-network (def from text)
2025-08-23 01:27:06,335 | DEBUG   | scraper.email_extractor |   0 emails on https://daf.com/en/about-daf/daf-worldwide/dealer-network (def from html)
2025-08-23 01:27:06,372 | DEBUG   | scraper.async_http_client | Async GET https://walter-schmidt-chemie.de/beteiligungsgesellschaften/walter-schmidt-logistik-gmbh.html -> 200 (len=14762)
2025-08-23 01:27:06,381 | INFO    | scraper.email_extractor |   0 emails on https://walter-schmidt-chemie.de/beteiligungsgesellschaften/walter-schmidt-logistik-gmbh.html (def from text)
2025-08-23 01:27:06,390 | DEBUG   | scraper.email_extractor |   0 emails on https://walter-schmidt-chemie.de/beteiligungsgesellschaften/walter-schmidt-logistik-gmbh.html (def from html)
2025-08-23 01:27:06,401 | DEBUG   | scraper.async_http_client | Async GET https://www.speedyfuels.co.uk/lubricants/industrial-lubricants/ -> 200 (len=263285)
2025-08-23 01:27:06,463 | INFO    | scraper.email_extractor |   0 emails on https://www.speedyfuels.co.uk/lubricants/industrial-lubricants/ (def from text)
2025-08-23 01:27:06,497 | DEBUG   | scraper.email_extractor |   0 emails on https://www.speedyfuels.co.uk/lubricants/industrial-lubricants/ (def from html)
2025-08-23 01:27:06,742 | DEBUG   | scraper.async_http_client | Async GET https://daf.com/en/about-daf/daf-worldwide/world-class-technology -> 200 (len=84977)
2025-08-23 01:27:06,778 | INFO    | scraper.email_extractor |   0 emails on https://daf.com/en/about-daf/daf-worldwide/world-class-technology (def from text)
2025-08-23 01:27:06,807 | DEBUG   | scraper.email_extractor |   0 emails on https://daf.com/en/about-daf/daf-worldwide/world-class-technology (def from html)
2025-08-23 01:27:07,292 | DEBUG   | scraper.async_http_client | Async GET https://www.speedyfuels.co.uk/lubricants/marine-lubricants/ -> 200 (len=259602)
2025-08-23 01:27:07,353 | INFO    | scraper.email_extractor |   0 emails on https://www.speedyfuels.co.uk/lubricants/marine-lubricants/ (def from text)
2025-08-23 01:27:07,391 | DEBUG   | scraper.email_extractor |   0 emails on https://www.speedyfuels.co.uk/lubricants/marine-lubricants/ (def from html)
2025-08-23 01:27:07,426 | DEBUG   | scraper.async_http_client | Async GET https://walter-schmidt-chemie.de/kontakt/ -> 200 (len=17052)
2025-08-23 01:27:07,435 | INFO    | scraper.email_extractor |   0 emails on https://walter-schmidt-chemie.de/kontakt/ (def from text)
2025-08-23 01:27:07,445 | DEBUG   | scraper.email_extractor |   0 emails on https://walter-schmidt-chemie.de/kontakt/ (def from html)
2025-08-23 01:27:07,456 | DEBUG   | scraper.async_http_client | Async GET https://daf.com/en/about-daf/facts-and-figures -> 200 (len=91299)
2025-08-23 01:27:07,510 | INFO    | scraper.email_extractor |   0 emails on https://daf.com/en/about-daf/facts-and-figures (def from text)
2025-08-23 01:27:07,550 | DEBUG   | scraper.email_extractor |   0 emails on https://daf.com/en/about-daf/facts-and-figures (def from html)
2025-08-23 01:27:07,829 | DEBUG   | scraper.async_http_client | Async GET https://walter-schmidt-chemie.de/kontakt/kontaktformular/ -> 200 (len=17052)
2025-08-23 01:27:07,840 | INFO    | scraper.email_extractor |   0 emails on https://walter-schmidt-chemie.de/kontakt/kontaktformular/ (def from text)
2025-08-23 01:27:07,849 | DEBUG   | scraper.email_extractor |   0 emails on https://walter-schmidt-chemie.de/kontakt/kontaktformular/ (def from html)
2025-08-23 01:27:08,155 | DEBUG   | scraper.async_http_client | Async GET https://walter-schmidt-chemie.de/kontakt/impressum.html -> 200 (len=18491)
2025-08-23 01:27:08,169 | DEBUG   | scraper.email_extractor | Attempting to clean 'info@walter-schmidt-chemie.de'
2025-08-23 01:27:08,169 | DEBUG   | scraper.email_extractor | Successfully cleaned 'info@walter-schmidt-chemie.de' → 'info@walter-schmidt-chemie.de'
2025-08-23 01:27:08,170 | INFO    | scraper.email_extractor |   1 emails on https://walter-schmidt-chemie.de/kontakt/impressum.html (def from text)
2025-08-23 01:27:08,171 | DEBUG   | scraper.hybrid_email_extractor | Static text hits: 1 on https://walter-schmidt-chemie.de/kontakt/impressum.html
2025-08-23 01:27:08,172 | DEBUG   | scraper.async_orchestrator | [CRAWL] https://walter-schmidt-chemie.de/kontakt/impressum.html +1 (total=1)
2025-08-23 01:27:08,266 | DEBUG   | scraper.async_http_client | Async GET https://jp.mitsuichemicals.com/jp/service/search/index.htm -> 200 (len=727242)
2025-08-23 01:27:08,641 | INFO    | scraper.email_extractor |   0 emails on https://jp.mitsuichemicals.com/jp/service/search/index.htm (def from text)
2025-08-23 01:27:09,370 | DEBUG   | scraper.email_extractor |   0 emails on https://jp.mitsuichemicals.com/jp/service/search/index.htm (def from html)
2025-08-23 01:27:09,664 | DEBUG   | scraper.async_http_client | Async GET https://www.speedyfuels.co.uk/lubricants/metalworking-fluids/ -> 200 (len=260558)
2025-08-23 01:27:09,747 | INFO    | scraper.email_extractor |   0 emails on https://www.speedyfuels.co.uk/lubricants/metalworking-fluids/ (def from text)
2025-08-23 01:27:09,789 | DEBUG   | scraper.email_extractor |   0 emails on https://www.speedyfuels.co.uk/lubricants/metalworking-fluids/ (def from html)
2025-08-23 01:27:09,820 | DEBUG   | scraper.async_http_client | Async GET https://walter-schmidt-chemie.de/kontakt/inhaltsverzeichnis.html -> 200 (len=29253)
2025-08-23 01:27:09,845 | INFO    | scraper.email_extractor |   0 emails on https://walter-schmidt-chemie.de/kontakt/inhaltsverzeichnis.html (def from text)
2025-08-23 01:27:09,863 | DEBUG   | scraper.email_extractor |   0 emails on https://walter-schmidt-chemie.de/kontakt/inhaltsverzeichnis.html (def from html)
2025-08-23 01:27:09,903 | DEBUG   | scraper.async_http_client | Async GET https://daf.com/en/about-daf/daf-history -> 200 (len=123871)
2025-08-23 01:27:10,012 | INFO    | scraper.email_extractor |   0 emails on https://daf.com/en/about-daf/daf-history (def from text)
2025-08-23 01:27:10,086 | DEBUG   | scraper.email_extractor |   0 emails on https://daf.com/en/about-daf/daf-history (def from html)
2025-08-23 01:27:10,410 | DEBUG   | scraper.async_http_client | Async GET https://jp.mitsuichemicals.com/jp/service/exhibition/index.htm -> 200 (len=129871)
2025-08-23 01:27:10,450 | INFO    | scraper.email_extractor |   0 emails on https://jp.mitsuichemicals.com/jp/service/exhibition/index.htm (def from text)
2025-08-23 01:27:10,490 | DEBUG   | scraper.email_extractor |   0 emails on https://jp.mitsuichemicals.com/jp/service/exhibition/index.htm (def from html)
2025-08-23 01:27:10,533 | DEBUG   | scraper.async_http_client | Async GET https://www.speedyfuels.co.uk/lubricant-health-check/ -> 200 (len=257162)
2025-08-23 01:27:10,580 | INFO    | scraper.email_extractor |   0 emails on https://www.speedyfuels.co.uk/lubricant-health-check/ (def from text)
2025-08-23 01:27:10,603 | DEBUG   | scraper.email_extractor |   0 emails on https://www.speedyfuels.co.uk/lubricant-health-check/ (def from html)
2025-08-23 01:27:10,689 | DEBUG   | scraper.async_http_client | Async GET https://walter-schmidt-chemie.de/kontakt/meldeplattform-hinschg/ -> 200 (len=7453)
2025-08-23 01:27:10,691 | INFO    | scraper.email_extractor |   0 emails on https://walter-schmidt-chemie.de/kontakt/meldeplattform-hinschg/ (def from text)
2025-08-23 01:27:10,693 | DEBUG   | scraper.email_extractor |   0 emails on https://walter-schmidt-chemie.de/kontakt/meldeplattform-hinschg/ (def from html)
2025-08-23 01:27:10,695 | DEBUG   | scraper.async_http_client | Async GET https://daf.com/en/about-daf/daf-history/clever-solutions -> 200 (len=89533)
2025-08-23 01:27:10,735 | INFO    | scraper.email_extractor |   0 emails on https://daf.com/en/about-daf/daf-history/clever-solutions (def from text)
2025-08-23 01:27:10,768 | DEBUG   | scraper.email_extractor |   0 emails on https://daf.com/en/about-daf/daf-history/clever-solutions (def from html)
2025-08-23 01:27:10,798 | DEBUG   | scraper.async_http_client | Async GET https://jp.mitsuichemicals.com/jp/service/sds/index.htm -> 200 (len=121307)
2025-08-23 01:27:10,841 | INFO    | scraper.email_extractor |   0 emails on https://jp.mitsuichemicals.com/jp/service/sds/index.htm (def from text)
2025-08-23 01:27:10,875 | DEBUG   | scraper.email_extractor |   0 emails on https://jp.mitsuichemicals.com/jp/service/sds/index.htm (def from html)
2025-08-23 01:27:11,016 | DEBUG   | scraper.async_http_client | Async GET https://walter-schmidt-chemie.de/kontakt/datenschutzerklaerung.html -> 200 (len=34282)
2025-08-23 01:27:11,033 | DEBUG   | scraper.email_extractor | Attempting to clean 'info@walter-schmidt-chemie.de'
2025-08-23 01:27:11,034 | DEBUG   | scraper.email_extractor | Successfully cleaned 'info@walter-schmidt-chemie.de' → 'info@walter-schmidt-chemie.de'
2025-08-23 01:27:11,035 | DEBUG   | scraper.email_extractor | Attempting to clean 'Datenschutz@walter-schmidt-chemie.de'
2025-08-23 01:27:11,035 | DEBUG   | scraper.email_extractor | Successfully cleaned 'Datenschutz@walter-schmidt-chemie.de' → 'datenschutz@walter-schmidt-chemie.de'
2025-08-23 01:27:11,035 | DEBUG   | scraper.email_extractor | Attempting to clean 'datenschutz@schmidt-zement.de'
2025-08-23 01:27:11,035 | DEBUG   | scraper.email_extractor | Successfully cleaned 'datenschutz@schmidt-zement.de' → 'datenschutz@schmidt-zement.de'
2025-08-23 01:27:11,035 | INFO    | scraper.email_extractor |   3 emails on https://walter-schmidt-chemie.de/kontakt/datenschutzerklaerung.html (def from text)
2025-08-23 01:27:11,036 | DEBUG   | scraper.hybrid_email_extractor | Static text hits: 3 on https://walter-schmidt-chemie.de/kontakt/datenschutzerklaerung.html
2025-08-23 01:27:11,036 | DEBUG   | scraper.async_orchestrator | [CRAWL] https://walter-schmidt-chemie.de/kontakt/datenschutzerklaerung.html +2 (total=3)
2025-08-23 01:27:11,045 | DEBUG   | scraper.async_http_client | Blocked domain or extension: https://walter-schmidt-chemie.de/kontakt/agb.pdf
2025-08-23 01:27:11,045 | DEBUG   | scraper.async_http_client | Blocked domain or extension: https://walter-schmidt-chemie.de/kontakt/einkaufsbedingungen.pdf
2025-08-23 01:27:11,138 | DEBUG   | scraper.async_http_client | Async GET https://daf.com/en/about-daf/daf-history/past-and-present -> 200 (len=86449)
2025-08-23 01:27:11,181 | INFO    | scraper.email_extractor |   0 emails on https://daf.com/en/about-daf/daf-history/past-and-present (def from text)
2025-08-23 01:27:11,207 | DEBUG   | scraper.email_extractor |   0 emails on https://daf.com/en/about-daf/daf-history/past-and-present (def from html)
2025-08-23 01:27:11,260 | DEBUG   | scraper.async_http_client | Async GET https://www.speedyfuels.co.uk/services/ -> 200 (len=265031)
2025-08-23 01:27:11,312 | INFO    | scraper.email_extractor |   0 emails on https://www.speedyfuels.co.uk/services/ (def from text)
2025-08-23 01:27:11,341 | DEBUG   | scraper.email_extractor |   0 emails on https://www.speedyfuels.co.uk/services/ (def from html)
2025-08-23 01:27:11,673 | DEBUG   | scraper.async_http_client | Async GET https://jp.mitsuichemicals.com/jp/techno/index.htm -> 200 (len=123513)
2025-08-23 01:27:11,711 | INFO    | scraper.email_extractor |   0 emails on https://jp.mitsuichemicals.com/jp/techno/index.htm (def from text)
2025-08-23 01:27:11,743 | DEBUG   | scraper.email_extractor |   0 emails on https://jp.mitsuichemicals.com/jp/techno/index.htm (def from html)
2025-08-23 01:27:11,790 | DEBUG   | scraper.async_http_client | Async GET https://daf.com/en/about-daf/daf-history/timeline -> 200 (len=126794)
2025-08-23 01:27:11,830 | INFO    | scraper.email_extractor |   0 emails on https://daf.com/en/about-daf/daf-history/timeline (def from text)
2025-08-23 01:27:11,866 | DEBUG   | scraper.email_extractor |   0 emails on https://daf.com/en/about-daf/daf-history/timeline (def from html)
2025-08-23 01:27:11,909 | DEBUG   | scraper.async_http_client | Async GET https://walter-schmidt-chemie.de/cookieconsenthandler.html&return=1 -> 200 (len=20274)
2025-08-23 01:27:11,921 | INFO    | scraper.email_extractor |   0 emails on https://walter-schmidt-chemie.de/cookieconsenthandler.html&return=1 (def from text)
2025-08-23 01:27:11,936 | DEBUG   | scraper.email_extractor |   0 emails on https://walter-schmidt-chemie.de/cookieconsenthandler.html&return=1 (def from html)
2025-08-23 01:27:12,272 | DEBUG   | scraper.async_http_client | Async GET https://www.speedyfuels.co.uk/services/fuel-management/ -> 200 (len=260013)
2025-08-23 01:27:12,329 | INFO    | scraper.email_extractor |   0 emails on https://www.speedyfuels.co.uk/services/fuel-management/ (def from text)
2025-08-23 01:27:12,353 | DEBUG   | scraper.email_extractor |   0 emails on https://www.speedyfuels.co.uk/services/fuel-management/ (def from html)
2025-08-23 01:27:12,378 | DEBUG   | scraper.async_http_client | Async GET https://www.walter-schmidt-chemie.de/en/index.html -> 200 (len=19575)
2025-08-23 01:27:12,395 | INFO    | scraper.email_extractor |   0 emails on https://www.walter-schmidt-chemie.de/en/index.html (def from text)
2025-08-23 01:27:12,404 | DEBUG   | scraper.email_extractor |   0 emails on https://www.walter-schmidt-chemie.de/en/index.html (def from html)
2025-08-23 01:27:12,429 | DEBUG   | scraper.async_http_client | Async GET https://daf.com/en/about-daf/sustainability -> 200 (len=88408)
2025-08-23 01:27:12,463 | INFO    | scraper.email_extractor |   0 emails on https://daf.com/en/about-daf/sustainability (def from text)
2025-08-23 01:27:12,492 | DEBUG   | scraper.email_extractor |   0 emails on https://daf.com/en/about-daf/sustainability (def from html)
2025-08-23 01:27:12,520 | DEBUG   | scraper.async_http_client | Async GET https://jp.mitsuichemicals.com/jp/techno/message/index.htm -> 200 (len=104477)
2025-08-23 01:27:12,566 | INFO    | scraper.email_extractor |   0 emails on https://jp.mitsuichemicals.com/jp/techno/message/index.htm (def from text)
2025-08-23 01:27:12,593 | DEBUG   | scraper.email_extractor |   0 emails on https://jp.mitsuichemicals.com/jp/techno/message/index.htm (def from html)
2025-08-23 01:27:12,985 | DEBUG   | scraper.async_http_client | Async GET https://www.speedyfuels.co.uk/services/fuel-polishing/ -> 200 (len=259995)
2025-08-23 01:27:13,033 | INFO    | scraper.email_extractor |   0 emails on https://www.speedyfuels.co.uk/services/fuel-polishing/ (def from text)
2025-08-23 01:27:13,063 | DEBUG   | scraper.email_extractor |   0 emails on https://www.speedyfuels.co.uk/services/fuel-polishing/ (def from html)
2025-08-23 01:27:13,167 | DEBUG   | scraper.async_http_client | Async GET https://www.speedyfuels.co.uk/services/fuel-testing-and-sampling/ -> 200 (len=258752)
2025-08-23 01:27:13,215 | INFO    | scraper.email_extractor |   0 emails on https://www.speedyfuels.co.uk/services/fuel-testing-and-sampling/ (def from text)
2025-08-23 01:27:13,238 | DEBUG   | scraper.email_extractor |   0 emails on https://www.speedyfuels.co.uk/services/fuel-testing-and-sampling/ (def from html)
2025-08-23 01:27:13,276 | DEBUG   | scraper.async_http_client | Async GET https://jp.mitsuichemicals.com/jp/techno/information/2025/index.htm -> 200 (len=107177)
2025-08-23 01:27:13,307 | INFO    | scraper.email_extractor |   0 emails on https://jp.mitsuichemicals.com/jp/techno/information/2025/index.htm (def from text)
2025-08-23 01:27:13,347 | DEBUG   | scraper.email_extractor |   0 emails on https://jp.mitsuichemicals.com/jp/techno/information/2025/index.htm (def from html)
2025-08-23 01:27:13,625 | DEBUG   | scraper.async_http_client | Async GET https://www.walter-schmidt-chemie.de/en/pursue/ -> 200 (len=15887)
2025-08-23 01:27:13,634 | INFO    | scraper.email_extractor |   0 emails on https://www.walter-schmidt-chemie.de/en/pursue/ (def from text)
2025-08-23 01:27:13,644 | DEBUG   | scraper.email_extractor |   0 emails on https://www.walter-schmidt-chemie.de/en/pursue/ (def from html)
2025-08-23 01:27:13,651 | DEBUG   | scraper.async_http_client | Async GET https://daf.com/en/about-daf/sustainability/environment-emission-reduction -> 200 (len=93534)
2025-08-23 01:27:13,691 | INFO    | scraper.email_extractor |   0 emails on https://daf.com/en/about-daf/sustainability/environment-emission-reduction (def from text)
2025-08-23 01:27:13,721 | DEBUG   | scraper.email_extractor |   0 emails on https://daf.com/en/about-daf/sustainability/environment-emission-reduction (def from html)
2025-08-23 01:27:13,858 | DEBUG   | scraper.async_http_client | Async GET https://www.speedyfuels.co.uk/services/fuel-uplift/ -> 200 (len=259510)
2025-08-23 01:27:13,933 | INFO    | scraper.email_extractor |   0 emails on https://www.speedyfuels.co.uk/services/fuel-uplift/ (def from text)
2025-08-23 01:27:13,963 | DEBUG   | scraper.email_extractor |   0 emails on https://www.speedyfuels.co.uk/services/fuel-uplift/ (def from html)
2025-08-23 01:27:13,985 | DEBUG   | scraper.async_http_client | Async GET https://www.walter-schmidt-chemie.de/en/pursue/company-vision.html -> 200 (len=15887)
2025-08-23 01:27:13,991 | INFO    | scraper.email_extractor |   0 emails on https://www.walter-schmidt-chemie.de/en/pursue/company-vision.html (def from text)
2025-08-23 01:27:13,998 | DEBUG   | scraper.email_extractor |   0 emails on https://www.walter-schmidt-chemie.de/en/pursue/company-vision.html (def from html)
2025-08-23 01:27:14,004 | DEBUG   | scraper.async_http_client | Async GET https://jp.mitsuichemicals.com/jp/techno/strategy/index.htm -> 200 (len=107593)
2025-08-23 01:27:14,033 | INFO    | scraper.email_extractor |   0 emails on https://jp.mitsuichemicals.com/jp/techno/strategy/index.htm (def from text)
2025-08-23 01:27:14,063 | DEBUG   | scraper.email_extractor |   0 emails on https://jp.mitsuichemicals.com/jp/techno/strategy/index.htm (def from html)
2025-08-23 01:27:14,473 | DEBUG   | scraper.async_http_client | Async GET https://daf.com/en/about-daf/sustainability/environment-circularity -> 200 (len=91023)
2025-08-23 01:27:14,504 | INFO    | scraper.email_extractor |   0 emails on https://daf.com/en/about-daf/sustainability/environment-circularity (def from text)
2025-08-23 01:27:14,535 | DEBUG   | scraper.email_extractor |   0 emails on https://daf.com/en/about-daf/sustainability/environment-circularity (def from html)
2025-08-23 01:27:14,676 | DEBUG   | scraper.async_http_client | Async GET https://www.walter-schmidt-chemie.de/en/pursue/locations.html -> 200 (len=15318)
2025-08-23 01:27:14,685 | INFO    | scraper.email_extractor |   0 emails on https://www.walter-schmidt-chemie.de/en/pursue/locations.html (def from text)
2025-08-23 01:27:14,693 | DEBUG   | scraper.email_extractor |   0 emails on https://www.walter-schmidt-chemie.de/en/pursue/locations.html (def from html)
2025-08-23 01:27:14,867 | DEBUG   | scraper.async_http_client | Async GET https://jp.mitsuichemicals.com/jp/techno/labo/index.htm -> 200 (len=151858)
2025-08-23 01:27:14,918 | INFO    | scraper.email_extractor |   0 emails on https://jp.mitsuichemicals.com/jp/techno/labo/index.htm (def from text)
2025-08-23 01:27:14,958 | DEBUG   | scraper.email_extractor |   0 emails on https://jp.mitsuichemicals.com/jp/techno/labo/index.htm (def from html)
2025-08-23 01:27:15,345 | DEBUG   | scraper.async_http_client | Async GET https://www.speedyfuels.co.uk/services/nationwide-fuel-delivery/ -> 200 (len=263903)
2025-08-23 01:27:15,438 | INFO    | scraper.email_extractor |   0 emails on https://www.speedyfuels.co.uk/services/nationwide-fuel-delivery/ (def from text)
2025-08-23 01:27:15,470 | DEBUG   | scraper.email_extractor |   0 emails on https://www.speedyfuels.co.uk/services/nationwide-fuel-delivery/ (def from html)
2025-08-23 01:27:15,503 | DEBUG   | scraper.async_http_client | Async GET https://daf.com/en/about-daf/sustainability/care-for-people -> 200 (len=93504)
2025-08-23 01:27:15,563 | INFO    | scraper.email_extractor |   0 emails on https://daf.com/en/about-daf/sustainability/care-for-people (def from text)
2025-08-23 01:27:15,606 | DEBUG   | scraper.email_extractor |   0 emails on https://daf.com/en/about-daf/sustainability/care-for-people (def from html)
2025-08-23 01:27:15,638 | DEBUG   | scraper.async_orchestrator | Summary daf.com raw=2 filtered=2 valid=2
2025-08-23 01:27:15,639 | INFO    | scraper.async_orchestrator | ✅ Found 2 emails for daf trucks (daf.com)
2025-08-23 01:27:15,862 | DEBUG   | scraper.async_http_client | Async GET https://jp.mitsuichemicals.com/jp/techno/core_technology/precision_synthesis/index.htm -> 200 (len=122376)
2025-08-23 01:27:15,918 | INFO    | scraper.email_extractor |   0 emails on https://jp.mitsuichemicals.com/jp/techno/core_technology/precision_synthesis/index.htm (def from text)
2025-08-23 01:27:15,953 | DEBUG   | scraper.email_extractor |   0 emails on https://jp.mitsuichemicals.com/jp/techno/core_technology/precision_synthesis/index.htm (def from html)
2025-08-23 01:27:15,991 | DEBUG   | scraper.async_http_client | Async GET https://www.walter-schmidt-chemie.de/en/pursue/certifications/ -> 200 (len=13946)
2025-08-23 01:27:15,999 | INFO    | scraper.email_extractor |   0 emails on https://www.walter-schmidt-chemie.de/en/pursue/certifications/ (def from text)
2025-08-23 01:27:16,005 | DEBUG   | scraper.email_extractor |   0 emails on https://www.walter-schmidt-chemie.de/en/pursue/certifications/ (def from html)
2025-08-23 01:27:16,332 | DEBUG   | scraper.async_http_client | Async GET https://www.speedyfuels.co.uk/services/priority-contracts/ -> 200 (len=261352)
2025-08-23 01:27:16,387 | INFO    | scraper.email_extractor |   0 emails on https://www.speedyfuels.co.uk/services/priority-contracts/ (def from text)
2025-08-23 01:27:16,411 | DEBUG   | scraper.email_extractor |   0 emails on https://www.speedyfuels.co.uk/services/priority-contracts/ (def from html)
2025-08-23 01:27:16,710 | DEBUG   | scraper.async_http_client | Async GET https://jp.mitsuichemicals.com/jp/techno/open/index.htm -> 200 (len=99347)
2025-08-23 01:27:16,742 | INFO    | scraper.email_extractor |   0 emails on https://jp.mitsuichemicals.com/jp/techno/open/index.htm (def from text)
2025-08-23 01:27:16,774 | DEBUG   | scraper.email_extractor |   0 emails on https://jp.mitsuichemicals.com/jp/techno/open/index.htm (def from html)
2025-08-23 01:27:16,998 | DEBUG   | scraper.async_http_client | Async GET https://www.walter-schmidt-chemie.de/en/pursue/we-work-with.html -> 200 (len=18177)
2025-08-23 01:27:17,005 | INFO    | scraper.email_extractor |   0 emails on https://www.walter-schmidt-chemie.de/en/pursue/we-work-with.html (def from text)
2025-08-23 01:27:17,011 | DEBUG   | scraper.email_extractor |   0 emails on https://www.walter-schmidt-chemie.de/en/pursue/we-work-with.html (def from html)
2025-08-23 01:27:17,294 | DEBUG   | scraper.async_http_client | Async GET https://www.speedyfuels.co.uk/environment/alternative-fuels/ -> 200 (len=244732)
2025-08-23 01:27:17,344 | INFO    | scraper.email_extractor |   0 emails on https://www.speedyfuels.co.uk/environment/alternative-fuels/ (def from text)
2025-08-23 01:27:17,364 | DEBUG   | scraper.email_extractor |   0 emails on https://www.speedyfuels.co.uk/environment/alternative-fuels/ (def from html)
2025-08-23 01:27:17,483 | DEBUG   | scraper.async_http_client | Async GET https://jp.mitsuichemicals.com/jp/techno/prize/past_2023/index.htm -> 200 (len=114899)
2025-08-23 01:27:17,520 | INFO    | scraper.email_extractor |   0 emails on https://jp.mitsuichemicals.com/jp/techno/prize/past_2023/index.htm (def from text)
2025-08-23 01:27:17,555 | DEBUG   | scraper.email_extractor |   0 emails on https://jp.mitsuichemicals.com/jp/techno/prize/past_2023/index.htm (def from html)
2025-08-23 01:27:17,883 | DEBUG   | scraper.async_http_client | Async GET https://jp.mitsuichemicals.com/jp/techno/csa/index.htm -> 200 (len=113846)
2025-08-23 01:27:17,930 | INFO    | scraper.email_extractor |   0 emails on https://jp.mitsuichemicals.com/jp/techno/csa/index.htm (def from text)
2025-08-23 01:27:17,961 | DEBUG   | scraper.email_extractor |   0 emails on https://jp.mitsuichemicals.com/jp/techno/csa/index.htm (def from html)
2025-08-23 01:27:18,280 | DEBUG   | scraper.async_http_client | Async GET https://www.speedyfuels.co.uk/services/waste-fuels-removal/ -> 200 (len=258067)
2025-08-23 01:27:18,333 | INFO    | scraper.email_extractor |   0 emails on https://www.speedyfuels.co.uk/services/waste-fuels-removal/ (def from text)
2025-08-23 01:27:18,359 | DEBUG   | scraper.email_extractor |   0 emails on https://www.speedyfuels.co.uk/services/waste-fuels-removal/ (def from html)
2025-08-23 01:27:18,625 | DEBUG   | scraper.async_http_client | Async GET https://jp.mitsuichemicals.com/jp/techno/ip/index.htm -> 200 (len=108127)
2025-08-23 01:27:18,658 | INFO    | scraper.email_extractor |   0 emails on https://jp.mitsuichemicals.com/jp/techno/ip/index.htm (def from text)
2025-08-23 01:27:18,684 | DEBUG   | scraper.email_extractor |   0 emails on https://jp.mitsuichemicals.com/jp/techno/ip/index.htm (def from html)
2025-08-23 01:27:18,719 | DEBUG   | scraper.async_http_client | Async GET https://www.walter-schmidt-chemie.de/en/products/ -> 200 (len=16814)
2025-08-23 01:27:18,726 | INFO    | scraper.email_extractor |   0 emails on https://www.walter-schmidt-chemie.de/en/products/ (def from text)
2025-08-23 01:27:18,734 | DEBUG   | scraper.email_extractor |   0 emails on https://www.walter-schmidt-chemie.de/en/products/ (def from html)
2025-08-23 01:27:19,024 | DEBUG   | scraper.async_http_client | Async GET https://www.walter-schmidt-chemie.de/en/products/productsearch.html -> 200 (len=12468)
2025-08-23 01:27:19,032 | INFO    | scraper.email_extractor |   0 emails on https://www.walter-schmidt-chemie.de/en/products/productsearch.html (def from text)
2025-08-23 01:27:19,039 | DEBUG   | scraper.email_extractor |   0 emails on https://www.walter-schmidt-chemie.de/en/products/productsearch.html (def from html)
2025-08-23 01:27:19,348 | DEBUG   | scraper.async_http_client | Async GET https://www.speedyfuels.co.uk/tank-services/ -> 200 (len=259777)
2025-08-23 01:27:19,397 | INFO    | scraper.email_extractor |   0 emails on https://www.speedyfuels.co.uk/tank-services/ (def from text)
2025-08-23 01:27:19,421 | DEBUG   | scraper.email_extractor |   0 emails on https://www.speedyfuels.co.uk/tank-services/ (def from html)
2025-08-23 01:27:19,449 | DEBUG   | scraper.async_http_client | Async GET https://jp.mitsuichemicals.com/jp/techno/feature/index.htm -> 200 (len=117334)
2025-08-23 01:27:19,484 | INFO    | scraper.email_extractor |   0 emails on https://jp.mitsuichemicals.com/jp/techno/feature/index.htm (def from text)
2025-08-23 01:27:19,511 | DEBUG   | scraper.email_extractor |   0 emails on https://jp.mitsuichemicals.com/jp/techno/feature/index.htm (def from html)
2025-08-23 01:27:19,772 | DEBUG   | scraper.async_http_client | Async GET https://www.walter-schmidt-chemie.de/en/products/premium-products/ -> 200 (len=16089)
2025-08-23 01:27:19,787 | INFO    | scraper.email_extractor |   0 emails on https://www.walter-schmidt-chemie.de/en/products/premium-products/ (def from text)
2025-08-23 01:27:19,794 | DEBUG   | scraper.email_extractor |   0 emails on https://www.walter-schmidt-chemie.de/en/products/premium-products/ (def from html)
2025-08-23 01:27:20,302 | DEBUG   | scraper.async_http_client | Async GET https://www.speedyfuels.co.uk/services/industrial-tank-cleaning/ -> 200 (len=259253)
2025-08-23 01:27:20,349 | INFO    | scraper.email_extractor |   0 emails on https://www.speedyfuels.co.uk/services/industrial-tank-cleaning/ (def from text)
2025-08-23 01:27:20,372 | DEBUG   | scraper.email_extractor |   0 emails on https://www.speedyfuels.co.uk/services/industrial-tank-cleaning/ (def from html)
2025-08-23 01:27:20,487 | DEBUG   | scraper.async_http_client | Async GET https://jp.mitsuichemicals.com/jp/sustainability/index.htm -> 200 (len=194480)
2025-08-23 01:27:20,739 | INFO    | scraper.email_extractor |   0 emails on https://jp.mitsuichemicals.com/jp/sustainability/index.htm (def from text)
2025-08-23 01:27:20,776 | DEBUG   | scraper.email_extractor |   0 emails on https://jp.mitsuichemicals.com/jp/sustainability/index.htm (def from html)
2025-08-23 01:27:20,822 | DEBUG   | scraper.async_http_client | Async GET https://www.walter-schmidt-chemie.de/en/products/winter-products/ -> 200 (len=21445)
2025-08-23 01:27:20,834 | INFO    | scraper.email_extractor |   0 emails on https://www.walter-schmidt-chemie.de/en/products/winter-products/ (def from text)
2025-08-23 01:27:20,843 | DEBUG   | scraper.email_extractor |   0 emails on https://www.walter-schmidt-chemie.de/en/products/winter-products/ (def from html)
2025-08-23 01:27:20,961 | DEBUG   | scraper.async_http_client | Async GET https://www.speedyfuels.co.uk/services/industrial-tank-foam-filling/ -> 200 (len=259296)
2025-08-23 01:27:21,008 | INFO    | scraper.email_extractor |   0 emails on https://www.speedyfuels.co.uk/services/industrial-tank-foam-filling/ (def from text)
2025-08-23 01:27:21,033 | DEBUG   | scraper.email_extractor |   0 emails on https://www.speedyfuels.co.uk/services/industrial-tank-foam-filling/ (def from html)
2025-08-23 01:27:21,486 | DEBUG   | scraper.async_http_client | Async GET https://jp.mitsuichemicals.com/jp/sustainability/message/index.htm -> 200 (len=124066)
2025-08-23 01:27:21,531 | INFO    | scraper.email_extractor |   0 emails on https://jp.mitsuichemicals.com/jp/sustainability/message/index.htm (def from text)
2025-08-23 01:27:21,565 | DEBUG   | scraper.email_extractor |   0 emails on https://jp.mitsuichemicals.com/jp/sustainability/message/index.htm (def from html)
2025-08-23 01:27:21,701 | DEBUG   | scraper.async_http_client | Async GET https://www.walter-schmidt-chemie.de/en/products/summer-products/ -> 200 (len=15487)
2025-08-23 01:27:21,712 | INFO    | scraper.email_extractor |   0 emails on https://www.walter-schmidt-chemie.de/en/products/summer-products/ (def from text)
2025-08-23 01:27:21,719 | DEBUG   | scraper.email_extractor |   0 emails on https://www.walter-schmidt-chemie.de/en/products/summer-products/ (def from html)
2025-08-23 01:27:21,801 | DEBUG   | scraper.async_http_client | Async GET https://www.speedyfuels.co.uk/services/industrial-tank-lining/ -> 200 (len=258730)
2025-08-23 01:27:21,850 | INFO    | scraper.email_extractor |   0 emails on https://www.speedyfuels.co.uk/services/industrial-tank-lining/ (def from text)
2025-08-23 01:27:21,878 | DEBUG   | scraper.email_extractor |   0 emails on https://www.speedyfuels.co.uk/services/industrial-tank-lining/ (def from html)
2025-08-23 01:27:22,446 | DEBUG   | scraper.async_http_client | Async GET https://jp.mitsuichemicals.com/jp/sustainability/information/2025/index.htm -> 200 (len=113376)
2025-08-23 01:27:22,480 | INFO    | scraper.email_extractor |   0 emails on https://jp.mitsuichemicals.com/jp/sustainability/information/2025/index.htm (def from text)
2025-08-23 01:27:22,508 | DEBUG   | scraper.email_extractor |   0 emails on https://jp.mitsuichemicals.com/jp/sustainability/information/2025/index.htm (def from html)
2025-08-23 01:27:22,794 | DEBUG   | scraper.async_http_client | Async GET https://www.walter-schmidt-chemie.de/en/products/car-care-products/ -> 200 (len=25915)
2025-08-23 01:27:22,812 | INFO    | scraper.email_extractor |   0 emails on https://www.walter-schmidt-chemie.de/en/products/car-care-products/ (def from text)
2025-08-23 01:27:22,824 | DEBUG   | scraper.email_extractor |   0 emails on https://www.walter-schmidt-chemie.de/en/products/car-care-products/ (def from html)
2025-08-23 01:27:23,302 | DEBUG   | scraper.async_http_client | Async GET https://jp.mitsuichemicals.com/jp/sustainability/mci_sustainability/index.htm -> 200 (len=108415)
2025-08-23 01:27:23,335 | INFO    | scraper.email_extractor |   0 emails on https://jp.mitsuichemicals.com/jp/sustainability/mci_sustainability/index.htm (def from text)
2025-08-23 01:27:23,365 | DEBUG   | scraper.email_extractor |   0 emails on https://jp.mitsuichemicals.com/jp/sustainability/mci_sustainability/index.htm (def from html)
2025-08-23 01:27:23,396 | DEBUG   | scraper.async_http_client | Async GET https://www.speedyfuels.co.uk/services/oil-tank-telemetry/ -> 200 (len=261323)
2025-08-23 01:27:23,444 | INFO    | scraper.email_extractor |   0 emails on https://www.speedyfuels.co.uk/services/oil-tank-telemetry/ (def from text)
2025-08-23 01:27:23,467 | DEBUG   | scraper.email_extractor |   0 emails on https://www.speedyfuels.co.uk/services/oil-tank-telemetry/ (def from html)
2025-08-23 01:27:23,666 | DEBUG   | scraper.async_http_client | Async GET https://www.walter-schmidt-chemie.de/en/products/home-garden-leisure/ -> 200 (len=13991)
2025-08-23 01:27:23,680 | INFO    | scraper.email_extractor |   0 emails on https://www.walter-schmidt-chemie.de/en/products/home-garden-leisure/ (def from text)
2025-08-23 01:27:23,689 | DEBUG   | scraper.email_extractor |   0 emails on https://www.walter-schmidt-chemie.de/en/products/home-garden-leisure/ (def from html)
2025-08-23 01:27:24,203 | DEBUG   | scraper.async_http_client | Async GET https://jp.mitsuichemicals.com/jp/sustainability/risk_compliance/index.htm -> 200 (len=106674)
2025-08-23 01:27:24,249 | INFO    | scraper.email_extractor |   0 emails on https://jp.mitsuichemicals.com/jp/sustainability/risk_compliance/index.htm (def from text)
2025-08-23 01:27:24,276 | DEBUG   | scraper.email_extractor |   0 emails on https://jp.mitsuichemicals.com/jp/sustainability/risk_compliance/index.htm (def from html)
2025-08-23 01:27:24,336 | DEBUG   | scraper.async_http_client | Async GET https://www.speedyfuels.co.uk/resources/ -> 200 (len=262527)
2025-08-23 01:27:24,397 | INFO    | scraper.email_extractor |   0 emails on https://www.speedyfuels.co.uk/resources/ (def from text)
2025-08-23 01:27:24,421 | DEBUG   | scraper.email_extractor |   0 emails on https://www.speedyfuels.co.uk/resources/ (def from html)
2025-08-23 01:27:24,706 | DEBUG   | scraper.async_http_client | Async GET https://www.walter-schmidt-chemie.de/en/products/disinfection/ -> 200 (len=14105)
2025-08-23 01:27:24,715 | INFO    | scraper.email_extractor |   0 emails on https://www.walter-schmidt-chemie.de/en/products/disinfection/ (def from text)
2025-08-23 01:27:24,723 | DEBUG   | scraper.email_extractor |   0 emails on https://www.walter-schmidt-chemie.de/en/products/disinfection/ (def from html)
2025-08-23 01:27:25,288 | DEBUG   | scraper.async_http_client | Async GET https://www.speedyfuels.co.uk/faqs/ -> 200 (len=259262)
2025-08-23 01:27:25,347 | INFO    | scraper.email_extractor |   0 emails on https://www.speedyfuels.co.uk/faqs/ (def from text)
2025-08-23 01:27:25,370 | DEBUG   | scraper.email_extractor |   0 emails on https://www.speedyfuels.co.uk/faqs/ (def from html)
2025-08-23 01:27:25,398 | DEBUG   | scraper.async_http_client | Async GET https://jp.mitsuichemicals.com/jp/sustainability/rc/index.htm -> 200 (len=112868)
2025-08-23 01:27:25,428 | INFO    | scraper.email_extractor |   0 emails on https://jp.mitsuichemicals.com/jp/sustainability/rc/index.htm (def from text)
2025-08-23 01:27:25,460 | DEBUG   | scraper.email_extractor |   0 emails on https://jp.mitsuichemicals.com/jp/sustainability/rc/index.htm (def from html)
2025-08-23 01:27:25,787 | DEBUG   | scraper.async_http_client | Async GET https://www.speedyfuels.co.uk/guides/ -> 200 (len=259352)
2025-08-23 01:27:25,842 | INFO    | scraper.email_extractor |   0 emails on https://www.speedyfuels.co.uk/guides/ (def from text)
2025-08-23 01:27:25,866 | DEBUG   | scraper.email_extractor |   0 emails on https://www.speedyfuels.co.uk/guides/ (def from html)
2025-08-23 01:27:26,184 | DEBUG   | scraper.async_http_client | Async GET https://jp.mitsuichemicals.com/jp/sustainability/society/index.htm -> 200 (len=106866)
2025-08-23 01:27:26,221 | INFO    | scraper.email_extractor |   0 emails on https://jp.mitsuichemicals.com/jp/sustainability/society/index.htm (def from text)
2025-08-23 01:27:26,247 | DEBUG   | scraper.email_extractor |   0 emails on https://jp.mitsuichemicals.com/jp/sustainability/society/index.htm (def from html)
2025-08-23 01:27:26,684 | DEBUG   | scraper.async_http_client | Async GET https://www.walter-schmidt-chemie.de/en/products/adblue/ -> 200 (len=13944)
2025-08-23 01:27:26,692 | INFO    | scraper.email_extractor |   0 emails on https://www.walter-schmidt-chemie.de/en/products/adblue/ (def from text)
2025-08-23 01:27:26,699 | DEBUG   | scraper.email_extractor |   0 emails on https://www.walter-schmidt-chemie.de/en/products/adblue/ (def from html)
2025-08-23 01:27:26,841 | DEBUG   | scraper.async_http_client | Async GET https://jp.mitsuichemicals.com/jp/sustainability/esg_performance/environment/index.htm -> 200 (len=199008)
2025-08-23 01:27:27,079 | INFO    | scraper.email_extractor |   0 emails on https://jp.mitsuichemicals.com/jp/sustainability/esg_performance/environment/index.htm (def from text)
2025-08-23 01:27:27,140 | DEBUG   | scraper.email_extractor |   0 emails on https://jp.mitsuichemicals.com/jp/sustainability/esg_performance/environment/index.htm (def from html)
2025-08-23 01:27:27,197 | DEBUG   | scraper.async_http_client | Async GET https://www.walter-schmidt-chemie.de/en/products/professional-cleaner/ -> 200 (len=23040)
2025-08-23 01:27:27,206 | INFO    | scraper.email_extractor |   0 emails on https://www.walter-schmidt-chemie.de/en/products/professional-cleaner/ (def from text)
2025-08-23 01:27:27,217 | DEBUG   | scraper.email_extractor |   0 emails on https://www.walter-schmidt-chemie.de/en/products/professional-cleaner/ (def from html)
2025-08-23 01:27:27,326 | DEBUG   | scraper.async_http_client | Async GET https://www.speedyfuels.co.uk/guides/fuel-storage-regulations/ -> 200 (len=274924)
2025-08-23 01:27:27,389 | INFO    | scraper.email_extractor |   0 emails on https://www.speedyfuels.co.uk/guides/fuel-storage-regulations/ (def from text)
2025-08-23 01:27:27,418 | DEBUG   | scraper.email_extractor |   0 emails on https://www.speedyfuels.co.uk/guides/fuel-storage-regulations/ (def from html)
2025-08-23 01:27:27,644 | DEBUG   | scraper.async_http_client | Async GET https://www.walter-schmidt-chemie.de/en/products/cleanser/ -> 200 (len=28267)
2025-08-23 01:27:27,664 | INFO    | scraper.email_extractor |   0 emails on https://www.walter-schmidt-chemie.de/en/products/cleanser/ (def from text)
2025-08-23 01:27:27,677 | DEBUG   | scraper.email_extractor |   0 emails on https://www.walter-schmidt-chemie.de/en/products/cleanser/ (def from html)
2025-08-23 01:27:27,699 | DEBUG   | scraper.async_orchestrator | Summary walter-schmidt-chemie.de raw=3 filtered=3 valid=3
2025-08-23 01:27:27,700 | INFO    | scraper.async_orchestrator | ✅ Found 3 emails for walter schmidt chemie gmbh (walter-schmidt-chemie.de)
2025-08-23 01:27:28,184 | DEBUG   | scraper.async_http_client | Async GET https://jp.mitsuichemicals.com/jp/sustainability/others/index.htm -> 200 (len=99496)
2025-08-23 01:27:28,217 | INFO    | scraper.email_extractor |   0 emails on https://jp.mitsuichemicals.com/jp/sustainability/others/index.htm (def from text)
2025-08-23 01:27:28,241 | DEBUG   | scraper.email_extractor |   0 emails on https://jp.mitsuichemicals.com/jp/sustainability/others/index.htm (def from html)
2025-08-23 01:27:28,327 | DEBUG   | scraper.async_http_client | Async GET https://www.speedyfuels.co.uk/downloads/ -> 200 (len=263812)
2025-08-23 01:27:28,382 | INFO    | scraper.email_extractor |   0 emails on https://www.speedyfuels.co.uk/downloads/ (def from text)
2025-08-23 01:27:28,406 | DEBUG   | scraper.email_extractor |   0 emails on https://www.speedyfuels.co.uk/downloads/ (def from html)
2025-08-23 01:27:28,816 | DEBUG   | scraper.async_http_client | Async GET https://jp.mitsuichemicals.com/jp/sustainability/beplayer-replayer/index.htm -> 200 (len=28146)
2025-08-23 01:27:28,836 | INFO    | scraper.email_extractor |   0 emails on https://jp.mitsuichemicals.com/jp/sustainability/beplayer-replayer/index.htm (def from text)
2025-08-23 01:27:28,853 | DEBUG   | scraper.email_extractor |   0 emails on https://jp.mitsuichemicals.com/jp/sustainability/beplayer-replayer/index.htm (def from html)
2025-08-23 01:27:28,871 | DEBUG   | scraper.async_orchestrator | Summary jp.mitsuichemicals.com raw=1 filtered=1 valid=1
2025-08-23 01:27:28,872 | INFO    | scraper.async_orchestrator | ✅ Found 1 emails for mitsui toatsu chemicals  (jp.mitsuichemicals.com)
2025-08-23 01:27:29,304 | DEBUG   | scraper.async_http_client | Async GET https://www.speedyfuels.co.uk/news/ -> 200 (len=262197)
2025-08-23 01:27:29,363 | INFO    | scraper.email_extractor |   0 emails on https://www.speedyfuels.co.uk/news/ (def from text)
2025-08-23 01:27:29,387 | DEBUG   | scraper.email_extractor |   0 emails on https://www.speedyfuels.co.uk/news/ (def from html)
2025-08-23 01:27:29,788 | DEBUG   | scraper.async_http_client | Async GET https://www.speedyfuels.co.uk/resources/tank-size-calculator/ -> 200 (len=260778)
2025-08-23 01:27:29,838 | INFO    | scraper.email_extractor |   0 emails on https://www.speedyfuels.co.uk/resources/tank-size-calculator/ (def from text)
2025-08-23 01:27:29,860 | DEBUG   | scraper.email_extractor |   0 emails on https://www.speedyfuels.co.uk/resources/tank-size-calculator/ (def from html)
2025-08-23 01:27:30,085 | DEBUG   | scraper.async_http_client | Async GET https://sustainability.speedyfuels.co.uk/carbon-calculator/ -> 200 (len=184651)
2025-08-23 01:27:30,151 | INFO    | scraper.email_extractor |   0 emails on https://sustainability.speedyfuels.co.uk/carbon-calculator/ (def from text)
2025-08-23 01:27:30,215 | DEBUG   | scraper.email_extractor |   0 emails on https://sustainability.speedyfuels.co.uk/carbon-calculator/ (def from html)
2025-08-23 01:27:31,319 | DEBUG   | scraper.async_http_client | Async GET https://www.speedyfuels.co.uk/about-us/ -> 200 (len=265091)
2025-08-23 01:27:31,371 | INFO    | scraper.email_extractor |   0 emails on https://www.speedyfuels.co.uk/about-us/ (def from text)
2025-08-23 01:27:31,397 | DEBUG   | scraper.email_extractor |   0 emails on https://www.speedyfuels.co.uk/about-us/ (def from html)
2025-08-23 01:27:32,307 | DEBUG   | scraper.async_http_client | Async GET https://www.speedyfuels.co.uk/environment/ -> 200 (len=265817)
2025-08-23 01:27:32,376 | INFO    | scraper.email_extractor |   0 emails on https://www.speedyfuels.co.uk/environment/ (def from text)
2025-08-23 01:27:32,415 | DEBUG   | scraper.email_extractor |   0 emails on https://www.speedyfuels.co.uk/environment/ (def from html)
2025-08-23 01:27:32,814 | DEBUG   | scraper.async_http_client | Async GET https://speedyfuels.co.uk -> 200 (len=276481)
2025-08-23 01:27:32,814 | INFO    | scraper.async_http_client | Starting async batch request for 5 URLs
2025-08-23 01:27:34,845 | DEBUG   | scraper.async_http_client | Async GET https://speedyfuels.co.uk/kontakt -> 404 (len=258108)
2025-08-23 01:27:35,101 | DEBUG   | scraper.async_http_client | Async GET https://speedyfuels.co.uk/contact/ -> 404 (len=258159)
2025-08-23 01:27:35,152 | DEBUG   | scraper.async_http_client | Async GET https://speedyfuels.co.uk/contact -> 404 (len=258142)
2025-08-23 01:27:35,154 | DEBUG   | scraper.async_http_client | Async GET https://speedyfuels.co.uk/contacts/ -> 404 (len=258074)
2025-08-23 01:27:35,162 | DEBUG   | scraper.async_http_client | Async GET https://speedyfuels.co.uk/contacts -> 404 (len=258074)
2025-08-23 01:27:35,162 | INFO    | scraper.async_http_client | Async batch request completed: 5/5 successful in 2.35 seconds (2.13 requests/sec)
2025-08-23 01:27:35,985 | INFO    | scraper.async_browser_service | AsyncBrowserService started (headless=True, concurrent=8)
2025-08-23 01:27:41,051 | DEBUG   | scraper.async_orchestrator | Async JS render failed for speedyfuels.co.uk: module 'scraper.email_extractor' has no attribute 'extract_emails_from_content'
2025-08-23 01:27:41,052 | DEBUG   | scraper.async_orchestrator | Summary speedyfuels.co.uk raw=0 filtered=0 valid=0
2025-08-23 01:27:41,052 | DEBUG   | scraper.async_orchestrator | No emails found for speedy fuels (speedyfuels.co.uk)
2025-08-23 01:27:41,059 | INFO    | scraper.async_http_client | Async HTTP client closed
2025-08-23 01:27:41,060 | DEBUG   | scraper.async_google_search | Async Google API session closed
2025-08-23 01:27:41,130 | ERROR   | scraper.cli          | Failed final Excel write: [WinError 5] Zugriff verweigert: 'C:\\Users\\julia\\AppData\\Local\\Temp\\tmp5862t1mr.xlsx' -> 'results.xlsx'
2025-08-23 01:27:41,134 | WARNING | scraper.cli          | Wrote fallback CSV instead: results.csv
2025-08-23 01:27:41,136 | INFO    | scraper.browser_service | BrowserService shutdown complete
2025-08-23 01:27:41,136 | INFO    | scraper.cli          | BrowserService: shutdown complete
