2025-08-23 01:11:21,256 | DEBUG   | scraper.output_formatter | Output formatter initialized (verbose=True)
2025-08-23 01:11:21,256 | INFO    | scraper.cli          | Email scraper starting
2025-08-23 01:11:21,256 | INFO    | scraper.cli          | Input file: test_input.xlsx
2025-08-23 01:11:21,256 | INFO    | scraper.cli          | Output file: results.xlsx
2025-08-23 01:11:21,256 | INFO    | scraper.cli          | Workers: 16
2025-08-23 01:11:21,257 | INFO    | scraper.cli          | Domain threshold: 65
2025-08-23 01:11:21,257 | INFO    | scraper.cli          | Max pages: 50
2025-08-23 01:11:21,271 | INFO    | scraper.cli          | Process PDFs: False
2025-08-23 01:11:21,271 | INFO    | scraper.cli          | Save domain only: False
2025-08-23 01:11:21,271 | INFO    | scraper.config       | Updated max workers to 16
2025-08-23 01:11:21,462 | INFO    | scraper.cli          | Loaded 8 companies from test_input.xlsx
2025-08-23 01:11:21,654 | INFO    | scraper.regex_cache  | Precompiling 11 regex patterns
2025-08-23 01:11:21,655 | DEBUG   | scraper.regex_cache  | Compiled and cached regex pattern: (?i)(?<![A-Z0-9._%+-])[A-Z0-9._%+-]+@(?:[A-Z0-9-]+ (0.625ms)
2025-08-23 01:11:21,655 | DEBUG   | scraper.regex_cache  | Precompiled pattern 'email_basic'
2025-08-23 01:11:21,655 | DEBUG   | scraper.regex_cache  | Compiled and cached regex pattern: mailto: (0.044ms)
2025-08-23 01:11:21,655 | DEBUG   | scraper.regex_cache  | Precompiled pattern 'mailto'
2025-08-23 01:11:21,656 | DEBUG   | scraper.regex_cache  | Compiled and cached regex pattern: 
            (?P<user>[A-Za-z0-9._%+-]+)           (0.586ms)
2025-08-23 01:11:21,656 | DEBUG   | scraper.regex_cache  | Precompiled pattern 'obfuscated_email'
2025-08-23 01:11:21,656 | DEBUG   | scraper.regex_cache  | Compiled and cached regex pattern: noreply@ (0.042ms)
2025-08-23 01:11:21,656 | DEBUG   | scraper.regex_cache  | Precompiled pattern 'noreply'
2025-08-23 01:11:21,657 | DEBUG   | scraper.regex_cache  | Compiled and cached regex pattern: donotreply@ (0.045ms)
2025-08-23 01:11:21,657 | DEBUG   | scraper.regex_cache  | Precompiled pattern 'donotreply'
2025-08-23 01:11:21,657 | DEBUG   | scraper.regex_cache  | Compiled and cached regex pattern: no-reply@ (0.041ms)
2025-08-23 01:11:21,657 | DEBUG   | scraper.regex_cache  | Precompiled pattern 'no_reply'
2025-08-23 01:11:21,657 | DEBUG   | scraper.regex_cache  | Compiled and cached regex pattern: webmaster@ (0.046ms)
2025-08-23 01:11:21,657 | DEBUG   | scraper.regex_cache  | Precompiled pattern 'webmaster'
2025-08-23 01:11:21,658 | DEBUG   | scraper.regex_cache  | Compiled and cached regex pattern: hostmaster@ (0.045ms)
2025-08-23 01:11:21,658 | DEBUG   | scraper.regex_cache  | Precompiled pattern 'hostmaster'
2025-08-23 01:11:21,658 | DEBUG   | scraper.regex_cache  | Compiled and cached regex pattern: postmaster@ (0.048ms)
2025-08-23 01:11:21,658 | DEBUG   | scraper.regex_cache  | Precompiled pattern 'postmaster'
2025-08-23 01:11:21,658 | DEBUG   | scraper.regex_cache  | Compiled and cached regex pattern: \.(?:png|jpe?g|gif)$ (0.084ms)
2025-08-23 01:11:21,658 | DEBUG   | scraper.regex_cache  | Precompiled pattern 'image_extensions'
2025-08-23 01:11:21,659 | DEBUG   | scraper.regex_cache  | Compiled and cached regex pattern: ^[0-9a-f]{20,}$ (0.064ms)
2025-08-23 01:11:21,659 | DEBUG   | scraper.regex_cache  | Precompiled pattern 'hex_local_parts'
2025-08-23 01:11:21,659 | INFO    | scraper.regex_cache  | Precompiled 11 common email extraction patterns
2025-08-23 01:11:21,660 | DEBUG   | asyncio              | Using proactor: IocpProactor
2025-08-23 01:11:21,839 | DEBUG   | scraper.google_search | Google search cache persistence enabled
2025-08-23 01:11:21,839 | DEBUG   | scraper.http_client  | Created optimized session template with connection pooling
2025-08-23 01:11:21,840 | DEBUG   | scraper.http_client  | Created new session for domain: googleapis.com
2025-08-23 01:11:21,840 | INFO    | scraper.google_search | Google API requests session initialized
2025-08-23 01:11:21,840 | DEBUG   | scraper.google_search | Google search cache persistence enabled
2025-08-23 01:11:21,840 | DEBUG   | scraper.google_search | Google search cache persistence enabled
2025-08-23 01:11:21,840 | INFO    | scraper.async_orchestrator | Starting streaming processing of 8 companies
2025-08-23 01:11:21,840 | DEBUG   | scraper.async_google_search | [TRACE] search_companies_streaming: start with 8 companies
2025-08-23 01:11:21,841 | DEBUG   | scraper.async_google_search | [TRACE] search_companies_streaming: created 8 tasks
2025-08-23 01:11:21,841 | DEBUG   | scraper.async_google_search | [TRACE] search_companies_streaming: awaiting next completed task
2025-08-23 01:11:21,841 | DEBUG   | scraper.async_google_search | [TRACE] run: starting search for walter schmidt chemie gmbh
2025-08-23 01:11:21,841 | DEBUG   | scraper.google_search | Google cache MISS for query: "walter schmidt chemie gmbh" contact email
2025-08-23 01:11:21,842 | INFO    | scraper.async_google_search | Async Google API session initialized (max_concurrent=10)
2025-08-23 01:11:21,842 | DEBUG   | scraper.async_google_search | Async Google API search: "walter schmidt chemie gmbh" contact email
2025-08-23 01:11:21,842 | DEBUG   | scraper.async_google_search | [TRACE] run: starting search for henan xinlianxin fertilizer 
2025-08-23 01:11:21,843 | DEBUG   | scraper.google_search | Google cache MISS for query: "henan xinlianxin fertilizer" contact email
2025-08-23 01:11:21,843 | DEBUG   | scraper.async_google_search | Async rate limiting: waiting 0.80 seconds
2025-08-23 01:11:21,843 | DEBUG   | scraper.async_google_search | [TRACE] run: starting search for mitsui toatsu chemicals 
2025-08-23 01:11:21,843 | DEBUG   | scraper.google_search | Google cache MISS for query: "mitsui toatsu chemicals" contact email
2025-08-23 01:11:21,843 | DEBUG   | scraper.async_google_search | [TRACE] run: starting search for daf trucks
2025-08-23 01:11:21,844 | DEBUG   | scraper.google_search | Google cache MISS for query: "daf trucks" contact email
2025-08-23 01:11:21,844 | DEBUG   | scraper.async_google_search | [TRACE] run: starting search for petrol rete 
2025-08-23 01:11:21,844 | DEBUG   | scraper.google_search | Google cache MISS for query: "petrol rete" contact email
2025-08-23 01:11:21,844 | DEBUG   | scraper.async_google_search | [TRACE] run: starting search for euro dam jas doo
2025-08-23 01:11:21,844 | DEBUG   | scraper.google_search | Google cache MISS for query: "euro dam jas doo" contact email
2025-08-23 01:11:21,845 | DEBUG   | scraper.async_google_search | [TRACE] run: starting search for Synsol
2025-08-23 01:11:21,845 | DEBUG   | scraper.google_search | Google cache MISS for query: "Synsol" contact email
2025-08-23 01:11:21,845 | DEBUG   | scraper.async_google_search | [TRACE] run: starting search for speedy fuels
2025-08-23 01:11:21,845 | DEBUG   | scraper.google_search | Google cache MISS for query: "speedy fuels" contact email
2025-08-23 01:11:22,120 | DEBUG   | scraper.async_google_search | Async Google search returned 10 results for: "walter schmidt chemie gmbh" contact email
2025-08-23 01:11:22,121 | DEBUG   | scraper.google_search | Cached Google results for query: "walter schmidt chemie gmbh" contact email (10 results)
2025-08-23 01:11:22,121 | DEBUG   | scraper.async_google_search | [TRACE] run: finished search for walter schmidt chemie gmbh
2025-08-23 01:11:22,122 | DEBUG   | scraper.async_google_search | [TRACE] search_companies_streaming: got results for walter schmidt chemie gmbh
2025-08-23 01:11:22,122 | DEBUG   | scraper.async_orchestrator | [TRACE] Pulled company from google search: walter schmidt chemie gmbh
2025-08-23 01:11:22,122 | DEBUG   | scraper.async_orchestrator | [TRACE] on_company_start called for: walter schmidt chemie gmbh
2025-08-23 01:11:22,122 | DEBUG   | scraper.async_orchestrator | [TRACE] on_company_start awaited for: walter schmidt chemie gmbh
2025-08-23 01:11:22,123 | DEBUG   | filelock             | Attempting to acquire lock 2089072360960 on C:\Dev\Projects\Scraping_directory\THE_Email_Scraper\.venv\Lib\site-packages\tldextract\.suffix_cache\publicsuffix.org-tlds\de84b5ca2167d4c83e38fb162f2e8738.tldextract.json.lock
2025-08-23 01:11:22,125 | DEBUG   | filelock             | Lock 2089072360960 acquired on C:\Dev\Projects\Scraping_directory\THE_Email_Scraper\.venv\Lib\site-packages\tldextract\.suffix_cache\publicsuffix.org-tlds\de84b5ca2167d4c83e38fb162f2e8738.tldextract.json.lock
2025-08-23 01:11:22,128 | DEBUG   | filelock             | Attempting to release lock 2089072360960 on C:\Dev\Projects\Scraping_directory\THE_Email_Scraper\.venv\Lib\site-packages\tldextract\.suffix_cache\publicsuffix.org-tlds\de84b5ca2167d4c83e38fb162f2e8738.tldextract.json.lock
2025-08-23 01:11:22,134 | DEBUG   | filelock             | Lock 2089072360960 released on C:\Dev\Projects\Scraping_directory\THE_Email_Scraper\.venv\Lib\site-packages\tldextract\.suffix_cache\publicsuffix.org-tlds\de84b5ca2167d4c83e38fb162f2e8738.tldextract.json.lock
2025-08-23 01:11:22,162 | DEBUG   | scraper.domain_scorer | Domain score for walter schmidt chemie gmbh and walter-schmidt-chemie.de: 89 (base: 89, penalty: 0)
2025-08-23 01:11:22,163 | DEBUG   | scraper.domain_scorer | Domain score for walter schmidt chemie gmbh and rocketreach.co: 45 (base: 45, penalty: 0)
2025-08-23 01:11:22,163 | DEBUG   | scraper.domain_scorer | Domain score for walter schmidt chemie gmbh and walter-schmidt-chemie.de: 89 (base: 89, penalty: 0)
2025-08-23 01:11:22,163 | DEBUG   | scraper.domain_scorer | Domain score for walter schmidt chemie gmbh and schmidt-zement.de: 74 (base: 74, penalty: 0)
2025-08-23 01:11:22,163 | DEBUG   | scraper.domain_scorer | Domain score for walter schmidt chemie gmbh and carlroth.com: 50 (base: 50, penalty: 0)
2025-08-23 01:11:22,163 | DEBUG   | scraper.domain_scorer | Domain score for walter schmidt chemie gmbh and schmidt-zement.de: 74 (base: 74, penalty: 0)
2025-08-23 01:11:22,164 | DEBUG   | scraper.domain_scorer | Domain score for walter schmidt chemie gmbh and noba-normteile.de: 42 (base: 42, penalty: 0)
2025-08-23 01:11:22,164 | DEBUG   | scraper.domain_scorer | Domain score for walter schmidt chemie gmbh and schmidt-zement.de: 74 (base: 74, penalty: 0)
2025-08-23 01:11:22,164 | DEBUG   | scraper.domain_scorer | Applied penalty to linkedin.com (contains linkedin.com)
2025-08-23 01:11:22,164 | DEBUG   | scraper.domain_scorer | Domain score for walter schmidt chemie gmbh and linkedin.com: 15 (base: 40, penalty: 25)
2025-08-23 01:11:22,164 | DEBUG   | scraper.domain_scorer | Domain score for walter schmidt chemie gmbh and schmidt-zement.de: 74 (base: 74, penalty: 0)
2025-08-23 01:11:22,164 | DEBUG   | scraper.domain_scorer | Best domain for walter schmidt chemie gmbh: https://www.walter-schmidt-chemie.de/en/contact/imprint.html (score: 89)
2025-08-23 01:11:22,165 | DEBUG   | scraper.async_orchestrator | [TRACE] Domain scored for walter schmidt chemie gmbh: https://www.walter-schmidt-chemie.de/en/contact/imprint.html
2025-08-23 01:11:22,165 | DEBUG   | scraper.async_google_search | [TRACE] search_companies_streaming: awaiting next completed task
2025-08-23 01:11:22,165 | DEBUG   | scraper.async_orchestrator | 🌐 Processing domain: walter-schmidt-chemie.de (score: 89)
2025-08-23 01:11:22,165 | INFO    | scraper.async_http_client | Probing domain (sequential) for access method: walter-schmidt-chemie.de
2025-08-23 01:11:22,165 | DEBUG   | scraper.async_http_client | Testing access method https: https://walter-schmidt-chemie.de
2025-08-23 01:11:22,644 | DEBUG   | scraper.async_google_search | Async Google API search: "henan xinlianxin fertilizer" contact email
2025-08-23 01:11:22,645 | DEBUG   | scraper.async_google_search | Async rate limiting: waiting 0.80 seconds
2025-08-23 01:11:22,861 | DEBUG   | scraper.async_google_search | Async Google search returned 10 results for: "henan xinlianxin fertilizer" contact email
2025-08-23 01:11:22,861 | DEBUG   | scraper.google_search | Cached Google results for query: "henan xinlianxin fertilizer" contact email (10 results)
2025-08-23 01:11:22,861 | DEBUG   | scraper.async_google_search | [TRACE] run: finished search for henan xinlianxin fertilizer 
2025-08-23 01:11:22,861 | DEBUG   | scraper.async_google_search | [TRACE] search_companies_streaming: got results for henan xinlianxin fertilizer 
2025-08-23 01:11:22,862 | DEBUG   | scraper.async_orchestrator | [TRACE] Pulled company from google search: henan xinlianxin fertilizer 
2025-08-23 01:11:22,862 | DEBUG   | scraper.async_orchestrator | [TRACE] on_company_start called for: henan xinlianxin fertilizer 
2025-08-23 01:11:22,862 | DEBUG   | scraper.async_orchestrator | [TRACE] on_company_start awaited for: henan xinlianxin fertilizer 
2025-08-23 01:11:22,862 | DEBUG   | scraper.domain_scorer | Applied penalty to facebook.com (contains facebook.com)
2025-08-23 01:11:22,862 | DEBUG   | scraper.domain_scorer | Domain score for henan xinlianxin fertilizer  and facebook.com: 0 (base: 25, penalty: 25)
2025-08-23 01:11:22,862 | DEBUG   | scraper.domain_scorer | Domain score for henan xinlianxin fertilizer  and jet-inc.com: 42 (base: 42, penalty: 0)
2025-08-23 01:11:22,863 | DEBUG   | scraper.domain_scorer | Applied penalty to linkedin.com (contains linkedin.com)
2025-08-23 01:11:22,863 | DEBUG   | scraper.domain_scorer | Domain score for henan xinlianxin fertilizer  and linkedin.com: 37 (base: 62, penalty: 25)
2025-08-23 01:11:22,863 | DEBUG   | scraper.domain_scorer | Domain score for henan xinlianxin fertilizer  and sinofert.com: 75 (base: 75, penalty: 0)
2025-08-23 01:11:22,863 | DEBUG   | scraper.domain_scorer | Applied penalty to cn.linkedin.com (contains linkedin.com)
2025-08-23 01:11:22,863 | DEBUG   | scraper.domain_scorer | Domain score for henan xinlianxin fertilizer  and cn.linkedin.com: 37 (base: 62, penalty: 25)
2025-08-23 01:11:22,863 | DEBUG   | scraper.domain_scorer | Domain score for henan xinlianxin fertilizer  and methanol.org: 50 (base: 50, penalty: 0)
2025-08-23 01:11:22,864 | DEBUG   | scraper.domain_scorer | Domain score for henan xinlianxin fertilizer  and issuu.com: 22 (base: 22, penalty: 0)
2025-08-23 01:11:22,864 | DEBUG   | scraper.domain_scorer | Domain score for henan xinlianxin fertilizer  and airproducts.com: 36 (base: 36, penalty: 0)
2025-08-23 01:11:22,864 | DEBUG   | scraper.domain_scorer | Domain score for henan xinlianxin fertilizer  and cell.com: 33 (base: 33, penalty: 0)
2025-08-23 01:11:22,864 | DEBUG   | scraper.domain_scorer | Domain score for henan xinlianxin fertilizer  and fertilizerpricing.com: 74 (base: 74, penalty: 0)
2025-08-23 01:11:22,864 | DEBUG   | scraper.domain_scorer | Best domain for henan xinlianxin fertilizer : http://www.sinofert.com/en/s/5635-15034-47938.html (score: 75)
2025-08-23 01:11:22,864 | DEBUG   | scraper.async_orchestrator | [TRACE] Domain scored for henan xinlianxin fertilizer : http://www.sinofert.com/en/s/5635-15034-47938.html
2025-08-23 01:11:22,864 | DEBUG   | scraper.async_google_search | [TRACE] search_companies_streaming: awaiting next completed task
2025-08-23 01:11:22,865 | DEBUG   | scraper.async_orchestrator | 🌐 Processing domain: sinofert.com (score: 75)
2025-08-23 01:11:22,865 | INFO    | scraper.async_http_client | Probing domain (sequential) for access method: sinofert.com
2025-08-23 01:11:22,865 | DEBUG   | scraper.async_http_client | Testing access method https: https://sinofert.com
2025-08-23 01:11:22,875 | WARNING | scraper.async_http_client | Async request failed (attempt 1/2): https://sinofert.com - Cannot connect to host sinofert.com:443 ssl:default [getaddrinfo failed]
2025-08-23 01:11:23,204 | DEBUG   | scraper.async_http_client | Async HEAD https://walter-schmidt-chemie.de -> 200 (len=0)
2025-08-23 01:11:23,204 | INFO    | scraper.async_http_client | Selected access method for walter-schmidt-chemie.de: https
2025-08-23 01:11:23,204 | DEBUG   | scraper.async_orchestrator | Using optimized URL pattern: https://walter-schmidt-chemie.de
2025-08-23 01:11:23,451 | DEBUG   | scraper.async_google_search | Async Google API search: "mitsui toatsu chemicals" contact email
2025-08-23 01:11:23,452 | DEBUG   | scraper.async_google_search | Async rate limiting: waiting 0.80 seconds
2025-08-23 01:11:23,626 | DEBUG   | scraper.async_google_search | Async Google search returned 10 results for: "mitsui toatsu chemicals" contact email
2025-08-23 01:11:23,626 | DEBUG   | scraper.google_search | Cached Google results for query: "mitsui toatsu chemicals" contact email (10 results)
2025-08-23 01:11:23,626 | DEBUG   | scraper.async_google_search | [TRACE] run: finished search for mitsui toatsu chemicals 
2025-08-23 01:11:23,627 | DEBUG   | scraper.async_google_search | [TRACE] search_companies_streaming: got results for mitsui toatsu chemicals 
2025-08-23 01:11:23,627 | DEBUG   | scraper.async_orchestrator | [TRACE] Pulled company from google search: mitsui toatsu chemicals 
2025-08-23 01:11:23,627 | DEBUG   | scraper.async_orchestrator | [TRACE] on_company_start called for: mitsui toatsu chemicals 
2025-08-23 01:11:23,627 | DEBUG   | scraper.async_orchestrator | [TRACE] on_company_start awaited for: mitsui toatsu chemicals 
2025-08-23 01:11:23,627 | DEBUG   | scraper.domain_scorer | Domain score for mitsui toatsu chemicals  and kuraray.com: 28 (base: 28, penalty: 0)
2025-08-23 01:11:23,628 | DEBUG   | scraper.domain_scorer | Domain score for mitsui toatsu chemicals  and globaldata.com: 30 (base: 30, penalty: 0)
2025-08-23 01:11:23,628 | DEBUG   | scraper.domain_scorer | Domain score for mitsui toatsu chemicals  and jp.mitsuichemicals.com: 88 (base: 88, penalty: 0)
2025-08-23 01:11:23,628 | DEBUG   | scraper.domain_scorer | Domain score for mitsui toatsu chemicals  and www3.epa.gov: 33 (base: 33, penalty: 0)
2025-08-23 01:11:23,628 | DEBUG   | scraper.domain_scorer | Domain score for mitsui toatsu chemicals  and bccresearch.com: 36 (base: 36, penalty: 0)
2025-08-23 01:11:23,628 | DEBUG   | scraper.domain_scorer | Domain score for mitsui toatsu chemicals  and carlyle.com: 54 (base: 54, penalty: 0)
2025-08-23 01:11:23,629 | DEBUG   | scraper.domain_scorer | Domain score for mitsui toatsu chemicals  and mc-croplifesolutions.com: 45 (base: 45, penalty: 0)
2025-08-23 01:11:23,629 | DEBUG   | scraper.domain_scorer | Domain score for mitsui toatsu chemicals  and agc.com: 33 (base: 33, penalty: 0)
2025-08-23 01:11:23,629 | DEBUG   | scraper.domain_scorer | Domain score for mitsui toatsu chemicals  and pubmed.ncbi.nlm.nih.gov: 40 (base: 40, penalty: 0)
2025-08-23 01:11:23,629 | DEBUG   | scraper.domain_scorer | Domain score for mitsui toatsu chemicals  and andersondevelopment.com: 25 (base: 25, penalty: 0)
2025-08-23 01:11:23,629 | DEBUG   | scraper.domain_scorer | Best domain for mitsui toatsu chemicals : https://jp.mitsuichemicals.com/en/corporate/number/index.htm (score: 88)
2025-08-23 01:11:23,630 | DEBUG   | scraper.async_orchestrator | [TRACE] Domain scored for mitsui toatsu chemicals : https://jp.mitsuichemicals.com/en/corporate/number/index.htm
2025-08-23 01:11:23,630 | DEBUG   | scraper.async_google_search | [TRACE] search_companies_streaming: awaiting next completed task
2025-08-23 01:11:23,630 | DEBUG   | scraper.async_orchestrator | 🌐 Processing domain: jp.mitsuichemicals.com (score: 88)
2025-08-23 01:11:23,630 | INFO    | scraper.async_http_client | Probing domain (sequential) for access method: jp.mitsuichemicals.com
2025-08-23 01:11:23,630 | DEBUG   | scraper.async_http_client | Testing access method https: https://jp.mitsuichemicals.com
2025-08-23 01:11:23,692 | DEBUG   | scraper.async_http_client | Async GET https://walter-schmidt-chemie.de -> 200 (len=20930)
2025-08-23 01:11:23,707 | DEBUG   | scraper.regex_cache  | Compiled and cached regex pattern: 
        (?P<user>[A-Za-z0-9._%+-]+)               (0.997ms)
2025-08-23 01:11:23,709 | INFO    | scraper.email_extractor |   0 emails on https://walter-schmidt-chemie.de (def from text)
2025-08-23 01:11:23,722 | DEBUG   | scraper.email_extractor |   0 emails on https://walter-schmidt-chemie.de (def from html)
2025-08-23 01:11:23,892 | WARNING | scraper.async_http_client | Async request failed (attempt 2/2): https://sinofert.com - Cannot connect to host sinofert.com:443 ssl:default [getaddrinfo failed]
2025-08-23 01:11:23,894 | WARNING | scraper.async_http_client | Async request failed (attempt 1/2): https://sinofert.com - Cannot connect to host sinofert.com:443 ssl:default [getaddrinfo failed]
2025-08-23 01:11:23,953 | DEBUG   | scraper.async_http_client | Async GET https://www.walter-schmidt-chemie.de/en/ -> 200 (len=20193)
2025-08-23 01:11:23,963 | INFO    | scraper.email_extractor |   0 emails on https://www.walter-schmidt-chemie.de/en/ (def from text)
2025-08-23 01:11:23,974 | DEBUG   | scraper.email_extractor |   0 emails on https://www.walter-schmidt-chemie.de/en/ (def from html)
2025-08-23 01:11:24,166 | DEBUG   | scraper.async_http_client | Async HEAD https://jp.mitsuichemicals.com -> 200 (len=0)
2025-08-23 01:11:24,167 | INFO    | scraper.async_http_client | Selected access method for jp.mitsuichemicals.com: https
2025-08-23 01:11:24,167 | DEBUG   | scraper.async_orchestrator | Using optimized URL pattern: https://jp.mitsuichemicals.com
2025-08-23 01:11:24,183 | DEBUG   | scraper.async_http_client | Async GET https://www.walter-schmidt-chemie.de/ -> 200 (len=20930)
2025-08-23 01:11:24,194 | INFO    | scraper.email_extractor |   0 emails on https://www.walter-schmidt-chemie.de/ (def from text)
2025-08-23 01:11:24,204 | DEBUG   | scraper.email_extractor |   0 emails on https://www.walter-schmidt-chemie.de/ (def from html)
2025-08-23 01:11:24,253 | DEBUG   | scraper.async_google_search | Async Google API search: "daf trucks" contact email
2025-08-23 01:11:24,253 | DEBUG   | scraper.async_google_search | Async rate limiting: waiting 0.80 seconds
2025-08-23 01:11:24,435 | DEBUG   | scraper.async_google_search | Async Google search returned 10 results for: "daf trucks" contact email
2025-08-23 01:11:24,435 | DEBUG   | scraper.google_search | Cached Google results for query: "daf trucks" contact email (10 results)
2025-08-23 01:11:24,436 | DEBUG   | scraper.async_google_search | [TRACE] run: finished search for daf trucks
2025-08-23 01:11:24,436 | DEBUG   | scraper.async_google_search | [TRACE] search_companies_streaming: got results for daf trucks
2025-08-23 01:11:24,436 | DEBUG   | scraper.async_orchestrator | [TRACE] Pulled company from google search: daf trucks
2025-08-23 01:11:24,436 | DEBUG   | scraper.async_orchestrator | [TRACE] on_company_start called for: daf trucks
2025-08-23 01:11:24,436 | DEBUG   | scraper.async_orchestrator | [TRACE] on_company_start awaited for: daf trucks
2025-08-23 01:11:24,436 | DEBUG   | scraper.domain_scorer | Domain score for daf trucks and daf.com: 100 (base: 100, penalty: 0)
2025-08-23 01:11:24,437 | DEBUG   | scraper.domain_scorer | Domain score for daf trucks and daf.global: 100 (base: 100, penalty: 0)
2025-08-23 01:11:24,437 | DEBUG   | scraper.domain_scorer | Domain score for daf trucks and daf.co.uk: 100 (base: 100, penalty: 0)
2025-08-23 01:11:24,437 | DEBUG   | scraper.domain_scorer | Domain score for daf trucks and rmi.daf.com: 100 (base: 100, penalty: 0)
2025-08-23 01:11:24,437 | DEBUG   | scraper.domain_scorer | Domain score for daf trucks and hereforddaftrucks.co.uk: 100 (base: 100, penalty: 0)
2025-08-23 01:11:24,437 | DEBUG   | scraper.domain_scorer | Domain score for daf trucks and gloucesterdaftrucks.co.uk: 100 (base: 100, penalty: 0)
2025-08-23 01:11:24,438 | DEBUG   | scraper.domain_scorer | Domain score for daf trucks and paccar.com: 36 (base: 36, penalty: 0)
2025-08-23 01:11:24,438 | DEBUG   | scraper.domain_scorer | Domain score for daf trucks and gbdaf.com: 75 (base: 75, penalty: 0)
2025-08-23 01:11:24,438 | DEBUG   | scraper.domain_scorer | Domain score for daf trucks and chassiscab.com: 30 (base: 30, penalty: 0)
2025-08-23 01:11:24,438 | DEBUG   | scraper.domain_scorer | Domain score for daf trucks and suttondaftrucks.co.uk: 100 (base: 100, penalty: 0)
2025-08-23 01:11:24,438 | DEBUG   | scraper.domain_scorer | Best domain for daf trucks: https://www.daf.com/en/contact (score: 100)
2025-08-23 01:11:24,439 | DEBUG   | scraper.async_orchestrator | [TRACE] Domain scored for daf trucks: https://www.daf.com/en/contact
2025-08-23 01:11:24,439 | DEBUG   | scraper.async_google_search | [TRACE] search_companies_streaming: awaiting next completed task
2025-08-23 01:11:24,439 | DEBUG   | scraper.async_orchestrator | 🌐 Processing domain: daf.com (score: 100)
2025-08-23 01:11:24,439 | INFO    | scraper.async_http_client | Probing domain (sequential) for access method: daf.com
2025-08-23 01:11:24,439 | DEBUG   | scraper.async_http_client | Testing access method https: https://daf.com
2025-08-23 01:11:24,640 | DEBUG   | scraper.async_http_client | Async GET https://walter-schmidt-chemie.de/index.html -> 200 (len=20930)
2025-08-23 01:11:24,655 | INFO    | scraper.email_extractor |   0 emails on https://walter-schmidt-chemie.de/index.html (def from text)
2025-08-23 01:11:24,670 | DEBUG   | scraper.email_extractor |   0 emails on https://walter-schmidt-chemie.de/index.html (def from html)
2025-08-23 01:11:24,724 | DEBUG   | scraper.async_http_client | Async GET https://jp.mitsuichemicals.com -> 200 (len=149931)
2025-08-23 01:11:24,763 | INFO    | scraper.email_extractor |   0 emails on https://jp.mitsuichemicals.com (def from text)
2025-08-23 01:11:24,802 | DEBUG   | scraper.email_extractor |   0 emails on https://jp.mitsuichemicals.com (def from html)
2025-08-23 01:11:24,899 | DEBUG   | scraper.async_http_client | Async HEAD https://daf.com -> 200 (len=0)
2025-08-23 01:11:24,900 | INFO    | scraper.async_http_client | Selected access method for daf.com: https
2025-08-23 01:11:24,900 | DEBUG   | scraper.async_orchestrator | Using optimized URL pattern: https://daf.com
2025-08-23 01:11:24,901 | WARNING | scraper.async_http_client | Async request failed (attempt 2/2): https://sinofert.com - Cannot connect to host sinofert.com:443 ssl:default [getaddrinfo failed]
2025-08-23 01:11:24,901 | DEBUG   | scraper.async_http_client | Testing access method http: http://sinofert.com
2025-08-23 01:11:24,902 | WARNING | scraper.async_http_client | Async request failed (attempt 1/2): http://sinofert.com - Cannot connect to host sinofert.com:80 ssl:default [getaddrinfo failed]
2025-08-23 01:11:24,902 | WARNING | scraper.async_components | Circuit breaker OPEN for sinofert.com (5)
2025-08-23 01:11:25,056 | DEBUG   | scraper.async_google_search | Async Google API search: "petrol rete" contact email
2025-08-23 01:11:25,057 | DEBUG   | scraper.async_google_search | Async rate limiting: waiting 0.80 seconds
2025-08-23 01:11:25,093 | DEBUG   | scraper.async_http_client | Async GET https://daf.com -> 200 (len=85093)
2025-08-23 01:11:25,128 | INFO    | scraper.email_extractor |   0 emails on https://daf.com (def from text)
2025-08-23 01:11:25,160 | DEBUG   | scraper.email_extractor |   0 emails on https://daf.com (def from html)
2025-08-23 01:11:25,189 | DEBUG   | scraper.async_http_client | Async GET https://jp.mitsuichemicals.com/jp/index.htm -> 200 (len=149931)
2025-08-23 01:11:25,227 | INFO    | scraper.email_extractor |   0 emails on https://jp.mitsuichemicals.com/jp/index.htm (def from text)
2025-08-23 01:11:25,263 | DEBUG   | scraper.email_extractor |   0 emails on https://jp.mitsuichemicals.com/jp/index.htm (def from html)
2025-08-23 01:11:25,308 | DEBUG   | scraper.async_google_search | Async Google search returned 10 results for: "petrol rete" contact email
2025-08-23 01:11:25,309 | DEBUG   | scraper.google_search | Cached Google results for query: "petrol rete" contact email (10 results)
2025-08-23 01:11:25,309 | DEBUG   | scraper.async_google_search | [TRACE] run: finished search for petrol rete 
2025-08-23 01:11:25,309 | DEBUG   | scraper.async_google_search | [TRACE] search_companies_streaming: got results for petrol rete 
2025-08-23 01:11:25,310 | DEBUG   | scraper.async_orchestrator | [TRACE] Pulled company from google search: petrol rete 
2025-08-23 01:11:25,310 | DEBUG   | scraper.async_orchestrator | [TRACE] on_company_start called for: petrol rete 
2025-08-23 01:11:25,310 | DEBUG   | scraper.async_orchestrator | [TRACE] on_company_start awaited for: petrol rete 
2025-08-23 01:11:25,310 | DEBUG   | scraper.domain_scorer | Applied penalty to facebook.com (contains facebook.com)
2025-08-23 01:11:25,310 | DEBUG   | scraper.domain_scorer | Domain score for petrol rete  and facebook.com: 5 (base: 30, penalty: 25)
2025-08-23 01:11:25,310 | DEBUG   | scraper.domain_scorer | Domain score for petrol rete  and scribd.com: 19 (base: 19, penalty: 0)
2025-08-23 01:11:25,311 | DEBUG   | scraper.domain_scorer | Applied penalty to facebook.com (contains facebook.com)
2025-08-23 01:11:25,311 | DEBUG   | scraper.domain_scorer | Domain score for petrol rete  and facebook.com: 5 (base: 30, penalty: 25)
2025-08-23 01:11:25,311 | DEBUG   | scraper.domain_scorer | Domain score for petrol rete  and prezzibenzina.it: 46 (base: 46, penalty: 0)
2025-08-23 01:11:25,311 | DEBUG   | scraper.domain_scorer | Domain score for petrol rete  and alvolante.it: 53 (base: 53, penalty: 0)
2025-08-23 01:11:25,311 | DEBUG   | scraper.domain_scorer | Domain score for petrol rete  and piazzalucana.it: 23 (base: 23, penalty: 0)
2025-08-23 01:11:25,311 | DEBUG   | scraper.domain_scorer | Domain score for petrol rete  and geomonitorsnc.com: 40 (base: 40, penalty: 0)
2025-08-23 01:11:25,312 | DEBUG   | scraper.domain_scorer | Domain score for petrol rete  and alvolante.it: 53 (base: 53, penalty: 0)
2025-08-23 01:11:25,312 | DEBUG   | scraper.domain_scorer | Domain score for petrol rete  and gazzettadellavaldagri.it: 40 (base: 40, penalty: 0)
2025-08-23 01:11:25,312 | DEBUG   | scraper.domain_scorer | Domain score for petrol rete  and oraridiapertura24.it: 42 (base: 42, penalty: 0)
2025-08-23 01:11:25,312 | DEBUG   | scraper.domain_scorer | Best domain for petrol rete : https://www.alvolante.it/prezzo-carburante/basilicata/potenza/pompe-bianche-petrol-rete-59655 (score: 53)
2025-08-23 01:11:25,312 | DEBUG   | scraper.async_orchestrator | [TRACE] Domain scored for petrol rete : https://www.alvolante.it/prezzo-carburante/basilicata/potenza/pompe-bianche-petrol-rete-59655
2025-08-23 01:11:25,312 | DEBUG   | scraper.async_google_search | [TRACE] search_companies_streaming: awaiting next completed task
2025-08-23 01:11:25,584 | DEBUG   | scraper.async_http_client | Async GET https://jp.mitsuichemicals.com/en/index.htm -> 200 (len=159107)
2025-08-23 01:11:25,628 | INFO    | scraper.email_extractor |   0 emails on https://jp.mitsuichemicals.com/en/index.htm (def from text)
2025-08-23 01:11:25,670 | DEBUG   | scraper.email_extractor |   0 emails on https://jp.mitsuichemicals.com/en/index.htm (def from html)
2025-08-23 01:11:25,715 | DEBUG   | scraper.async_http_client | Async GET https://walter-schmidt-chemie.de/unternehmen/ -> 200 (len=16915)
2025-08-23 01:11:25,722 | INFO    | scraper.email_extractor |   0 emails on https://walter-schmidt-chemie.de/unternehmen/ (def from text)
2025-08-23 01:11:25,729 | DEBUG   | scraper.email_extractor |   0 emails on https://walter-schmidt-chemie.de/unternehmen/ (def from html)
2025-08-23 01:11:25,795 | DEBUG   | scraper.async_http_client | Async GET https://parts.daf.com/ -> 200 (len=998274)
2025-08-23 01:11:25,865 | INFO    | scraper.email_extractor |   0 emails on https://parts.daf.com/ (def from text)
2025-08-23 01:11:25,881 | DEBUG   | scraper.email_extractor |   0 emails on https://parts.daf.com/ (def from html)
2025-08-23 01:11:25,894 | DEBUG   | scraper.async_google_search | Async Google API search: "euro dam jas doo" contact email
2025-08-23 01:11:25,895 | DEBUG   | scraper.async_google_search | Async rate limiting: waiting 0.80 seconds
2025-08-23 01:11:25,908 | WARNING | scraper.async_http_client | Async request failed (attempt 2/2): http://sinofert.com - Cannot connect to host sinofert.com:80 ssl:default [getaddrinfo failed]
2025-08-23 01:11:25,908 | WARNING | scraper.async_components | Circuit breaker OPEN for sinofert.com (6)
2025-08-23 01:11:25,908 | DEBUG   | scraper.async_http_client | Circuit breaker open for domain: sinofert.com
2025-08-23 01:11:25,908 | DEBUG   | scraper.async_http_client | Testing access method https_www: https://www.sinofert.com
2025-08-23 01:11:25,908 | DEBUG   | scraper.async_http_client | Circuit breaker open for domain: sinofert.com
2025-08-23 01:11:25,908 | DEBUG   | scraper.async_http_client | Circuit breaker open for domain: sinofert.com
2025-08-23 01:11:25,908 | DEBUG   | scraper.async_http_client | Testing access method http_www: http://www.sinofert.com
2025-08-23 01:11:25,909 | DEBUG   | scraper.async_http_client | Circuit breaker open for domain: sinofert.com
2025-08-23 01:11:25,909 | DEBUG   | scraper.async_http_client | Circuit breaker open for domain: sinofert.com
2025-08-23 01:11:25,909 | WARNING | scraper.async_http_client | All access methods failed for domain: sinofert.com
2025-08-23 01:11:25,909 | WARNING | scraper.async_orchestrator | Could not establish connection to domain: sinofert.com
2025-08-23 01:11:25,966 | DEBUG   | scraper.async_http_client | Async GET https://walter-schmidt-chemie.de/unternehmen/unternehmensvorstellung.html -> 200 (len=16915)
2025-08-23 01:11:25,978 | INFO    | scraper.email_extractor |   0 emails on https://walter-schmidt-chemie.de/unternehmen/unternehmensvorstellung.html (def from text)
2025-08-23 01:11:25,985 | DEBUG   | scraper.email_extractor |   0 emails on https://walter-schmidt-chemie.de/unternehmen/unternehmensvorstellung.html (def from html)
2025-08-23 01:11:26,070 | DEBUG   | scraper.async_google_search | Async Google search returned 10 results for: "euro dam jas doo" contact email
2025-08-23 01:11:26,070 | DEBUG   | scraper.google_search | Cached Google results for query: "euro dam jas doo" contact email (10 results)
2025-08-23 01:11:26,070 | DEBUG   | scraper.async_google_search | [TRACE] run: finished search for euro dam jas doo
2025-08-23 01:11:26,071 | DEBUG   | scraper.async_google_search | [TRACE] search_companies_streaming: got results for euro dam jas doo
2025-08-23 01:11:26,072 | DEBUG   | scraper.async_orchestrator | [TRACE] Pulled company from google search: euro dam jas doo
2025-08-23 01:11:26,072 | DEBUG   | scraper.async_orchestrator | [TRACE] on_company_start called for: euro dam jas doo
2025-08-23 01:11:26,072 | DEBUG   | scraper.async_orchestrator | [TRACE] on_company_start awaited for: euro dam jas doo
2025-08-23 01:11:26,072 | DEBUG   | scraper.domain_scorer | Applied penalty to ba.linkedin.com (contains linkedin.com)
2025-08-23 01:11:26,072 | DEBUG   | scraper.domain_scorer | Domain score for euro dam jas doo and ba.linkedin.com: 25 (base: 50, penalty: 25)
2025-08-23 01:11:26,073 | DEBUG   | scraper.domain_scorer | Applied penalty to instagram.com (contains instagram.com)
2025-08-23 01:11:26,073 | DEBUG   | scraper.domain_scorer | Domain score for euro dam jas doo and instagram.com: 12 (base: 37, penalty: 25)
2025-08-23 01:11:26,073 | DEBUG   | scraper.domain_scorer | Domain score for euro dam jas doo and goodyear.eu: 42 (base: 42, penalty: 0)
2025-08-23 01:11:26,073 | DEBUG   | scraper.domain_scorer | Domain score for euro dam jas doo and companywall.ba: 30 (base: 30, penalty: 0)
2025-08-23 01:11:26,073 | DEBUG   | scraper.domain_scorer | Applied penalty to linkedin.com (contains linkedin.com)
2025-08-23 01:11:26,074 | DEBUG   | scraper.domain_scorer | Domain score for euro dam jas doo and linkedin.com: 5 (base: 30, penalty: 25)
2025-08-23 01:11:26,074 | DEBUG   | scraper.domain_scorer | Applied penalty to facebook.com (contains facebook.com)
2025-08-23 01:11:26,074 | DEBUG   | scraper.domain_scorer | Domain score for euro dam jas doo and facebook.com: 21 (base: 46, penalty: 25)
2025-08-23 01:11:26,074 | DEBUG   | scraper.domain_scorer | Domain score for euro dam jas doo and jpautoceste.ba: 35 (base: 35, penalty: 0)
2025-08-23 01:11:26,074 | DEBUG   | scraper.domain_scorer | Applied penalty to facebook.com (contains facebook.com)
2025-08-23 01:11:26,074 | DEBUG   | scraper.domain_scorer | Domain score for euro dam jas doo and facebook.com: 21 (base: 46, penalty: 25)
2025-08-23 01:11:26,075 | DEBUG   | scraper.domain_scorer | Domain score for euro dam jas doo and scribd.com: 40 (base: 40, penalty: 0)
2025-08-23 01:11:26,075 | DEBUG   | scraper.domain_scorer | Domain score for euro dam jas doo and flek.ba: 40 (base: 40, penalty: 0)
2025-08-23 01:11:26,075 | DEBUG   | scraper.domain_scorer | Best domain for euro dam jas doo: https://www.goodyear.eu/bs_ba/consumer/all-dealers/lukavac/euro-dam-jas-doo-30092243.html (score: 42)
2025-08-23 01:11:26,075 | DEBUG   | scraper.async_orchestrator | [TRACE] Domain scored for euro dam jas doo: https://www.goodyear.eu/bs_ba/consumer/all-dealers/lukavac/euro-dam-jas-doo-30092243.html
2025-08-23 01:11:26,075 | DEBUG   | scraper.async_google_search | [TRACE] search_companies_streaming: awaiting next completed task
2025-08-23 01:11:26,155 | DEBUG   | scraper.async_http_client | Async GET https://eportal.daf.com/ -> 200 (len=1422)
2025-08-23 01:11:26,156 | INFO    | scraper.email_extractor |   0 emails on https://eportal.daf.com/ (def from text)
2025-08-23 01:11:26,157 | DEBUG   | scraper.email_extractor |   0 emails on https://eportal.daf.com/ (def from html)
2025-08-23 01:11:26,275 | DEBUG   | scraper.async_http_client | Async GET https://walter-schmidt-chemie.de/unternehmen/standorte.html -> 200 (len=16398)
2025-08-23 01:11:26,282 | INFO    | scraper.email_extractor |   0 emails on https://walter-schmidt-chemie.de/unternehmen/standorte.html (def from text)
2025-08-23 01:11:26,291 | DEBUG   | scraper.email_extractor |   0 emails on https://walter-schmidt-chemie.de/unternehmen/standorte.html (def from html)
2025-08-23 01:11:26,360 | DEBUG   | scraper.async_http_client | Async GET https://daf.com/en/news-and-media -> 200 (len=104340)
2025-08-23 01:11:26,399 | DEBUG   | scraper.email_extractor | Attempting to clean 'rutger.kerstiens@daftrucks.com'
2025-08-23 01:11:26,400 | DEBUG   | scraper.email_extractor | Successfully cleaned 'rutger.kerstiens@daftrucks.com' → 'rutger.kerstiens@daftrucks.com'
2025-08-23 01:11:26,400 | INFO    | scraper.email_extractor |   1 emails on https://daf.com/en/news-and-media (def from text)
2025-08-23 01:11:26,400 | DEBUG   | scraper.hybrid_email_extractor | Static text hits: 1 on https://daf.com/en/news-and-media
2025-08-23 01:11:26,400 | DEBUG   | scraper.async_orchestrator | [CRAWL] https://daf.com/en/news-and-media +1 (total=1)
2025-08-23 01:11:26,434 | DEBUG   | scraper.async_http_client | Async GET https://jp.mitsuichemicals.com/cn/ -> 200 (len=1834)
2025-08-23 01:11:26,436 | INFO    | scraper.email_extractor |   0 emails on https://jp.mitsuichemicals.com/cn/ (def from text)
2025-08-23 01:11:26,437 | DEBUG   | scraper.email_extractor | Attempting to clean 'information@mcs.mitsui-chem.com'
2025-08-23 01:11:26,438 | DEBUG   | scraper.email_extractor | Successfully cleaned 'information@mcs.mitsui-chem.com' → 'information@mcs.mitsui-chem.com'
2025-08-23 01:11:26,438 | DEBUG   | scraper.email_extractor |   1 emails on https://jp.mitsuichemicals.com/cn/ (def from html)
2025-08-23 01:11:26,438 | DEBUG   | scraper.hybrid_email_extractor | HTML fallback hits: 1 on https://jp.mitsuichemicals.com/cn/
2025-08-23 01:11:26,438 | DEBUG   | scraper.async_orchestrator | [CRAWL] https://jp.mitsuichemicals.com/cn/ +1 (total=1)
2025-08-23 01:11:26,575 | DEBUG   | scraper.async_http_client | Async GET https://walter-schmidt-chemie.de/unternehmen/zertifizierungen/ -> 200 (len=17272)
2025-08-23 01:11:26,587 | INFO    | scraper.email_extractor |   0 emails on https://walter-schmidt-chemie.de/unternehmen/zertifizierungen/ (def from text)
2025-08-23 01:11:26,595 | DEBUG   | scraper.email_extractor |   0 emails on https://walter-schmidt-chemie.de/unternehmen/zertifizierungen/ (def from html)
2025-08-23 01:11:26,691 | DEBUG   | scraper.async_http_client | Async GET https://daf.com/en/suppliers -> 200 (len=85945)
2025-08-23 01:11:26,726 | INFO    | scraper.email_extractor |   0 emails on https://daf.com/en/suppliers (def from text)
2025-08-23 01:11:26,752 | DEBUG   | scraper.email_extractor |   0 emails on https://daf.com/en/suppliers (def from html)
2025-08-23 01:11:26,779 | DEBUG   | scraper.async_http_client | Async GET https://jp.mitsuichemicals.com/jp/contact/index.htm -> 200 (len=113294)
2025-08-23 01:11:26,817 | INFO    | scraper.email_extractor |   0 emails on https://jp.mitsuichemicals.com/jp/contact/index.htm (def from text)
2025-08-23 01:11:26,861 | DEBUG   | scraper.email_extractor |   0 emails on https://jp.mitsuichemicals.com/jp/contact/index.htm (def from html)
2025-08-23 01:11:26,902 | DEBUG   | scraper.async_google_search | Async Google API search: "Synsol" contact email
2025-08-23 01:11:26,903 | DEBUG   | scraper.async_google_search | Async rate limiting: waiting 0.80 seconds
2025-08-23 01:11:27,058 | DEBUG   | scraper.async_google_search | Async Google search returned 10 results for: "Synsol" contact email
2025-08-23 01:11:27,059 | DEBUG   | scraper.google_search | Cached Google results for query: "Synsol" contact email (10 results)
2025-08-23 01:11:27,059 | DEBUG   | scraper.async_google_search | [TRACE] run: finished search for Synsol
2025-08-23 01:11:27,059 | DEBUG   | scraper.async_google_search | [TRACE] search_companies_streaming: got results for Synsol
2025-08-23 01:11:27,059 | DEBUG   | scraper.async_orchestrator | [TRACE] Pulled company from google search: Synsol
2025-08-23 01:11:27,059 | DEBUG   | scraper.async_orchestrator | [TRACE] on_company_start called for: Synsol
2025-08-23 01:11:27,059 | DEBUG   | scraper.async_orchestrator | [TRACE] on_company_start awaited for: Synsol
2025-08-23 01:11:27,059 | DEBUG   | scraper.domain_scorer | Domain score for Synsol and www1.mscdirect.com: 25 (base: 25, penalty: 0)
2025-08-23 01:11:27,060 | DEBUG   | scraper.domain_scorer | Domain score for Synsol and synsol.ch: 100 (base: 100, penalty: 0)
2025-08-23 01:11:27,060 | DEBUG   | scraper.domain_scorer | Domain score for Synsol and www1.mscdirect.com: 25 (base: 25, penalty: 0)
2025-08-23 01:11:27,060 | DEBUG   | scraper.domain_scorer | Domain score for Synsol and contactout.com: 33 (base: 33, penalty: 0)
2025-08-23 01:11:27,060 | DEBUG   | scraper.domain_scorer | Domain score for Synsol and synsol.ch: 100 (base: 100, penalty: 0)
2025-08-23 01:11:27,060 | DEBUG   | scraper.domain_scorer | Domain score for Synsol and mscdirect.com: 25 (base: 25, penalty: 0)
2025-08-23 01:11:27,060 | DEBUG   | scraper.domain_scorer | Applied penalty to crunchbase.com (contains crunchbase.com)
2025-08-23 01:11:27,060 | DEBUG   | scraper.domain_scorer | Domain score for Synsol and crunchbase.com: 8 (base: 33, penalty: 25)
2025-08-23 01:11:27,060 | DEBUG   | scraper.domain_scorer | Domain score for Synsol and find-and-update.company-information.service.gov.uk: 50 (base: 50, penalty: 0)
2025-08-23 01:11:27,061 | DEBUG   | scraper.domain_scorer | Domain score for Synsol and metalloidcorp.com: 22 (base: 22, penalty: 0)
2025-08-23 01:11:27,061 | DEBUG   | scraper.domain_scorer | Domain score for Synsol and find-and-update.company-information.service.gov.uk: 50 (base: 50, penalty: 0)
2025-08-23 01:11:27,061 | DEBUG   | scraper.domain_scorer | Best domain for Synsol: https://synsol.ch/privacy-policy-of-synsol-ag/ (score: 100)
2025-08-23 01:11:27,061 | DEBUG   | scraper.async_orchestrator | [TRACE] Domain scored for Synsol: https://synsol.ch/privacy-policy-of-synsol-ag/
2025-08-23 01:11:27,061 | DEBUG   | scraper.async_google_search | [TRACE] search_companies_streaming: awaiting next completed task
2025-08-23 01:11:27,061 | DEBUG   | scraper.async_orchestrator | 🌐 Processing domain: synsol.ch (score: 100)
2025-08-23 01:11:27,061 | INFO    | scraper.async_http_client | Probing domain (sequential) for access method: synsol.ch
2025-08-23 01:11:27,061 | DEBUG   | scraper.async_http_client | Testing access method https: https://synsol.ch
2025-08-23 01:11:27,085 | DEBUG   | scraper.async_http_client | Async GET https://daf.com/en/working-at-daf -> 200 (len=117399)
2025-08-23 01:11:27,126 | INFO    | scraper.email_extractor |   0 emails on https://daf.com/en/working-at-daf (def from text)
2025-08-23 01:11:27,165 | DEBUG   | scraper.email_extractor |   0 emails on https://daf.com/en/working-at-daf (def from html)
2025-08-23 01:11:27,200 | DEBUG   | scraper.async_http_client | Async GET https://jp.mitsuichemicals.com/jp/corporate/index.htm -> 200 (len=132043)
2025-08-23 01:11:27,234 | INFO    | scraper.email_extractor |   0 emails on https://jp.mitsuichemicals.com/jp/corporate/index.htm (def from text)
2025-08-23 01:11:27,267 | DEBUG   | scraper.email_extractor |   0 emails on https://jp.mitsuichemicals.com/jp/corporate/index.htm (def from html)
2025-08-23 01:11:27,349 | DEBUG   | scraper.async_http_client | Async GET https://www.daf.com/en -> 200 (len=127477)
2025-08-23 01:11:27,449 | INFO    | scraper.email_extractor |   0 emails on https://www.daf.com/en (def from text)
2025-08-23 01:11:27,514 | DEBUG   | scraper.email_extractor |   0 emails on https://www.daf.com/en (def from html)
2025-08-23 01:11:27,563 | DEBUG   | scraper.async_http_client | Async HEAD https://synsol.ch -> 200 (len=0)
2025-08-23 01:11:27,564 | INFO    | scraper.async_http_client | Selected access method for synsol.ch: https
2025-08-23 01:11:27,564 | DEBUG   | scraper.async_orchestrator | Using optimized URL pattern: https://synsol.ch
2025-08-23 01:11:27,566 | DEBUG   | scraper.async_http_client | Async GET https://jp.mitsuichemicals.com/jp/corporate/message/index.htm -> 200 (len=113674)
2025-08-23 01:11:27,612 | INFO    | scraper.email_extractor |   0 emails on https://jp.mitsuichemicals.com/jp/corporate/message/index.htm (def from text)
2025-08-23 01:11:27,657 | DEBUG   | scraper.email_extractor |   0 emails on https://jp.mitsuichemicals.com/jp/corporate/message/index.htm (def from html)
2025-08-23 01:11:27,713 | DEBUG   | scraper.async_google_search | Async Google API search: "speedy fuels" contact email
2025-08-23 01:11:27,737 | DEBUG   | scraper.async_http_client | Async GET https://synsol.ch -> 200 (len=204915)
2025-08-23 01:11:27,774 | DEBUG   | scraper.email_extractor | Attempting to clean 'info@synsol.ch'
2025-08-23 01:11:27,775 | DEBUG   | scraper.email_extractor | Successfully cleaned 'info@synsol.ch' → 'info@synsol.ch'
2025-08-23 01:11:27,775 | INFO    | scraper.email_extractor |   1 emails on https://synsol.ch (def from text)
2025-08-23 01:11:27,775 | DEBUG   | scraper.hybrid_email_extractor | Static text hits: 1 on https://synsol.ch
2025-08-23 01:11:27,775 | DEBUG   | scraper.async_orchestrator | Home candidates=1
2025-08-23 01:11:27,811 | DEBUG   | scraper.async_http_client | Async GET https://www.daf.com/nl-nl -> 200 (len=125273)
2025-08-23 01:11:28,012 | INFO    | scraper.email_extractor |   0 emails on https://www.daf.com/nl-nl (def from text)
2025-08-23 01:11:28,060 | DEBUG   | scraper.email_extractor |   0 emails on https://www.daf.com/nl-nl (def from html)
2025-08-23 01:11:28,101 | DEBUG   | scraper.async_http_client | Async GET https://synsol.ch/ -> 200 (len=204915)
2025-08-23 01:11:28,141 | DEBUG   | scraper.email_extractor | Attempting to clean 'info@synsol.ch'
2025-08-23 01:11:28,141 | DEBUG   | scraper.email_extractor | Successfully cleaned 'info@synsol.ch' → 'info@synsol.ch'
2025-08-23 01:11:28,141 | INFO    | scraper.email_extractor |   1 emails on https://synsol.ch/ (def from text)
2025-08-23 01:11:28,141 | DEBUG   | scraper.hybrid_email_extractor | Static text hits: 1 on https://synsol.ch/
2025-08-23 01:11:28,169 | DEBUG   | scraper.async_google_search | Async Google search returned 10 results for: "speedy fuels" contact email
2025-08-23 01:11:28,170 | DEBUG   | scraper.google_search | Cached Google results for query: "speedy fuels" contact email (10 results)
2025-08-23 01:11:28,170 | DEBUG   | scraper.async_google_search | [TRACE] run: finished search for speedy fuels
2025-08-23 01:11:28,171 | DEBUG   | scraper.async_http_client | Async GET https://jp.mitsuichemicals.com/jp/corporate/overview/index.htm -> 200 (len=111330)
2025-08-23 01:11:28,201 | INFO    | scraper.email_extractor |   0 emails on https://jp.mitsuichemicals.com/jp/corporate/overview/index.htm (def from text)
2025-08-23 01:11:28,233 | DEBUG   | scraper.email_extractor |   0 emails on https://jp.mitsuichemicals.com/jp/corporate/overview/index.htm (def from html)
2025-08-23 01:11:28,269 | DEBUG   | scraper.async_http_client | Async GET https://walter-schmidt-chemie.de/unternehmen/wir-arbeiten-mit.html -> 200 (len=19058)
2025-08-23 01:11:28,276 | INFO    | scraper.email_extractor |   0 emails on https://walter-schmidt-chemie.de/unternehmen/wir-arbeiten-mit.html (def from text)
2025-08-23 01:11:28,283 | DEBUG   | scraper.email_extractor |   0 emails on https://walter-schmidt-chemie.de/unternehmen/wir-arbeiten-mit.html (def from html)
2025-08-23 01:11:28,291 | DEBUG   | scraper.async_google_search | [TRACE] search_companies_streaming: got results for speedy fuels
2025-08-23 01:11:28,291 | DEBUG   | scraper.async_orchestrator | [TRACE] Pulled company from google search: speedy fuels
2025-08-23 01:11:28,292 | DEBUG   | scraper.async_orchestrator | [TRACE] on_company_start called for: speedy fuels
2025-08-23 01:11:28,292 | DEBUG   | scraper.async_orchestrator | [TRACE] on_company_start awaited for: speedy fuels
2025-08-23 01:11:28,292 | DEBUG   | scraper.domain_scorer | Domain score for speedy fuels and speedyfuels.co.uk: 100 (base: 100, penalty: 0)
2025-08-23 01:11:28,292 | DEBUG   | scraper.domain_scorer | Domain score for speedy fuels and cdn.speedyfuels.co.uk: 100 (base: 100, penalty: 0)
2025-08-23 01:11:28,292 | DEBUG   | scraper.domain_scorer | Domain score for speedy fuels and sustainability.speedyfuels.co.uk: 100 (base: 100, penalty: 0)
2025-08-23 01:11:28,292 | DEBUG   | scraper.domain_scorer | Domain score for speedy fuels and cdn.speedyfuels.co.uk: 100 (base: 100, penalty: 0)
2025-08-23 01:11:28,293 | DEBUG   | scraper.domain_scorer | Domain score for speedy fuels and sustainability.speedyfuels.co.uk: 100 (base: 100, penalty: 0)
2025-08-23 01:11:28,293 | DEBUG   | scraper.domain_scorer | Applied penalty to uk.linkedin.com (contains linkedin.com)
2025-08-23 01:11:28,293 | DEBUG   | scraper.domain_scorer | Domain score for speedy fuels and uk.linkedin.com: 25 (base: 50, penalty: 25)
2025-08-23 01:11:28,293 | DEBUG   | scraper.domain_scorer | Domain score for speedy fuels and sustainability.speedyfuels.co.uk: 100 (base: 100, penalty: 0)
2025-08-23 01:11:28,293 | DEBUG   | scraper.domain_scorer | Domain score for speedy fuels and zoominfo.com: 15 (base: 15, penalty: 0)
2025-08-23 01:11:28,294 | DEBUG   | scraper.domain_scorer | Domain score for speedy fuels and sustainability.speedyfuels.co.uk: 100 (base: 100, penalty: 0)
2025-08-23 01:11:28,294 | DEBUG   | scraper.domain_scorer | Domain score for speedy fuels and crownoil.co.uk: 19 (base: 19, penalty: 0)
2025-08-23 01:11:28,294 | DEBUG   | scraper.domain_scorer | Best domain for speedy fuels: https://www.speedyfuels.co.uk/contact-us/ (score: 100)
2025-08-23 01:11:28,294 | DEBUG   | scraper.async_orchestrator | [TRACE] Domain scored for speedy fuels: https://www.speedyfuels.co.uk/contact-us/
2025-08-23 01:11:28,295 | DEBUG   | scraper.async_http_client | Async GET https://synsol.ch/petrochemicals/ -> 200 (len=138808)
2025-08-23 01:11:28,315 | DEBUG   | scraper.email_extractor | Attempting to clean 'info@synsol.ch'
2025-08-23 01:11:28,315 | DEBUG   | scraper.email_extractor | Successfully cleaned 'info@synsol.ch' → 'info@synsol.ch'
2025-08-23 01:11:28,315 | INFO    | scraper.email_extractor |   1 emails on https://synsol.ch/petrochemicals/ (def from text)
2025-08-23 01:11:28,315 | DEBUG   | scraper.hybrid_email_extractor | Static text hits: 1 on https://synsol.ch/petrochemicals/
2025-08-23 01:11:28,336 | DEBUG   | scraper.async_orchestrator | 🌐 Processing domain: speedyfuels.co.uk (score: 100)
2025-08-23 01:11:28,337 | INFO    | scraper.async_http_client | Probing domain (sequential) for access method: speedyfuels.co.uk
2025-08-23 01:11:28,337 | DEBUG   | scraper.async_http_client | Testing access method https: https://speedyfuels.co.uk
2025-08-23 01:11:28,360 | DEBUG   | scraper.async_http_client | Async GET https://synsol.ch/base-oils-grp-i-ii-iii/ -> 200 (len=138999)
2025-08-23 01:11:28,379 | DEBUG   | scraper.email_extractor | Attempting to clean 'info@synsol.ch'
2025-08-23 01:11:28,379 | DEBUG   | scraper.email_extractor | Successfully cleaned 'info@synsol.ch' → 'info@synsol.ch'
2025-08-23 01:11:28,379 | INFO    | scraper.email_extractor |   1 emails on https://synsol.ch/base-oils-grp-i-ii-iii/ (def from text)
2025-08-23 01:11:28,379 | DEBUG   | scraper.hybrid_email_extractor | Static text hits: 1 on https://synsol.ch/base-oils-grp-i-ii-iii/
2025-08-23 01:11:28,419 | DEBUG   | scraper.async_http_client | Async GET https://synsol.ch/bitumen/ -> 200 (len=138393)
2025-08-23 01:11:28,438 | DEBUG   | scraper.email_extractor | Attempting to clean 'info@synsol.ch'
2025-08-23 01:11:28,439 | DEBUG   | scraper.email_extractor | Successfully cleaned 'info@synsol.ch' → 'info@synsol.ch'
2025-08-23 01:11:28,439 | INFO    | scraper.email_extractor |   1 emails on https://synsol.ch/bitumen/ (def from text)
2025-08-23 01:11:28,439 | DEBUG   | scraper.hybrid_email_extractor | Static text hits: 1 on https://synsol.ch/bitumen/
2025-08-23 01:11:28,456 | DEBUG   | scraper.async_http_client | Async GET https://daf.com/en -> 200 (len=127477)
2025-08-23 01:11:28,505 | INFO    | scraper.email_extractor |   0 emails on https://daf.com/en (def from text)
2025-08-23 01:11:28,544 | DEBUG   | scraper.email_extractor |   0 emails on https://daf.com/en (def from html)
2025-08-23 01:11:28,581 | DEBUG   | scraper.async_http_client | Async GET https://jp.mitsuichemicals.com/jp/corporate/management/index.htm -> 200 (len=116316)
2025-08-23 01:11:28,617 | INFO    | scraper.email_extractor |   0 emails on https://jp.mitsuichemicals.com/jp/corporate/management/index.htm (def from text)
2025-08-23 01:11:28,645 | DEBUG   | scraper.email_extractor |   0 emails on https://jp.mitsuichemicals.com/jp/corporate/management/index.htm (def from html)
2025-08-23 01:11:28,703 | DEBUG   | scraper.async_http_client | Async GET https://synsol.ch/coal/ -> 200 (len=138598)
2025-08-23 01:11:28,723 | DEBUG   | scraper.email_extractor | Attempting to clean 'info@synsol.ch'
2025-08-23 01:11:28,724 | DEBUG   | scraper.email_extractor | Successfully cleaned 'info@synsol.ch' → 'info@synsol.ch'
2025-08-23 01:11:28,724 | INFO    | scraper.email_extractor |   1 emails on https://synsol.ch/coal/ (def from text)
2025-08-23 01:11:28,724 | DEBUG   | scraper.hybrid_email_extractor | Static text hits: 1 on https://synsol.ch/coal/
2025-08-23 01:11:28,808 | DEBUG   | scraper.async_http_client | Async HEAD https://speedyfuels.co.uk -> 200 (len=0)
2025-08-23 01:11:28,808 | INFO    | scraper.async_http_client | Selected access method for speedyfuels.co.uk: https
2025-08-23 01:11:28,809 | DEBUG   | scraper.async_orchestrator | Using optimized URL pattern: https://speedyfuels.co.uk
2025-08-23 01:11:28,838 | DEBUG   | scraper.async_http_client | Async GET https://daf.com/en/dealer-locator-page -> 200 (len=57796)
2025-08-23 01:11:28,857 | INFO    | scraper.email_extractor |   0 emails on https://daf.com/en/dealer-locator-page (def from text)
2025-08-23 01:11:28,875 | DEBUG   | scraper.email_extractor |   0 emails on https://daf.com/en/dealer-locator-page (def from html)
2025-08-23 01:11:29,129 | DEBUG   | scraper.async_http_client | Async GET https://speedyfuels.co.uk -> 200 (len=276481)
2025-08-23 01:11:29,183 | INFO    | scraper.email_extractor |   0 emails on https://speedyfuels.co.uk (def from text)
2025-08-23 01:11:29,217 | DEBUG   | scraper.email_extractor |   0 emails on https://speedyfuels.co.uk (def from html)
2025-08-23 01:11:29,246 | DEBUG   | scraper.async_http_client | Async GET https://walter-schmidt-chemie.de/produkte/ -> 200 (len=17804)
2025-08-23 01:11:29,254 | INFO    | scraper.email_extractor |   0 emails on https://walter-schmidt-chemie.de/produkte/ (def from text)
2025-08-23 01:11:29,262 | DEBUG   | scraper.email_extractor |   0 emails on https://walter-schmidt-chemie.de/produkte/ (def from html)
2025-08-23 01:11:29,308 | DEBUG   | scraper.async_http_client | Async GET https://www.speedyfuels.co.uk/ -> 200 (len=276481)
2025-08-23 01:11:29,361 | INFO    | scraper.email_extractor |   0 emails on https://www.speedyfuels.co.uk/ (def from text)
2025-08-23 01:11:29,394 | DEBUG   | scraper.email_extractor |   0 emails on https://www.speedyfuels.co.uk/ (def from html)
2025-08-23 01:11:29,497 | DEBUG   | scraper.async_http_client | Async GET https://jp.mitsuichemicals.com/jp/corporate/vision/index.htm -> 200 (len=35115)
2025-08-23 01:11:29,512 | INFO    | scraper.email_extractor |   0 emails on https://jp.mitsuichemicals.com/jp/corporate/vision/index.htm (def from text)
2025-08-23 01:11:29,523 | DEBUG   | scraper.email_extractor |   0 emails on https://jp.mitsuichemicals.com/jp/corporate/vision/index.htm (def from html)
2025-08-23 01:11:29,607 | DEBUG   | scraper.async_http_client | Async GET https://synsol.ch/lithium-hydroxide/ -> 200 (len=138502)
2025-08-23 01:11:29,631 | DEBUG   | scraper.email_extractor | Attempting to clean 'info@synsol.ch'
2025-08-23 01:11:29,631 | DEBUG   | scraper.email_extractor | Successfully cleaned 'info@synsol.ch' → 'info@synsol.ch'
2025-08-23 01:11:29,631 | INFO    | scraper.email_extractor |   1 emails on https://synsol.ch/lithium-hydroxide/ (def from text)
2025-08-23 01:11:29,631 | DEBUG   | scraper.hybrid_email_extractor | Static text hits: 1 on https://synsol.ch/lithium-hydroxide/
2025-08-23 01:11:29,651 | DEBUG   | scraper.async_http_client | Async GET https://walter-schmidt-chemie.de/produkte/produktsuche.html -> 200 (len=13412)
2025-08-23 01:11:29,659 | INFO    | scraper.email_extractor |   0 emails on https://walter-schmidt-chemie.de/produkte/produktsuche.html (def from text)
2025-08-23 01:11:29,665 | DEBUG   | scraper.email_extractor |   0 emails on https://walter-schmidt-chemie.de/produkte/produktsuche.html (def from html)
2025-08-23 01:11:29,679 | DEBUG   | scraper.async_http_client | Async GET https://sustainability.speedyfuels.co.uk/environment/ -> 200 (len=357269)
2025-08-23 01:11:29,827 | INFO    | scraper.email_extractor |   0 emails on https://sustainability.speedyfuels.co.uk/environment/ (def from text)
2025-08-23 01:11:30,105 | DEBUG   | scraper.email_extractor |   0 emails on https://sustainability.speedyfuels.co.uk/environment/ (def from html)
2025-08-23 01:11:30,236 | DEBUG   | scraper.async_http_client | Async GET https://www.daf.com.au -> 200 (len=129510)
2025-08-23 01:11:30,260 | INFO    | scraper.email_extractor |   0 emails on https://www.daf.com.au (def from text)
2025-08-23 01:11:30,282 | DEBUG   | scraper.email_extractor |   0 emails on https://www.daf.com.au (def from html)
2025-08-23 01:11:30,347 | DEBUG   | scraper.async_http_client | Async GET https://www.speedyfuels.co.uk/services/emergency-delivery/ -> 200 (len=261584)
2025-08-23 01:11:30,397 | INFO    | scraper.email_extractor |   0 emails on https://www.speedyfuels.co.uk/services/emergency-delivery/ (def from text)
2025-08-23 01:11:30,421 | DEBUG   | scraper.email_extractor |   0 emails on https://www.speedyfuels.co.uk/services/emergency-delivery/ (def from html)
2025-08-23 01:11:30,502 | DEBUG   | scraper.async_http_client | Async GET https://www.speedyfuels.co.uk/products/ -> 200 (len=262900)
2025-08-23 01:11:30,549 | INFO    | scraper.email_extractor |   0 emails on https://www.speedyfuels.co.uk/products/ (def from text)
2025-08-23 01:11:30,575 | DEBUG   | scraper.email_extractor |   0 emails on https://www.speedyfuels.co.uk/products/ (def from html)
2025-08-23 01:11:30,599 | DEBUG   | scraper.async_http_client | Async GET https://jp.mitsuichemicals.com/jp/corporate/group/domestic_01/index.htm -> 200 (len=167041)
2025-08-23 01:11:30,657 | INFO    | scraper.email_extractor |   0 emails on https://jp.mitsuichemicals.com/jp/corporate/group/domestic_01/index.htm (def from text)
2025-08-23 01:11:30,709 | DEBUG   | scraper.email_extractor |   0 emails on https://jp.mitsuichemicals.com/jp/corporate/group/domestic_01/index.htm (def from html)
2025-08-23 01:11:30,767 | DEBUG   | scraper.async_http_client | Async GET https://walter-schmidt-chemie.de/produkte/premiumprodukte/ -> 200 (len=16969)
2025-08-23 01:11:30,775 | INFO    | scraper.email_extractor |   0 emails on https://walter-schmidt-chemie.de/produkte/premiumprodukte/ (def from text)
2025-08-23 01:11:30,781 | DEBUG   | scraper.email_extractor |   0 emails on https://walter-schmidt-chemie.de/produkte/premiumprodukte/ (def from html)
2025-08-23 01:11:30,791 | DEBUG   | scraper.async_http_client | Async GET https://www.speedyfuels.co.uk/products/adblue/ -> 200 (len=262729)
2025-08-23 01:11:30,842 | INFO    | scraper.email_extractor |   0 emails on https://www.speedyfuels.co.uk/products/adblue/ (def from text)
2025-08-23 01:11:30,871 | DEBUG   | scraper.email_extractor |   0 emails on https://www.speedyfuels.co.uk/products/adblue/ (def from html)
2025-08-23 01:11:30,896 | DEBUG   | scraper.async_http_client | Async GET https://synsol.ch/heavy-alkylates/ -> 200 (len=138844)
2025-08-23 01:11:30,915 | DEBUG   | scraper.email_extractor | Attempting to clean 'info@synsol.ch'
2025-08-23 01:11:30,916 | DEBUG   | scraper.email_extractor | Successfully cleaned 'info@synsol.ch' → 'info@synsol.ch'
2025-08-23 01:11:30,916 | INFO    | scraper.email_extractor |   1 emails on https://synsol.ch/heavy-alkylates/ (def from text)
2025-08-23 01:11:30,916 | DEBUG   | scraper.hybrid_email_extractor | Static text hits: 1 on https://synsol.ch/heavy-alkylates/
2025-08-23 01:11:30,952 | DEBUG   | scraper.async_http_client | Async GET https://www.speedyfuels.co.uk/products/biodiesel/ -> 200 (len=261657)
2025-08-23 01:11:31,001 | INFO    | scraper.email_extractor |   0 emails on https://www.speedyfuels.co.uk/products/biodiesel/ (def from text)
2025-08-23 01:11:31,030 | DEBUG   | scraper.email_extractor |   0 emails on https://www.speedyfuels.co.uk/products/biodiesel/ (def from html)
2025-08-23 01:11:31,113 | DEBUG   | scraper.async_http_client | Async GET https://www.speedyfuels.co.uk/products/carbon-clean-kerosene/ -> 200 (len=260691)
2025-08-23 01:11:31,163 | INFO    | scraper.email_extractor |   0 emails on https://www.speedyfuels.co.uk/products/carbon-clean-kerosene/ (def from text)
2025-08-23 01:11:31,188 | DEBUG   | scraper.email_extractor |   0 emails on https://www.speedyfuels.co.uk/products/carbon-clean-kerosene/ (def from html)
2025-08-23 01:11:31,478 | DEBUG   | scraper.async_http_client | Async GET https://walter-schmidt-chemie.de/produkte/winterprodukte/ -> 200 (len=21977)
2025-08-23 01:11:31,492 | INFO    | scraper.email_extractor |   0 emails on https://walter-schmidt-chemie.de/produkte/winterprodukte/ (def from text)
2025-08-23 01:11:31,502 | DEBUG   | scraper.email_extractor |   0 emails on https://walter-schmidt-chemie.de/produkte/winterprodukte/ (def from html)
2025-08-23 01:11:31,513 | DEBUG   | scraper.async_http_client | Async GET https://jp.mitsuichemicals.com/jp/corporate/group/group/index.htm -> 200 (len=209930)
2025-08-23 01:11:31,583 | INFO    | scraper.email_extractor |   0 emails on https://jp.mitsuichemicals.com/jp/corporate/group/group/index.htm (def from text)
2025-08-23 01:11:31,649 | DEBUG   | scraper.email_extractor |   0 emails on https://jp.mitsuichemicals.com/jp/corporate/group/group/index.htm (def from html)
2025-08-23 01:11:31,741 | DEBUG   | scraper.async_http_client | Async GET https://synsol.ch/n-paraffins/ -> 200 (len=138963)
2025-08-23 01:11:31,762 | DEBUG   | scraper.email_extractor | Attempting to clean 'info@synsol.ch'
2025-08-23 01:11:31,762 | DEBUG   | scraper.email_extractor | Successfully cleaned 'info@synsol.ch' → 'info@synsol.ch'
2025-08-23 01:11:31,762 | INFO    | scraper.email_extractor |   1 emails on https://synsol.ch/n-paraffins/ (def from text)
2025-08-23 01:11:31,762 | DEBUG   | scraper.hybrid_email_extractor | Static text hits: 1 on https://synsol.ch/n-paraffins/
2025-08-23 01:11:31,932 | DEBUG   | scraper.async_http_client | Async GET https://www.speedyfuels.co.uk/products/carbon-offset-fuels/ -> 200 (len=273694)
2025-08-23 01:11:31,984 | INFO    | scraper.email_extractor |   0 emails on https://www.speedyfuels.co.uk/products/carbon-offset-fuels/ (def from text)
2025-08-23 01:11:32,223 | DEBUG   | scraper.email_extractor |   0 emails on https://www.speedyfuels.co.uk/products/carbon-offset-fuels/ (def from html)
2025-08-23 01:11:32,250 | DEBUG   | scraper.async_http_client | Async GET https://www.daf.com.tw?MarketCode=TW -> 200 (len=22515)
2025-08-23 01:11:32,254 | INFO    | scraper.email_extractor |   0 emails on https://www.daf.com.tw?MarketCode=TW (def from text)
2025-08-23 01:11:32,258 | DEBUG   | scraper.email_extractor |   0 emails on https://www.daf.com.tw?MarketCode=TW (def from html)
2025-08-23 01:11:32,529 | DEBUG   | scraper.async_http_client | Async GET https://jp.mitsuichemicals.com/jp/corporate/group/oversea_02/index.htm -> 200 (len=183677)
2025-08-23 01:11:32,574 | INFO    | scraper.email_extractor |   0 emails on https://jp.mitsuichemicals.com/jp/corporate/group/oversea_02/index.htm (def from text)
2025-08-23 01:11:32,616 | DEBUG   | scraper.email_extractor |   0 emails on https://jp.mitsuichemicals.com/jp/corporate/group/oversea_02/index.htm (def from html)
2025-08-23 01:11:32,655 | DEBUG   | scraper.async_http_client | Async GET https://walter-schmidt-chemie.de/produkte/sommerprodukte/ -> 200 (len=16511)
2025-08-23 01:11:32,663 | INFO    | scraper.email_extractor |   0 emails on https://walter-schmidt-chemie.de/produkte/sommerprodukte/ (def from text)
2025-08-23 01:11:32,669 | DEBUG   | scraper.email_extractor |   0 emails on https://walter-schmidt-chemie.de/produkte/sommerprodukte/ (def from html)
2025-08-23 01:11:32,698 | DEBUG   | scraper.async_http_client | Async GET https://synsol.ch/isoparaffins/ -> 200 (len=138797)
2025-08-23 01:11:32,717 | DEBUG   | scraper.email_extractor | Attempting to clean 'info@synsol.ch'
2025-08-23 01:11:32,717 | DEBUG   | scraper.email_extractor | Successfully cleaned 'info@synsol.ch' → 'info@synsol.ch'
2025-08-23 01:11:32,718 | INFO    | scraper.email_extractor |   1 emails on https://synsol.ch/isoparaffins/ (def from text)
2025-08-23 01:11:32,718 | DEBUG   | scraper.hybrid_email_extractor | Static text hits: 1 on https://synsol.ch/isoparaffins/
2025-08-23 01:11:32,920 | DEBUG   | scraper.async_http_client | Async GET https://www.speedyfuels.co.uk/products/diesel/ -> 200 (len=264375)
2025-08-23 01:11:32,996 | INFO    | scraper.email_extractor |   0 emails on https://www.speedyfuels.co.uk/products/diesel/ (def from text)
2025-08-23 01:11:33,038 | DEBUG   | scraper.email_extractor |   0 emails on https://www.speedyfuels.co.uk/products/diesel/ (def from html)
2025-08-23 01:11:33,071 | DEBUG   | scraper.async_http_client | Async GET https://readytogo.daf.com/en -> 200 (len=209367)
2025-08-23 01:11:33,099 | INFO    | scraper.email_extractor |   0 emails on https://readytogo.daf.com/en (def from text)
2025-08-23 01:11:33,116 | DEBUG   | scraper.email_extractor |   0 emails on https://readytogo.daf.com/en (def from html)
2025-08-23 01:11:33,289 | DEBUG   | scraper.async_http_client | Async GET https://daf.com/en/driver-information/driver-manuals -> 200 (len=98356)
2025-08-23 01:11:33,326 | INFO    | scraper.email_extractor |   0 emails on https://daf.com/en/driver-information/driver-manuals (def from text)
2025-08-23 01:11:33,354 | DEBUG   | scraper.email_extractor |   0 emails on https://daf.com/en/driver-information/driver-manuals (def from html)
2025-08-23 01:11:33,447 | DEBUG   | scraper.async_http_client | Async GET https://jp.mitsuichemicals.com/jp/corporate/governance/index.htm -> 200 (len=183699)
2025-08-23 01:11:33,499 | INFO    | scraper.email_extractor |   0 emails on https://jp.mitsuichemicals.com/jp/corporate/governance/index.htm (def from text)
2025-08-23 01:11:33,542 | DEBUG   | scraper.email_extractor |   0 emails on https://jp.mitsuichemicals.com/jp/corporate/governance/index.htm (def from html)
2025-08-23 01:11:33,596 | DEBUG   | scraper.async_http_client | Async GET https://walter-schmidt-chemie.de/produkte/autopflegeprodukte/ -> 200 (len=27058)
2025-08-23 01:11:33,609 | INFO    | scraper.email_extractor |   0 emails on https://walter-schmidt-chemie.de/produkte/autopflegeprodukte/ (def from text)
2025-08-23 01:11:33,629 | DEBUG   | scraper.email_extractor |   0 emails on https://walter-schmidt-chemie.de/produkte/autopflegeprodukte/ (def from html)
2025-08-23 01:11:33,667 | DEBUG   | scraper.async_http_client | Async GET https://synsol.ch/cutback-asphalt/ -> 200 (len=138516)
2025-08-23 01:11:33,687 | DEBUG   | scraper.email_extractor | Attempting to clean 'info@synsol.ch'
2025-08-23 01:11:33,688 | DEBUG   | scraper.email_extractor | Successfully cleaned 'info@synsol.ch' → 'info@synsol.ch'
2025-08-23 01:11:33,688 | INFO    | scraper.email_extractor |   1 emails on https://synsol.ch/cutback-asphalt/ (def from text)
2025-08-23 01:11:33,688 | DEBUG   | scraper.hybrid_email_extractor | Static text hits: 1 on https://synsol.ch/cutback-asphalt/
2025-08-23 01:11:33,709 | DEBUG   | scraper.async_http_client | Async GET https://rmi.daf.com -> 200 (len=65704)
2025-08-23 01:11:33,731 | INFO    | scraper.email_extractor |   0 emails on https://rmi.daf.com (def from text)
2025-08-23 01:11:33,752 | DEBUG   | scraper.email_extractor |   0 emails on https://rmi.daf.com (def from html)
2025-08-23 01:11:33,919 | DEBUG   | scraper.async_http_client | Async GET https://www.speedyfuels.co.uk/products/storage-tanks/ -> 200 (len=258782)
2025-08-23 01:11:33,969 | INFO    | scraper.email_extractor |   0 emails on https://www.speedyfuels.co.uk/products/storage-tanks/ (def from text)
2025-08-23 01:11:33,995 | DEBUG   | scraper.email_extractor |   0 emails on https://www.speedyfuels.co.uk/products/storage-tanks/ (def from html)
2025-08-23 01:11:34,020 | DEBUG   | scraper.async_http_client | Async GET https://pti.daf.com -> 200 (len=43464)
2025-08-23 01:11:34,035 | INFO    | scraper.email_extractor |   0 emails on https://pti.daf.com (def from text)
2025-08-23 01:11:34,049 | DEBUG   | scraper.email_extractor |   0 emails on https://pti.daf.com (def from html)
2025-08-23 01:11:34,207 | DEBUG   | scraper.async_http_client | Async GET https://daf.com/en/about-daf -> 200 (len=89287)
2025-08-23 01:11:34,240 | INFO    | scraper.email_extractor |   0 emails on https://daf.com/en/about-daf (def from text)
2025-08-23 01:11:34,270 | DEBUG   | scraper.email_extractor |   0 emails on https://daf.com/en/about-daf (def from html)
2025-08-23 01:11:34,452 | DEBUG   | scraper.async_http_client | Async GET https://jp.mitsuichemicals.com/jp/corporate/policylist/index.htm -> 200 (len=144859)
2025-08-23 01:11:34,495 | INFO    | scraper.email_extractor |   0 emails on https://jp.mitsuichemicals.com/jp/corporate/policylist/index.htm (def from text)
2025-08-23 01:11:34,537 | DEBUG   | scraper.email_extractor |   0 emails on https://jp.mitsuichemicals.com/jp/corporate/policylist/index.htm (def from html)
2025-08-23 01:11:34,576 | DEBUG   | scraper.async_http_client | Async GET https://daf.com/en/products-and-services -> 200 (len=154485)
2025-08-23 01:11:34,626 | INFO    | scraper.email_extractor |   0 emails on https://daf.com/en/products-and-services (def from text)
2025-08-23 01:11:34,674 | DEBUG   | scraper.email_extractor |   0 emails on https://daf.com/en/products-and-services (def from html)
2025-08-23 01:11:34,716 | DEBUG   | scraper.async_http_client | Async GET https://walter-schmidt-chemie.de/produkte/haus-garten-freizeit/ -> 200 (len=14983)
2025-08-23 01:11:34,723 | INFO    | scraper.email_extractor |   0 emails on https://walter-schmidt-chemie.de/produkte/haus-garten-freizeit/ (def from text)
2025-08-23 01:11:34,729 | DEBUG   | scraper.email_extractor |   0 emails on https://walter-schmidt-chemie.de/produkte/haus-garten-freizeit/ (def from html)
2025-08-23 01:11:34,760 | DEBUG   | scraper.async_http_client | Async GET https://synsol.ch/urea/ -> 200 (len=138370)
2025-08-23 01:11:35,022 | DEBUG   | scraper.email_extractor | Attempting to clean 'info@synsol.ch'
2025-08-23 01:11:35,022 | DEBUG   | scraper.email_extractor | Successfully cleaned 'info@synsol.ch' → 'info@synsol.ch'
2025-08-23 01:11:35,022 | INFO    | scraper.email_extractor |   1 emails on https://synsol.ch/urea/ (def from text)
2025-08-23 01:11:35,022 | DEBUG   | scraper.hybrid_email_extractor | Static text hits: 1 on https://synsol.ch/urea/
2025-08-23 01:11:35,041 | DEBUG   | scraper.async_http_client | Async GET https://daf.com/en/contact -> 200 (len=122323)
2025-08-23 01:11:35,089 | INFO    | scraper.email_extractor |   0 emails on https://daf.com/en/contact (def from text)
2025-08-23 01:11:35,130 | DEBUG   | scraper.email_extractor |   0 emails on https://daf.com/en/contact (def from html)
2025-08-23 01:11:35,177 | DEBUG   | scraper.async_http_client | Async GET https://www.speedyfuels.co.uk/products/hvo-fuel/ -> 200 (len=273163)
2025-08-23 01:11:35,229 | INFO    | scraper.email_extractor |   0 emails on https://www.speedyfuels.co.uk/products/hvo-fuel/ (def from text)
2025-08-23 01:11:35,256 | DEBUG   | scraper.email_extractor |   0 emails on https://www.speedyfuels.co.uk/products/hvo-fuel/ (def from html)
2025-08-23 01:11:35,394 | DEBUG   | scraper.async_http_client | Async GET https://daf.com/en/contact/pems-testing-service-contact-page -> 200 (len=75022)
2025-08-23 01:11:35,430 | INFO    | scraper.email_extractor |   0 emails on https://daf.com/en/contact/pems-testing-service-contact-page (def from text)
2025-08-23 01:11:35,459 | DEBUG   | scraper.email_extractor |   0 emails on https://daf.com/en/contact/pems-testing-service-contact-page (def from html)
2025-08-23 01:11:35,485 | DEBUG   | scraper.async_http_client | Async GET https://jp.mitsuichemicals.com/jp/corporate/purchasing/index.htm -> 200 (len=109357)
2025-08-23 01:11:35,515 | INFO    | scraper.email_extractor |   0 emails on https://jp.mitsuichemicals.com/jp/corporate/purchasing/index.htm (def from text)
2025-08-23 01:11:35,548 | DEBUG   | scraper.email_extractor |   0 emails on https://jp.mitsuichemicals.com/jp/corporate/purchasing/index.htm (def from html)
2025-08-23 01:11:35,584 | DEBUG   | scraper.async_http_client | Async GET https://walter-schmidt-chemie.de/produkte/desinfektion/ -> 200 (len=15052)
2025-08-23 01:11:35,597 | INFO    | scraper.email_extractor |   0 emails on https://walter-schmidt-chemie.de/produkte/desinfektion/ (def from text)
2025-08-23 01:11:35,605 | DEBUG   | scraper.email_extractor |   0 emails on https://walter-schmidt-chemie.de/produkte/desinfektion/ (def from html)
2025-08-23 01:11:35,637 | DEBUG   | scraper.async_http_client | Async GET https://synsol.ch/aromatics-100-150/ -> 200 (len=138546)
2025-08-23 01:11:35,657 | DEBUG   | scraper.email_extractor | Attempting to clean 'info@synsol.ch'
2025-08-23 01:11:35,657 | DEBUG   | scraper.email_extractor | Successfully cleaned 'info@synsol.ch' → 'info@synsol.ch'
2025-08-23 01:11:35,657 | INFO    | scraper.email_extractor |   1 emails on https://synsol.ch/aromatics-100-150/ (def from text)
2025-08-23 01:11:35,657 | DEBUG   | scraper.hybrid_email_extractor | Static text hits: 1 on https://synsol.ch/aromatics-100-150/
2025-08-23 01:11:35,729 | DEBUG   | scraper.async_http_client | Async GET https://daf.com/en/legal/code-of-conduct -> 200 (len=76447)
2025-08-23 01:11:35,760 | INFO    | scraper.email_extractor |   0 emails on https://daf.com/en/legal/code-of-conduct (def from text)
2025-08-23 01:11:35,785 | DEBUG   | scraper.email_extractor |   0 emails on https://daf.com/en/legal/code-of-conduct (def from html)
2025-08-23 01:11:35,918 | DEBUG   | scraper.async_http_client | Async GET https://www.speedyfuels.co.uk/products/speedy-flame-industrial-heating-oil/ -> 200 (len=263050)
2025-08-23 01:11:35,968 | INFO    | scraper.email_extractor |   0 emails on https://www.speedyfuels.co.uk/products/speedy-flame-industrial-heating-oil/ (def from text)
2025-08-23 01:11:35,991 | DEBUG   | scraper.email_extractor |   0 emails on https://www.speedyfuels.co.uk/products/speedy-flame-industrial-heating-oil/ (def from html)
2025-08-23 01:11:36,019 | DEBUG   | scraper.async_http_client | Async GET https://daf.com/en/working-at-daf/onboarding -> 200 (len=82932)
2025-08-23 01:11:36,047 | INFO    | scraper.email_extractor |   0 emails on https://daf.com/en/working-at-daf/onboarding (def from text)
2025-08-23 01:11:36,072 | DEBUG   | scraper.email_extractor |   0 emails on https://daf.com/en/working-at-daf/onboarding (def from html)
2025-08-23 01:11:36,247 | DEBUG   | scraper.async_http_client | Async GET https://rmi.daf.com/ -> 200 (len=65704)
2025-08-23 01:11:36,278 | INFO    | scraper.email_extractor |   0 emails on https://rmi.daf.com/ (def from text)
2025-08-23 01:11:36,300 | DEBUG   | scraper.email_extractor |   0 emails on https://rmi.daf.com/ (def from html)
2025-08-23 01:11:36,422 | DEBUG   | scraper.async_http_client | Async GET https://jp.mitsuichemicals.com/jp/corporate/brand/index.htm -> 200 (len=27790)
2025-08-23 01:11:36,434 | INFO    | scraper.email_extractor |   0 emails on https://jp.mitsuichemicals.com/jp/corporate/brand/index.htm (def from text)
2025-08-23 01:11:36,441 | DEBUG   | scraper.email_extractor |   0 emails on https://jp.mitsuichemicals.com/jp/corporate/brand/index.htm (def from html)
2025-08-23 01:11:36,495 | DEBUG   | scraper.async_http_client | Async GET https://www.daf.com/en/sites-landing -> 200 (len=85093)
2025-08-23 01:11:36,524 | INFO    | scraper.email_extractor |   0 emails on https://www.daf.com/en/sites-landing (def from text)
2025-08-23 01:11:36,556 | DEBUG   | scraper.email_extractor |   0 emails on https://www.daf.com/en/sites-landing (def from html)
2025-08-23 01:11:36,612 | DEBUG   | scraper.async_http_client | Async GET https://synsol.ch/bright-stock/ -> 200 (len=138380)
2025-08-23 01:11:36,630 | DEBUG   | scraper.email_extractor | Attempting to clean 'info@synsol.ch'
2025-08-23 01:11:36,631 | DEBUG   | scraper.email_extractor | Successfully cleaned 'info@synsol.ch' → 'info@synsol.ch'
2025-08-23 01:11:36,631 | INFO    | scraper.email_extractor |   1 emails on https://synsol.ch/bright-stock/ (def from text)
2025-08-23 01:11:36,631 | DEBUG   | scraper.hybrid_email_extractor | Static text hits: 1 on https://synsol.ch/bright-stock/
2025-08-23 01:11:36,925 | DEBUG   | scraper.async_http_client | Async GET https://www.speedyfuels.co.uk/products/kerosene/ -> 200 (len=265884)
2025-08-23 01:11:36,978 | INFO    | scraper.email_extractor |   0 emails on https://www.speedyfuels.co.uk/products/kerosene/ (def from text)
2025-08-23 01:11:37,007 | DEBUG   | scraper.email_extractor |   0 emails on https://www.speedyfuels.co.uk/products/kerosene/ (def from html)
2025-08-23 01:11:37,304 | DEBUG   | scraper.async_http_client | Async GET https://walter-schmidt-chemie.de/produkte/adblue/ -> 200 (len=14915)
2025-08-23 01:11:37,314 | INFO    | scraper.email_extractor |   0 emails on https://walter-schmidt-chemie.de/produkte/adblue/ (def from text)
2025-08-23 01:11:37,323 | DEBUG   | scraper.email_extractor |   0 emails on https://walter-schmidt-chemie.de/produkte/adblue/ (def from html)
2025-08-23 01:11:37,373 | DEBUG   | scraper.async_http_client | Async GET https://daf.com/en/legal/legal-notice -> 200 (len=74386)
2025-08-23 01:11:37,399 | INFO    | scraper.email_extractor |   0 emails on https://daf.com/en/legal/legal-notice (def from text)
2025-08-23 01:11:37,423 | DEBUG   | scraper.email_extractor |   0 emails on https://daf.com/en/legal/legal-notice (def from html)
2025-08-23 01:11:37,447 | DEBUG   | scraper.async_http_client | Async GET https://jp.mitsuichemicals.com/jp/corporate/number/index.htm -> 200 (len=55374)
2025-08-23 01:11:37,466 | INFO    | scraper.email_extractor |   0 emails on https://jp.mitsuichemicals.com/jp/corporate/number/index.htm (def from text)
2025-08-23 01:11:37,485 | DEBUG   | scraper.email_extractor |   0 emails on https://jp.mitsuichemicals.com/jp/corporate/number/index.htm (def from html)
2025-08-23 01:11:37,569 | DEBUG   | scraper.async_http_client | Async GET https://walter-schmidt-chemie.de/produkte/professional-reiniger/ -> 200 (len=23868)
2025-08-23 01:11:37,585 | INFO    | scraper.email_extractor |   0 emails on https://walter-schmidt-chemie.de/produkte/professional-reiniger/ (def from text)
2025-08-23 01:11:37,598 | DEBUG   | scraper.email_extractor |   0 emails on https://walter-schmidt-chemie.de/produkte/professional-reiniger/ (def from html)
2025-08-23 01:11:37,638 | DEBUG   | scraper.async_http_client | Async GET https://synsol.ch/white-spirit/ -> 200 (len=138462)
2025-08-23 01:11:37,658 | DEBUG   | scraper.email_extractor | Attempting to clean 'info@synsol.ch'
2025-08-23 01:11:37,659 | DEBUG   | scraper.email_extractor | Successfully cleaned 'info@synsol.ch' → 'info@synsol.ch'
2025-08-23 01:11:37,659 | INFO    | scraper.email_extractor |   1 emails on https://synsol.ch/white-spirit/ (def from text)
2025-08-23 01:11:37,659 | DEBUG   | scraper.hybrid_email_extractor | Static text hits: 1 on https://synsol.ch/white-spirit/
2025-08-23 01:11:37,920 | DEBUG   | scraper.async_http_client | Async GET https://www.speedyfuels.co.uk/products/45-gallon-drums-205-litre-barrels/ -> 200 (len=264979)
2025-08-23 01:11:37,971 | INFO    | scraper.email_extractor |   0 emails on https://www.speedyfuels.co.uk/products/45-gallon-drums-205-litre-barrels/ (def from text)
2025-08-23 01:11:37,995 | DEBUG   | scraper.email_extractor |   0 emails on https://www.speedyfuels.co.uk/products/45-gallon-drums-205-litre-barrels/ (def from html)
2025-08-23 01:11:38,368 | DEBUG   | scraper.async_http_client | Async GET https://daf.com/en/legal/privacy-statement -> 200 (len=93232)
2025-08-23 01:11:38,590 | INFO    | scraper.email_extractor |   0 emails on https://daf.com/en/legal/privacy-statement (def from text)
2025-08-23 01:11:38,625 | DEBUG   | scraper.email_extractor | Attempting to clean 'dataprotectionofficer@daftrucks.com'
2025-08-23 01:11:38,626 | DEBUG   | scraper.email_extractor | Successfully cleaned 'dataprotectionofficer@daftrucks.com' → 'dataprotectionofficer@daftrucks.com'
2025-08-23 01:11:38,626 | DEBUG   | scraper.email_extractor |   1 emails on https://daf.com/en/legal/privacy-statement (def from html)
2025-08-23 01:11:38,626 | DEBUG   | scraper.hybrid_email_extractor | HTML fallback hits: 1 on https://daf.com/en/legal/privacy-statement
2025-08-23 01:11:38,626 | DEBUG   | scraper.async_orchestrator | [CRAWL] https://daf.com/en/legal/privacy-statement +1 (total=2)
2025-08-23 01:11:38,661 | DEBUG   | scraper.async_http_client | Async GET https://jp.mitsuichemicals.com/jp/special/creation_palette/index.htm -> 200 (len=14252)
2025-08-23 01:11:38,667 | INFO    | scraper.email_extractor |   0 emails on https://jp.mitsuichemicals.com/jp/special/creation_palette/index.htm (def from text)
2025-08-23 01:11:38,673 | DEBUG   | scraper.email_extractor |   0 emails on https://jp.mitsuichemicals.com/jp/special/creation_palette/index.htm (def from html)
2025-08-23 01:11:38,679 | DEBUG   | scraper.async_http_client | Async GET https://walter-schmidt-chemie.de/produkte/reiniger/ -> 200 (len=29008)
2025-08-23 01:11:38,699 | INFO    | scraper.email_extractor |   0 emails on https://walter-schmidt-chemie.de/produkte/reiniger/ (def from text)
2025-08-23 01:11:38,713 | DEBUG   | scraper.email_extractor |   0 emails on https://walter-schmidt-chemie.de/produkte/reiniger/ (def from html)
2025-08-23 01:11:38,755 | DEBUG   | scraper.async_http_client | Async GET https://synsol.ch/ulsd-gasoil-en590/ -> 200 (len=138548)
2025-08-23 01:11:38,776 | DEBUG   | scraper.email_extractor | Attempting to clean 'info@synsol.ch'
2025-08-23 01:11:38,776 | DEBUG   | scraper.email_extractor | Successfully cleaned 'info@synsol.ch' → 'info@synsol.ch'
2025-08-23 01:11:38,776 | INFO    | scraper.email_extractor |   1 emails on https://synsol.ch/ulsd-gasoil-en590/ (def from text)
2025-08-23 01:11:38,776 | DEBUG   | scraper.hybrid_email_extractor | Static text hits: 1 on https://synsol.ch/ulsd-gasoil-en590/
2025-08-23 01:11:38,947 | DEBUG   | scraper.async_http_client | Async GET https://www.speedyfuels.co.uk/products/red-diesel/ -> 200 (len=268064)
2025-08-23 01:11:38,997 | INFO    | scraper.email_extractor |   0 emails on https://www.speedyfuels.co.uk/products/red-diesel/ (def from text)
2025-08-23 01:11:39,025 | DEBUG   | scraper.email_extractor |   0 emails on https://www.speedyfuels.co.uk/products/red-diesel/ (def from html)
2025-08-23 01:11:39,379 | DEBUG   | scraper.async_http_client | Async GET https://daf.com/en/legal/general-conditions -> 200 (len=69405)
2025-08-23 01:11:39,405 | INFO    | scraper.email_extractor |   0 emails on https://daf.com/en/legal/general-conditions (def from text)
2025-08-23 01:11:39,428 | DEBUG   | scraper.email_extractor |   0 emails on https://daf.com/en/legal/general-conditions (def from html)
2025-08-23 01:11:39,451 | DEBUG   | scraper.async_http_client | Async GET https://jp.mitsuichemicals.com/jp/corporate/25th-history/index.htm -> 200 (len=111794)
2025-08-23 01:11:39,487 | INFO    | scraper.email_extractor |   0 emails on https://jp.mitsuichemicals.com/jp/corporate/25th-history/index.htm (def from text)
2025-08-23 01:11:39,515 | DEBUG   | scraper.email_extractor |   0 emails on https://jp.mitsuichemicals.com/jp/corporate/25th-history/index.htm (def from html)
2025-08-23 01:11:39,544 | DEBUG   | scraper.async_http_client | Async GET https://walter-schmidt-chemie.de/produkte/putztuchrollen/ -> 200 (len=17111)
2025-08-23 01:11:39,550 | INFO    | scraper.email_extractor |   0 emails on https://walter-schmidt-chemie.de/produkte/putztuchrollen/ (def from text)
2025-08-23 01:11:39,558 | DEBUG   | scraper.email_extractor |   0 emails on https://walter-schmidt-chemie.de/produkte/putztuchrollen/ (def from html)
2025-08-23 01:11:39,587 | DEBUG   | scraper.async_http_client | Async GET https://synsol.ch/vgo/ -> 200 (len=138305)
2025-08-23 01:11:39,613 | DEBUG   | scraper.email_extractor | Attempting to clean 'info@synsol.ch'
2025-08-23 01:11:39,613 | DEBUG   | scraper.email_extractor | Successfully cleaned 'info@synsol.ch' → 'info@synsol.ch'
2025-08-23 01:11:39,613 | INFO    | scraper.email_extractor |   1 emails on https://synsol.ch/vgo/ (def from text)
2025-08-23 01:11:39,613 | DEBUG   | scraper.hybrid_email_extractor | Static text hits: 1 on https://synsol.ch/vgo/
2025-08-23 01:11:39,926 | DEBUG   | scraper.async_http_client | Async GET https://www.speedyfuels.co.uk/lubricants/ -> 200 (len=262461)
2025-08-23 01:11:39,994 | INFO    | scraper.email_extractor |   0 emails on https://www.speedyfuels.co.uk/lubricants/ (def from text)
2025-08-23 01:11:40,023 | DEBUG   | scraper.email_extractor |   0 emails on https://www.speedyfuels.co.uk/lubricants/ (def from html)
2025-08-23 01:11:40,354 | DEBUG   | scraper.async_http_client | Async GET https://daf.com/en/legal/daf-and-cookies -> 200 (len=68981)
2025-08-23 01:11:40,383 | INFO    | scraper.email_extractor |   0 emails on https://daf.com/en/legal/daf-and-cookies (def from text)
2025-08-23 01:11:40,405 | DEBUG   | scraper.email_extractor |   0 emails on https://daf.com/en/legal/daf-and-cookies (def from html)
2025-08-23 01:11:40,426 | DEBUG   | scraper.async_http_client | Async GET https://jp.mitsuichemicals.com/jp/molp/index.htm -> 200 (len=30220)
2025-08-23 01:11:40,440 | INFO    | scraper.email_extractor |   0 emails on https://jp.mitsuichemicals.com/jp/molp/index.htm (def from text)
2025-08-23 01:11:40,451 | DEBUG   | scraper.email_extractor |   0 emails on https://jp.mitsuichemicals.com/jp/molp/index.htm (def from html)
2025-08-23 01:11:40,463 | DEBUG   | scraper.async_http_client | Async GET https://walter-schmidt-chemie.de/produkte/zubehoer/ -> 200 (len=15268)
2025-08-23 01:11:40,471 | INFO    | scraper.email_extractor |   0 emails on https://walter-schmidt-chemie.de/produkte/zubehoer/ (def from text)
2025-08-23 01:11:40,481 | DEBUG   | scraper.email_extractor |   0 emails on https://walter-schmidt-chemie.de/produkte/zubehoer/ (def from html)
2025-08-23 01:11:40,579 | DEBUG   | scraper.async_http_client | Async GET https://parts.daf.com/hybrid-login -> 200 (len=1044)
2025-08-23 01:11:40,581 | DEBUG   | scraper.email_extractor |   0 emails on https://parts.daf.com/hybrid-login (def from html)
2025-08-23 01:11:40,602 | DEBUG   | scraper.async_http_client | Async GET https://synsol.ch/naphtha-light-heavy/ -> 200 (len=138592)
2025-08-23 01:11:40,624 | DEBUG   | scraper.email_extractor | Attempting to clean 'info@synsol.ch'
2025-08-23 01:11:40,624 | DEBUG   | scraper.email_extractor | Successfully cleaned 'info@synsol.ch' → 'info@synsol.ch'
2025-08-23 01:11:40,625 | INFO    | scraper.email_extractor |   1 emails on https://synsol.ch/naphtha-light-heavy/ (def from text)
2025-08-23 01:11:40,625 | DEBUG   | scraper.hybrid_email_extractor | Static text hits: 1 on https://synsol.ch/naphtha-light-heavy/
2025-08-23 01:11:40,984 | DEBUG   | scraper.async_http_client | Async GET https://www.speedyfuels.co.uk/lubricants/agricultural-lubricants/ -> 200 (len=261146)
2025-08-23 01:11:41,030 | INFO    | scraper.email_extractor |   0 emails on https://www.speedyfuels.co.uk/lubricants/agricultural-lubricants/ (def from text)
2025-08-23 01:11:41,054 | DEBUG   | scraper.email_extractor |   0 emails on https://www.speedyfuels.co.uk/lubricants/agricultural-lubricants/ (def from html)
2025-08-23 01:11:41,086 | DEBUG   | scraper.async_http_client | Async GET https://parts.daf.com/en-gb/request-account -> 200 (len=973130)
2025-08-23 01:11:41,153 | INFO    | scraper.email_extractor |   0 emails on https://parts.daf.com/en-gb/request-account (def from text)
2025-08-23 01:11:41,160 | DEBUG   | scraper.email_extractor |   0 emails on https://parts.daf.com/en-gb/request-account (def from html)
2025-08-23 01:11:41,439 | DEBUG   | scraper.async_http_client | Async GET https://jp.mitsuichemicals.com/jp/service/index.htm -> 200 (len=256848)
2025-08-23 01:11:41,492 | INFO    | scraper.email_extractor |   0 emails on https://jp.mitsuichemicals.com/jp/service/index.htm (def from text)
2025-08-23 01:11:41,542 | DEBUG   | scraper.email_extractor |   0 emails on https://jp.mitsuichemicals.com/jp/service/index.htm (def from html)
2025-08-23 01:11:41,601 | DEBUG   | scraper.async_http_client | Async GET https://parts.daf.com/en-gb/webshop-merchandise-campaign -> 200 (len=998887)
2025-08-23 01:11:41,663 | INFO    | scraper.email_extractor |   0 emails on https://parts.daf.com/en-gb/webshop-merchandise-campaign (def from text)
2025-08-23 01:11:41,674 | DEBUG   | scraper.email_extractor |   0 emails on https://parts.daf.com/en-gb/webshop-merchandise-campaign (def from html)
2025-08-23 01:11:41,690 | DEBUG   | scraper.async_http_client | Async GET https://synsol.ch/crude-oil-blends/ -> 200 (len=138776)
2025-08-23 01:11:41,725 | DEBUG   | scraper.email_extractor | Attempting to clean 'info@synsol.ch'
2025-08-23 01:11:41,725 | DEBUG   | scraper.email_extractor | Successfully cleaned 'info@synsol.ch' → 'info@synsol.ch'
2025-08-23 01:11:41,725 | INFO    | scraper.email_extractor |   1 emails on https://synsol.ch/crude-oil-blends/ (def from text)
2025-08-23 01:11:41,726 | DEBUG   | scraper.hybrid_email_extractor | Static text hits: 1 on https://synsol.ch/crude-oil-blends/
2025-08-23 01:11:41,926 | DEBUG   | scraper.async_http_client | Async GET https://www.speedyfuels.co.uk/lubricants/automotive-lubricants/ -> 200 (len=259149)
2025-08-23 01:11:41,974 | INFO    | scraper.email_extractor |   0 emails on https://www.speedyfuels.co.uk/lubricants/automotive-lubricants/ (def from text)
2025-08-23 01:11:42,002 | DEBUG   | scraper.email_extractor |   0 emails on https://www.speedyfuels.co.uk/lubricants/automotive-lubricants/ (def from html)
2025-08-23 01:11:42,158 | DEBUG   | scraper.async_http_client | Async GET https://parts.daf.com/en-gb/daf-original-parts -> 200 (len=1029882)
2025-08-23 01:11:42,228 | INFO    | scraper.email_extractor |   0 emails on https://parts.daf.com/en-gb/daf-original-parts (def from text)
2025-08-23 01:11:42,243 | DEBUG   | scraper.email_extractor |   0 emails on https://parts.daf.com/en-gb/daf-original-parts (def from html)
2025-08-23 01:11:42,528 | DEBUG   | scraper.async_http_client | Async GET https://jp.mitsuichemicals.com/jp/service/life_healthcare/index.htm -> 200 (len=114445)
2025-08-23 01:11:42,568 | INFO    | scraper.email_extractor |   0 emails on https://jp.mitsuichemicals.com/jp/service/life_healthcare/index.htm (def from text)
2025-08-23 01:11:42,596 | DEBUG   | scraper.email_extractor |   0 emails on https://jp.mitsuichemicals.com/jp/service/life_healthcare/index.htm (def from html)
2025-08-23 01:11:42,823 | DEBUG   | scraper.async_http_client | Async GET https://parts.daf.com/en-gb/paccar-power-solutions -> 200 (len=102001)
2025-08-23 01:11:42,865 | INFO    | scraper.email_extractor |   0 emails on https://parts.daf.com/en-gb/paccar-power-solutions (def from text)
2025-08-23 01:11:42,899 | DEBUG   | scraper.email_extractor |   0 emails on https://parts.daf.com/en-gb/paccar-power-solutions (def from html)
2025-08-23 01:11:42,930 | DEBUG   | scraper.async_http_client | Async GET https://synsol.ch/paraffin-wax-synthetic-wax/ -> 200 (len=138739)
2025-08-23 01:11:42,954 | DEBUG   | scraper.email_extractor | Attempting to clean 'info@synsol.ch'
2025-08-23 01:11:42,955 | DEBUG   | scraper.email_extractor | Successfully cleaned 'info@synsol.ch' → 'info@synsol.ch'
2025-08-23 01:11:42,955 | INFO    | scraper.email_extractor |   1 emails on https://synsol.ch/paraffin-wax-synthetic-wax/ (def from text)
2025-08-23 01:11:42,955 | DEBUG   | scraper.hybrid_email_extractor | Static text hits: 1 on https://synsol.ch/paraffin-wax-synthetic-wax/
2025-08-23 01:11:43,034 | DEBUG   | scraper.async_http_client | Async GET https://www.speedyfuels.co.uk/lubricants/biodegradable-lubricants/ -> 200 (len=259283)
2025-08-23 01:11:43,086 | INFO    | scraper.email_extractor |   0 emails on https://www.speedyfuels.co.uk/lubricants/biodegradable-lubricants/ (def from text)
2025-08-23 01:11:43,109 | DEBUG   | scraper.email_extractor |   0 emails on https://www.speedyfuels.co.uk/lubricants/biodegradable-lubricants/ (def from html)
2025-08-23 01:11:43,293 | DEBUG   | scraper.async_http_client | Async GET https://parts.daf.com/en-gb/general-information -> 200 (len=992497)
2025-08-23 01:11:43,355 | INFO    | scraper.email_extractor |   0 emails on https://parts.daf.com/en-gb/general-information (def from text)
2025-08-23 01:11:43,367 | DEBUG   | scraper.email_extractor |   0 emails on https://parts.daf.com/en-gb/general-information (def from html)
2025-08-23 01:11:43,466 | DEBUG   | scraper.async_http_client | Async GET https://jp.mitsuichemicals.com/jp/service/mobility/index.htm -> 200 (len=111457)
2025-08-23 01:11:43,505 | INFO    | scraper.email_extractor |   0 emails on https://jp.mitsuichemicals.com/jp/service/mobility/index.htm (def from text)
2025-08-23 01:11:43,533 | DEBUG   | scraper.email_extractor |   0 emails on https://jp.mitsuichemicals.com/jp/service/mobility/index.htm (def from html)
2025-08-23 01:11:43,594 | DEBUG   | scraper.async_http_client | Async GET https://synsol.ch/high-purity-hydrocarbons-c6-c7/ -> 200 (len=139170)
2025-08-23 01:11:43,622 | DEBUG   | scraper.email_extractor | Attempting to clean 'info@synsol.ch'
2025-08-23 01:11:43,622 | DEBUG   | scraper.email_extractor | Successfully cleaned 'info@synsol.ch' → 'info@synsol.ch'
2025-08-23 01:11:43,622 | INFO    | scraper.email_extractor |   1 emails on https://synsol.ch/high-purity-hydrocarbons-c6-c7/ (def from text)
2025-08-23 01:11:43,623 | DEBUG   | scraper.hybrid_email_extractor | Static text hits: 1 on https://synsol.ch/high-purity-hydrocarbons-c6-c7/
2025-08-23 01:11:43,925 | DEBUG   | scraper.async_http_client | Async GET https://www.speedyfuels.co.uk/lubricants/commercial-lubricants/ -> 200 (len=259310)
2025-08-23 01:11:43,971 | INFO    | scraper.email_extractor |   0 emails on https://www.speedyfuels.co.uk/lubricants/commercial-lubricants/ (def from text)
2025-08-23 01:11:43,996 | DEBUG   | scraper.email_extractor |   0 emails on https://www.speedyfuels.co.uk/lubricants/commercial-lubricants/ (def from html)
2025-08-23 01:11:44,144 | DEBUG   | scraper.async_http_client | Async GET https://parts.daf.com/en-gb/loyalty-program -> 200 (len=985859)
2025-08-23 01:11:44,211 | INFO    | scraper.email_extractor |   0 emails on https://parts.daf.com/en-gb/loyalty-program (def from text)
2025-08-23 01:11:44,220 | DEBUG   | scraper.email_extractor |   0 emails on https://parts.daf.com/en-gb/loyalty-program (def from html)
2025-08-23 01:11:44,409 | DEBUG   | scraper.async_http_client | Async GET https://www.daf.com/ -> 200 (len=85093)
2025-08-23 01:11:44,442 | INFO    | scraper.email_extractor |   0 emails on https://www.daf.com/ (def from text)
2025-08-23 01:11:44,472 | DEBUG   | scraper.email_extractor |   0 emails on https://www.daf.com/ (def from html)
2025-08-23 01:11:44,538 | DEBUG   | scraper.async_http_client | Async GET https://jp.mitsuichemicals.com/jp/service/ict/index.htm -> 200 (len=115979)
2025-08-23 01:11:44,575 | INFO    | scraper.email_extractor |   0 emails on https://jp.mitsuichemicals.com/jp/service/ict/index.htm (def from text)
2025-08-23 01:11:44,605 | DEBUG   | scraper.email_extractor |   0 emails on https://jp.mitsuichemicals.com/jp/service/ict/index.htm (def from html)
2025-08-23 01:11:44,665 | DEBUG   | scraper.async_http_client | Async GET https://synsol.ch/refined-petroleum-products/ -> 200 (len=138937)
2025-08-23 01:11:44,702 | DEBUG   | scraper.email_extractor | Attempting to clean 'info@synsol.ch'
2025-08-23 01:11:44,702 | DEBUG   | scraper.email_extractor | Successfully cleaned 'info@synsol.ch' → 'info@synsol.ch'
2025-08-23 01:11:44,702 | INFO    | scraper.email_extractor |   1 emails on https://synsol.ch/refined-petroleum-products/ (def from text)
2025-08-23 01:11:44,702 | DEBUG   | scraper.hybrid_email_extractor | Static text hits: 1 on https://synsol.ch/refined-petroleum-products/
2025-08-23 01:11:44,720 | DEBUG   | scraper.async_http_client | Async GET https://daf.com/en/choose-your-country -> 200 (len=112317)
2025-08-23 01:11:44,759 | INFO    | scraper.email_extractor |   0 emails on https://daf.com/en/choose-your-country (def from text)
2025-08-23 01:11:44,797 | DEBUG   | scraper.email_extractor |   0 emails on https://daf.com/en/choose-your-country (def from html)
2025-08-23 01:11:44,959 | DEBUG   | scraper.async_http_client | Async GET https://www.speedyfuels.co.uk/lubricants/engine-oils-supplier/ -> 200 (len=265733)
2025-08-23 01:11:45,017 | INFO    | scraper.email_extractor |   0 emails on https://www.speedyfuels.co.uk/lubricants/engine-oils-supplier/ (def from text)
2025-08-23 01:11:45,042 | DEBUG   | scraper.email_extractor |   0 emails on https://www.speedyfuels.co.uk/lubricants/engine-oils-supplier/ (def from html)
2025-08-23 01:11:45,066 | DEBUG   | scraper.async_http_client | Async GET https://daf.com/en/about-daf/board-of-management -> 200 (len=88712)
2025-08-23 01:11:45,102 | INFO    | scraper.email_extractor |   0 emails on https://daf.com/en/about-daf/board-of-management (def from text)
2025-08-23 01:11:45,130 | DEBUG   | scraper.email_extractor |   0 emails on https://daf.com/en/about-daf/board-of-management (def from html)
2025-08-23 01:11:45,158 | DEBUG   | scraper.async_http_client | Async GET https://walter-schmidt-chemie.de/produkte/sicherheitsdatenblaetter-und-inhaltstoffe.html -> 200 (len=66243)
2025-08-23 01:11:45,192 | INFO    | scraper.email_extractor |   0 emails on https://walter-schmidt-chemie.de/produkte/sicherheitsdatenblaetter-und-inhaltstoffe.html (def from text)
2025-08-23 01:11:45,221 | DEBUG   | scraper.email_extractor |   0 emails on https://walter-schmidt-chemie.de/produkte/sicherheitsdatenblaetter-und-inhaltstoffe.html (def from html)
2025-08-23 01:11:45,457 | DEBUG   | scraper.async_http_client | Async GET https://daf.com/en/about-daf/daf-worldwide -> 200 (len=86985)
2025-08-23 01:11:45,504 | INFO    | scraper.email_extractor |   0 emails on https://daf.com/en/about-daf/daf-worldwide (def from text)
2025-08-23 01:11:45,573 | DEBUG   | scraper.email_extractor |   0 emails on https://daf.com/en/about-daf/daf-worldwide (def from html)
2025-08-23 01:11:45,632 | DEBUG   | scraper.async_http_client | Async GET https://jp.mitsuichemicals.com/jp/service/basic/index.htm -> 200 (len=111010)
2025-08-23 01:11:45,677 | INFO    | scraper.email_extractor |   0 emails on https://jp.mitsuichemicals.com/jp/service/basic/index.htm (def from text)
2025-08-23 01:11:45,706 | DEBUG   | scraper.email_extractor |   0 emails on https://jp.mitsuichemicals.com/jp/service/basic/index.htm (def from html)
2025-08-23 01:11:45,766 | DEBUG   | scraper.async_http_client | Async GET https://synsol.ch/privacy-policy-of-synsol-ag/ -> 200 (len=108337)
2025-08-23 01:11:45,920 | INFO    | scraper.email_extractor |   0 emails on https://synsol.ch/privacy-policy-of-synsol-ag/ (def from text)
2025-08-23 01:11:45,930 | DEBUG   | scraper.email_extractor |   0 emails on https://synsol.ch/privacy-policy-of-synsol-ag/ (def from html)
2025-08-23 01:11:45,939 | DEBUG   | scraper.async_orchestrator | Summary synsol.ch raw=1 filtered=1 valid=1
2025-08-23 01:11:45,939 | INFO    | scraper.async_orchestrator | ✅ Found 1 emails for Synsol (synsol.ch)
2025-08-23 01:11:45,941 | DEBUG   | scraper.async_http_client | Async GET https://daf.com/en/about-daf/daf-worldwide/production-locations -> 200 (len=84576)
2025-08-23 01:11:45,968 | INFO    | scraper.email_extractor |   0 emails on https://daf.com/en/about-daf/daf-worldwide/production-locations (def from text)
2025-08-23 01:11:45,996 | DEBUG   | scraper.email_extractor |   0 emails on https://daf.com/en/about-daf/daf-worldwide/production-locations (def from html)
2025-08-23 01:11:46,051 | DEBUG   | scraper.async_http_client | Async GET https://www.speedyfuels.co.uk/lubricants/hydraulic-oils/ -> 200 (len=259708)
2025-08-23 01:11:46,103 | INFO    | scraper.email_extractor |   0 emails on https://www.speedyfuels.co.uk/lubricants/hydraulic-oils/ (def from text)
2025-08-23 01:11:46,127 | DEBUG   | scraper.email_extractor |   0 emails on https://www.speedyfuels.co.uk/lubricants/hydraulic-oils/ (def from html)
2025-08-23 01:11:46,331 | DEBUG   | scraper.async_http_client | Async GET https://walter-schmidt-chemie.de/beteiligungsgesellschaften/ -> 200 (len=14054)
2025-08-23 01:11:46,339 | INFO    | scraper.email_extractor |   0 emails on https://walter-schmidt-chemie.de/beteiligungsgesellschaften/ (def from text)
2025-08-23 01:11:46,348 | DEBUG   | scraper.email_extractor |   0 emails on https://walter-schmidt-chemie.de/beteiligungsgesellschaften/ (def from html)
2025-08-23 01:11:46,444 | DEBUG   | scraper.async_http_client | Async GET https://jp.mitsuichemicals.com/jp/service/new_business/index.htm -> 200 (len=129870)
2025-08-23 01:11:46,487 | INFO    | scraper.email_extractor |   0 emails on https://jp.mitsuichemicals.com/jp/service/new_business/index.htm (def from text)
2025-08-23 01:11:46,528 | DEBUG   | scraper.email_extractor |   0 emails on https://jp.mitsuichemicals.com/jp/service/new_business/index.htm (def from html)
2025-08-23 01:11:46,600 | DEBUG   | scraper.async_http_client | Async GET https://walter-schmidt-chemie.de/beteiligungsgesellschaften/walter-schmidt-zement-gmbh.html -> 200 (len=14054)
2025-08-23 01:11:46,610 | INFO    | scraper.email_extractor |   0 emails on https://walter-schmidt-chemie.de/beteiligungsgesellschaften/walter-schmidt-zement-gmbh.html (def from text)
2025-08-23 01:11:46,616 | DEBUG   | scraper.email_extractor |   0 emails on https://walter-schmidt-chemie.de/beteiligungsgesellschaften/walter-schmidt-zement-gmbh.html (def from html)
2025-08-23 01:11:46,723 | DEBUG   | scraper.async_http_client | Async GET https://daf.com/en/about-daf/daf-worldwide/dealer-network -> 200 (len=88254)
2025-08-23 01:11:46,760 | INFO    | scraper.email_extractor |   0 emails on https://daf.com/en/about-daf/daf-worldwide/dealer-network (def from text)
2025-08-23 01:11:46,786 | DEBUG   | scraper.email_extractor |   0 emails on https://daf.com/en/about-daf/daf-worldwide/dealer-network (def from html)
2025-08-23 01:11:46,894 | DEBUG   | scraper.async_http_client | Async GET https://walter-schmidt-chemie.de/beteiligungsgesellschaften/walter-schmidt-cement-polska.html -> 200 (len=15613)
2025-08-23 01:11:46,905 | INFO    | scraper.email_extractor |   0 emails on https://walter-schmidt-chemie.de/beteiligungsgesellschaften/walter-schmidt-cement-polska.html (def from text)
2025-08-23 01:11:46,913 | DEBUG   | scraper.email_extractor |   0 emails on https://walter-schmidt-chemie.de/beteiligungsgesellschaften/walter-schmidt-cement-polska.html (def from html)
2025-08-23 01:11:46,937 | DEBUG   | scraper.async_http_client | Async GET https://www.speedyfuels.co.uk/lubricants/industrial-lubricants/ -> 200 (len=263370)
2025-08-23 01:11:46,986 | INFO    | scraper.email_extractor |   0 emails on https://www.speedyfuels.co.uk/lubricants/industrial-lubricants/ (def from text)
2025-08-23 01:11:47,015 | DEBUG   | scraper.email_extractor |   0 emails on https://www.speedyfuels.co.uk/lubricants/industrial-lubricants/ (def from html)
2025-08-23 01:11:47,265 | DEBUG   | scraper.async_http_client | Async GET https://walter-schmidt-chemie.de/beteiligungsgesellschaften/walter-schmidt-logistik-gmbh.html -> 200 (len=14762)
2025-08-23 01:11:47,272 | INFO    | scraper.email_extractor |   0 emails on https://walter-schmidt-chemie.de/beteiligungsgesellschaften/walter-schmidt-logistik-gmbh.html (def from text)
2025-08-23 01:11:47,278 | DEBUG   | scraper.email_extractor |   0 emails on https://walter-schmidt-chemie.de/beteiligungsgesellschaften/walter-schmidt-logistik-gmbh.html (def from html)
2025-08-23 01:11:47,363 | DEBUG   | scraper.async_http_client | Async GET https://daf.com/en/about-daf/daf-worldwide/world-class-technology -> 200 (len=84911)
2025-08-23 01:11:47,395 | INFO    | scraper.email_extractor |   0 emails on https://daf.com/en/about-daf/daf-worldwide/world-class-technology (def from text)
2025-08-23 01:11:47,421 | DEBUG   | scraper.email_extractor |   0 emails on https://daf.com/en/about-daf/daf-worldwide/world-class-technology (def from html)
2025-08-23 01:11:47,455 | DEBUG   | scraper.async_http_client | Async GET https://jp.mitsuichemicals.com/jp/service/search/index.htm -> 200 (len=727242)
2025-08-23 01:11:47,709 | INFO    | scraper.email_extractor |   0 emails on https://jp.mitsuichemicals.com/jp/service/search/index.htm (def from text)
2025-08-23 01:11:47,943 | DEBUG   | scraper.email_extractor |   0 emails on https://jp.mitsuichemicals.com/jp/service/search/index.htm (def from html)
2025-08-23 01:11:48,496 | DEBUG   | scraper.async_http_client | Async GET https://www.speedyfuels.co.uk/lubricants/marine-lubricants/ -> 200 (len=259602)
2025-08-23 01:11:48,544 | INFO    | scraper.email_extractor |   0 emails on https://www.speedyfuels.co.uk/lubricants/marine-lubricants/ (def from text)
2025-08-23 01:11:48,567 | DEBUG   | scraper.email_extractor |   0 emails on https://www.speedyfuels.co.uk/lubricants/marine-lubricants/ (def from html)
2025-08-23 01:11:48,596 | DEBUG   | scraper.async_http_client | Async GET https://daf.com/en/about-daf/facts-and-figures -> 200 (len=91299)
2025-08-23 01:11:48,626 | INFO    | scraper.email_extractor |   0 emails on https://daf.com/en/about-daf/facts-and-figures (def from text)
2025-08-23 01:11:48,654 | DEBUG   | scraper.email_extractor |   0 emails on https://daf.com/en/about-daf/facts-and-figures (def from html)
2025-08-23 01:11:48,684 | DEBUG   | scraper.async_http_client | Async GET https://walter-schmidt-chemie.de/kontakt/ -> 200 (len=17052)
2025-08-23 01:11:48,703 | INFO    | scraper.email_extractor |   0 emails on https://walter-schmidt-chemie.de/kontakt/ (def from text)
2025-08-23 01:11:48,713 | DEBUG   | scraper.email_extractor |   0 emails on https://walter-schmidt-chemie.de/kontakt/ (def from html)
2025-08-23 01:11:48,728 | DEBUG   | scraper.async_http_client | Async GET https://jp.mitsuichemicals.com/jp/service/exhibition/index.htm -> 200 (len=129871)
2025-08-23 01:11:48,772 | INFO    | scraper.email_extractor |   0 emails on https://jp.mitsuichemicals.com/jp/service/exhibition/index.htm (def from text)
2025-08-23 01:11:48,813 | DEBUG   | scraper.email_extractor |   0 emails on https://jp.mitsuichemicals.com/jp/service/exhibition/index.htm (def from html)
2025-08-23 01:11:48,969 | DEBUG   | scraper.async_http_client | Async GET https://www.speedyfuels.co.uk/lubricants/metalworking-fluids/ -> 200 (len=260524)
2025-08-23 01:11:49,017 | INFO    | scraper.email_extractor |   0 emails on https://www.speedyfuels.co.uk/lubricants/metalworking-fluids/ (def from text)
2025-08-23 01:11:49,040 | DEBUG   | scraper.email_extractor |   0 emails on https://www.speedyfuels.co.uk/lubricants/metalworking-fluids/ (def from html)
2025-08-23 01:11:49,114 | DEBUG   | scraper.async_http_client | Async GET https://walter-schmidt-chemie.de/kontakt/kontaktformular/ -> 200 (len=17052)
2025-08-23 01:11:49,126 | INFO    | scraper.email_extractor |   0 emails on https://walter-schmidt-chemie.de/kontakt/kontaktformular/ (def from text)
2025-08-23 01:11:49,134 | DEBUG   | scraper.email_extractor |   0 emails on https://walter-schmidt-chemie.de/kontakt/kontaktformular/ (def from html)
2025-08-23 01:11:49,319 | DEBUG   | scraper.async_http_client | Async GET https://daf.com/en/about-daf/daf-history -> 200 (len=123871)
2025-08-23 01:11:49,362 | INFO    | scraper.email_extractor |   0 emails on https://daf.com/en/about-daf/daf-history (def from text)
2025-08-23 01:11:49,397 | DEBUG   | scraper.email_extractor |   0 emails on https://daf.com/en/about-daf/daf-history (def from html)
2025-08-23 01:11:49,447 | DEBUG   | scraper.async_http_client | Async GET https://walter-schmidt-chemie.de/kontakt/impressum.html -> 200 (len=18491)
2025-08-23 01:11:49,463 | DEBUG   | scraper.email_extractor | Attempting to clean 'info@walter-schmidt-chemie.de'
2025-08-23 01:11:49,464 | DEBUG   | scraper.email_extractor | Successfully cleaned 'info@walter-schmidt-chemie.de' → 'info@walter-schmidt-chemie.de'
2025-08-23 01:11:49,464 | INFO    | scraper.email_extractor |   1 emails on https://walter-schmidt-chemie.de/kontakt/impressum.html (def from text)
2025-08-23 01:11:49,464 | DEBUG   | scraper.hybrid_email_extractor | Static text hits: 1 on https://walter-schmidt-chemie.de/kontakt/impressum.html
2025-08-23 01:11:49,464 | DEBUG   | scraper.async_orchestrator | [CRAWL] https://walter-schmidt-chemie.de/kontakt/impressum.html +1 (total=1)
2025-08-23 01:11:49,472 | DEBUG   | scraper.async_http_client | Async GET https://jp.mitsuichemicals.com/jp/service/sds/index.htm -> 200 (len=121307)
2025-08-23 01:11:49,512 | INFO    | scraper.email_extractor |   0 emails on https://jp.mitsuichemicals.com/jp/service/sds/index.htm (def from text)
2025-08-23 01:11:49,546 | DEBUG   | scraper.email_extractor |   0 emails on https://jp.mitsuichemicals.com/jp/service/sds/index.htm (def from html)
2025-08-23 01:11:49,863 | DEBUG   | scraper.async_http_client | Async GET https://walter-schmidt-chemie.de/kontakt/inhaltsverzeichnis.html -> 200 (len=29253)
2025-08-23 01:11:49,880 | INFO    | scraper.email_extractor |   0 emails on https://walter-schmidt-chemie.de/kontakt/inhaltsverzeichnis.html (def from text)
2025-08-23 01:11:49,893 | DEBUG   | scraper.email_extractor |   0 emails on https://walter-schmidt-chemie.de/kontakt/inhaltsverzeichnis.html (def from html)
2025-08-23 01:11:49,919 | DEBUG   | scraper.async_http_client | Async GET https://www.speedyfuels.co.uk/lubricant-health-check/ -> 200 (len=257026)
2025-08-23 01:11:49,965 | INFO    | scraper.email_extractor |   0 emails on https://www.speedyfuels.co.uk/lubricant-health-check/ (def from text)
2025-08-23 01:11:49,988 | DEBUG   | scraper.email_extractor |   0 emails on https://www.speedyfuels.co.uk/lubricant-health-check/ (def from html)
2025-08-23 01:11:50,389 | DEBUG   | scraper.async_http_client | Async GET https://daf.com/en/about-daf/daf-history/clever-solutions -> 200 (len=89533)
2025-08-23 01:11:50,422 | INFO    | scraper.email_extractor |   0 emails on https://daf.com/en/about-daf/daf-history/clever-solutions (def from text)
2025-08-23 01:11:50,448 | DEBUG   | scraper.email_extractor |   0 emails on https://daf.com/en/about-daf/daf-history/clever-solutions (def from html)
2025-08-23 01:11:50,474 | DEBUG   | scraper.async_http_client | Async GET https://jp.mitsuichemicals.com/jp/techno/index.htm -> 200 (len=123513)
2025-08-23 01:11:50,509 | INFO    | scraper.email_extractor |   0 emails on https://jp.mitsuichemicals.com/jp/techno/index.htm (def from text)
2025-08-23 01:11:50,538 | DEBUG   | scraper.email_extractor |   0 emails on https://jp.mitsuichemicals.com/jp/techno/index.htm (def from html)
2025-08-23 01:11:50,704 | DEBUG   | scraper.async_http_client | Async GET https://walter-schmidt-chemie.de/kontakt/meldeplattform-hinschg/ -> 200 (len=7453)
2025-08-23 01:11:50,706 | INFO    | scraper.email_extractor |   0 emails on https://walter-schmidt-chemie.de/kontakt/meldeplattform-hinschg/ (def from text)
2025-08-23 01:11:50,707 | DEBUG   | scraper.email_extractor |   0 emails on https://walter-schmidt-chemie.de/kontakt/meldeplattform-hinschg/ (def from html)
2025-08-23 01:11:50,925 | DEBUG   | scraper.async_http_client | Async GET https://www.speedyfuels.co.uk/services/ -> 200 (len=265133)
2025-08-23 01:11:50,973 | INFO    | scraper.email_extractor |   0 emails on https://www.speedyfuels.co.uk/services/ (def from text)
2025-08-23 01:11:51,168 | DEBUG   | scraper.email_extractor |   0 emails on https://www.speedyfuels.co.uk/services/ (def from html)
2025-08-23 01:11:51,441 | DEBUG   | scraper.async_http_client | Async GET https://daf.com/en/about-daf/daf-history/past-and-present -> 200 (len=86449)
2025-08-23 01:11:51,474 | INFO    | scraper.email_extractor |   0 emails on https://daf.com/en/about-daf/daf-history/past-and-present (def from text)
2025-08-23 01:11:51,502 | DEBUG   | scraper.email_extractor |   0 emails on https://daf.com/en/about-daf/daf-history/past-and-present (def from html)
2025-08-23 01:11:51,528 | DEBUG   | scraper.async_http_client | Async GET https://jp.mitsuichemicals.com/jp/techno/message/index.htm -> 200 (len=104477)
2025-08-23 01:11:51,562 | INFO    | scraper.email_extractor |   0 emails on https://jp.mitsuichemicals.com/jp/techno/message/index.htm (def from text)
2025-08-23 01:11:51,591 | DEBUG   | scraper.email_extractor |   0 emails on https://jp.mitsuichemicals.com/jp/techno/message/index.htm (def from html)
2025-08-23 01:11:51,619 | DEBUG   | scraper.async_http_client | Async GET https://walter-schmidt-chemie.de/kontakt/datenschutzerklaerung.html -> 200 (len=34282)
2025-08-23 01:11:51,634 | DEBUG   | scraper.email_extractor | Attempting to clean 'info@walter-schmidt-chemie.de'
2025-08-23 01:11:51,634 | DEBUG   | scraper.email_extractor | Successfully cleaned 'info@walter-schmidt-chemie.de' → 'info@walter-schmidt-chemie.de'
2025-08-23 01:11:51,635 | DEBUG   | scraper.email_extractor | Attempting to clean 'Datenschutz@walter-schmidt-chemie.de'
2025-08-23 01:11:51,635 | DEBUG   | scraper.email_extractor | Successfully cleaned 'Datenschutz@walter-schmidt-chemie.de' → 'datenschutz@walter-schmidt-chemie.de'
2025-08-23 01:11:51,635 | DEBUG   | scraper.email_extractor | Attempting to clean 'datenschutz@schmidt-zement.de'
2025-08-23 01:11:51,635 | DEBUG   | scraper.email_extractor | Successfully cleaned 'datenschutz@schmidt-zement.de' → 'datenschutz@schmidt-zement.de'
2025-08-23 01:11:51,636 | INFO    | scraper.email_extractor |   3 emails on https://walter-schmidt-chemie.de/kontakt/datenschutzerklaerung.html (def from text)
2025-08-23 01:11:51,636 | DEBUG   | scraper.hybrid_email_extractor | Static text hits: 3 on https://walter-schmidt-chemie.de/kontakt/datenschutzerklaerung.html
2025-08-23 01:11:51,636 | DEBUG   | scraper.async_orchestrator | [CRAWL] https://walter-schmidt-chemie.de/kontakt/datenschutzerklaerung.html +2 (total=3)
2025-08-23 01:11:51,647 | DEBUG   | scraper.async_orchestrator | Summary walter-schmidt-chemie.de raw=3 filtered=3 valid=3
2025-08-23 01:11:51,648 | INFO    | scraper.async_orchestrator | ✅ Found 3 emails for walter schmidt chemie gmbh (walter-schmidt-chemie.de)
2025-08-23 01:11:51,929 | DEBUG   | scraper.async_http_client | Async GET https://www.speedyfuels.co.uk/services/fuel-management/ -> 200 (len=260030)
2025-08-23 01:11:51,980 | INFO    | scraper.email_extractor |   0 emails on https://www.speedyfuels.co.uk/services/fuel-management/ (def from text)
2025-08-23 01:11:52,003 | DEBUG   | scraper.email_extractor |   0 emails on https://www.speedyfuels.co.uk/services/fuel-management/ (def from html)
2025-08-23 01:11:52,431 | DEBUG   | scraper.async_http_client | Async GET https://jp.mitsuichemicals.com/jp/techno/information/2025/index.htm -> 200 (len=107177)
2025-08-23 01:11:52,467 | INFO    | scraper.email_extractor |   0 emails on https://jp.mitsuichemicals.com/jp/techno/information/2025/index.htm (def from text)
2025-08-23 01:11:52,499 | DEBUG   | scraper.email_extractor |   0 emails on https://jp.mitsuichemicals.com/jp/techno/information/2025/index.htm (def from html)
2025-08-23 01:11:52,532 | DEBUG   | scraper.async_http_client | Async GET https://daf.com/en/about-daf/daf-history/timeline -> 200 (len=126794)
2025-08-23 01:11:52,567 | INFO    | scraper.email_extractor |   0 emails on https://daf.com/en/about-daf/daf-history/timeline (def from text)
2025-08-23 01:11:52,605 | DEBUG   | scraper.email_extractor |   0 emails on https://daf.com/en/about-daf/daf-history/timeline (def from html)
2025-08-23 01:11:52,927 | DEBUG   | scraper.async_http_client | Async GET https://www.speedyfuels.co.uk/services/fuel-polishing/ -> 200 (len=260063)
2025-08-23 01:11:52,975 | INFO    | scraper.email_extractor |   0 emails on https://www.speedyfuels.co.uk/services/fuel-polishing/ (def from text)
2025-08-23 01:11:52,997 | DEBUG   | scraper.email_extractor |   0 emails on https://www.speedyfuels.co.uk/services/fuel-polishing/ (def from html)
2025-08-23 01:11:53,384 | DEBUG   | scraper.async_http_client | Async GET https://daf.com/en/about-daf/sustainability -> 200 (len=88408)
2025-08-23 01:11:53,418 | INFO    | scraper.email_extractor |   0 emails on https://daf.com/en/about-daf/sustainability (def from text)
2025-08-23 01:11:53,446 | DEBUG   | scraper.email_extractor |   0 emails on https://daf.com/en/about-daf/sustainability (def from html)
2025-08-23 01:11:53,471 | DEBUG   | scraper.async_http_client | Async GET https://jp.mitsuichemicals.com/jp/techno/strategy/index.htm -> 200 (len=107593)
2025-08-23 01:11:53,502 | INFO    | scraper.email_extractor |   0 emails on https://jp.mitsuichemicals.com/jp/techno/strategy/index.htm (def from text)
2025-08-23 01:11:53,531 | DEBUG   | scraper.email_extractor |   0 emails on https://jp.mitsuichemicals.com/jp/techno/strategy/index.htm (def from html)
2025-08-23 01:11:53,923 | DEBUG   | scraper.async_http_client | Async GET https://www.speedyfuels.co.uk/services/fuel-testing-and-sampling/ -> 200 (len=258752)
2025-08-23 01:11:53,971 | INFO    | scraper.email_extractor |   0 emails on https://www.speedyfuels.co.uk/services/fuel-testing-and-sampling/ (def from text)
2025-08-23 01:11:53,993 | DEBUG   | scraper.email_extractor |   0 emails on https://www.speedyfuels.co.uk/services/fuel-testing-and-sampling/ (def from html)
2025-08-23 01:11:54,364 | DEBUG   | scraper.async_http_client | Async GET https://daf.com/en/about-daf/sustainability/environment-emission-reduction -> 200 (len=93534)
2025-08-23 01:11:54,399 | INFO    | scraper.email_extractor |   0 emails on https://daf.com/en/about-daf/sustainability/environment-emission-reduction (def from text)
2025-08-23 01:11:54,430 | DEBUG   | scraper.email_extractor |   0 emails on https://daf.com/en/about-daf/sustainability/environment-emission-reduction (def from html)
2025-08-23 01:11:54,457 | DEBUG   | scraper.async_http_client | Async GET https://jp.mitsuichemicals.com/jp/techno/labo/index.htm -> 200 (len=151858)
2025-08-23 01:11:54,498 | INFO    | scraper.email_extractor |   0 emails on https://jp.mitsuichemicals.com/jp/techno/labo/index.htm (def from text)
2025-08-23 01:11:54,532 | DEBUG   | scraper.email_extractor |   0 emails on https://jp.mitsuichemicals.com/jp/techno/labo/index.htm (def from html)
2025-08-23 01:11:54,927 | DEBUG   | scraper.async_http_client | Async GET https://www.speedyfuels.co.uk/services/fuel-uplift/ -> 200 (len=259510)
2025-08-23 01:11:54,987 | INFO    | scraper.email_extractor |   0 emails on https://www.speedyfuels.co.uk/services/fuel-uplift/ (def from text)
2025-08-23 01:11:55,013 | DEBUG   | scraper.email_extractor |   0 emails on https://www.speedyfuels.co.uk/services/fuel-uplift/ (def from html)
2025-08-23 01:11:55,304 | DEBUG   | scraper.async_http_client | Async GET https://daf.com/en/about-daf/sustainability/environment-circularity -> 200 (len=91023)
2025-08-23 01:11:55,339 | INFO    | scraper.email_extractor |   0 emails on https://daf.com/en/about-daf/sustainability/environment-circularity (def from text)
2025-08-23 01:11:55,374 | DEBUG   | scraper.email_extractor |   0 emails on https://daf.com/en/about-daf/sustainability/environment-circularity (def from html)
2025-08-23 01:11:55,444 | DEBUG   | scraper.async_http_client | Async GET https://jp.mitsuichemicals.com/jp/techno/core_technology/precision_synthesis/index.htm -> 200 (len=122376)
2025-08-23 01:11:55,483 | INFO    | scraper.email_extractor |   0 emails on https://jp.mitsuichemicals.com/jp/techno/core_technology/precision_synthesis/index.htm (def from text)
2025-08-23 01:11:55,513 | DEBUG   | scraper.email_extractor |   0 emails on https://jp.mitsuichemicals.com/jp/techno/core_technology/precision_synthesis/index.htm (def from html)
2025-08-23 01:11:55,925 | DEBUG   | scraper.async_http_client | Async GET https://www.speedyfuels.co.uk/services/nationwide-fuel-delivery/ -> 200 (len=263937)
2025-08-23 01:11:55,989 | INFO    | scraper.email_extractor |   0 emails on https://www.speedyfuels.co.uk/services/nationwide-fuel-delivery/ (def from text)
2025-08-23 01:11:56,017 | DEBUG   | scraper.email_extractor |   0 emails on https://www.speedyfuels.co.uk/services/nationwide-fuel-delivery/ (def from html)
2025-08-23 01:11:56,436 | DEBUG   | scraper.async_http_client | Async GET https://jp.mitsuichemicals.com/jp/techno/open/index.htm -> 200 (len=99347)
2025-08-23 01:11:56,474 | INFO    | scraper.email_extractor |   0 emails on https://jp.mitsuichemicals.com/jp/techno/open/index.htm (def from text)
2025-08-23 01:11:56,498 | DEBUG   | scraper.email_extractor |   0 emails on https://jp.mitsuichemicals.com/jp/techno/open/index.htm (def from html)
2025-08-23 01:11:56,641 | DEBUG   | scraper.async_http_client | Async GET https://daf.com/en/about-daf/sustainability/care-for-people -> 200 (len=93504)
2025-08-23 01:11:56,680 | INFO    | scraper.email_extractor |   0 emails on https://daf.com/en/about-daf/sustainability/care-for-people (def from text)
2025-08-23 01:11:56,713 | DEBUG   | scraper.email_extractor |   0 emails on https://daf.com/en/about-daf/sustainability/care-for-people (def from html)
2025-08-23 01:11:56,740 | DEBUG   | scraper.async_orchestrator | Summary daf.com raw=2 filtered=2 valid=2
2025-08-23 01:11:56,741 | INFO    | scraper.async_orchestrator | ✅ Found 2 emails for daf trucks (daf.com)
2025-08-23 01:11:56,924 | DEBUG   | scraper.async_http_client | Async GET https://www.speedyfuels.co.uk/services/priority-contracts/ -> 200 (len=261284)
2025-08-23 01:11:56,975 | INFO    | scraper.email_extractor |   0 emails on https://www.speedyfuels.co.uk/services/priority-contracts/ (def from text)
2025-08-23 01:11:56,998 | DEBUG   | scraper.email_extractor |   0 emails on https://www.speedyfuels.co.uk/services/priority-contracts/ (def from html)
2025-08-23 01:11:57,425 | DEBUG   | scraper.async_http_client | Async GET https://jp.mitsuichemicals.com/jp/techno/prize/past_2023/index.htm -> 200 (len=114899)
2025-08-23 01:11:57,471 | INFO    | scraper.email_extractor |   0 emails on https://jp.mitsuichemicals.com/jp/techno/prize/past_2023/index.htm (def from text)
2025-08-23 01:11:57,507 | DEBUG   | scraper.email_extractor |   0 emails on https://jp.mitsuichemicals.com/jp/techno/prize/past_2023/index.htm (def from html)
2025-08-23 01:11:57,925 | DEBUG   | scraper.async_http_client | Async GET https://www.speedyfuels.co.uk/environment/alternative-fuels/ -> 200 (len=244732)
2025-08-23 01:11:57,974 | INFO    | scraper.email_extractor |   0 emails on https://www.speedyfuels.co.uk/environment/alternative-fuels/ (def from text)
2025-08-23 01:11:57,994 | DEBUG   | scraper.email_extractor |   0 emails on https://www.speedyfuels.co.uk/environment/alternative-fuels/ (def from html)
2025-08-23 01:11:58,540 | DEBUG   | scraper.async_http_client | Async GET https://jp.mitsuichemicals.com/jp/techno/csa/index.htm -> 200 (len=113846)
2025-08-23 01:11:58,591 | INFO    | scraper.email_extractor |   0 emails on https://jp.mitsuichemicals.com/jp/techno/csa/index.htm (def from text)
2025-08-23 01:11:58,624 | DEBUG   | scraper.email_extractor |   0 emails on https://jp.mitsuichemicals.com/jp/techno/csa/index.htm (def from html)
2025-08-23 01:11:58,930 | DEBUG   | scraper.async_http_client | Async GET https://www.speedyfuels.co.uk/services/waste-fuels-removal/ -> 200 (len=258067)
2025-08-23 01:11:58,980 | INFO    | scraper.email_extractor |   0 emails on https://www.speedyfuels.co.uk/services/waste-fuels-removal/ (def from text)
2025-08-23 01:11:59,003 | DEBUG   | scraper.email_extractor |   0 emails on https://www.speedyfuels.co.uk/services/waste-fuels-removal/ (def from html)
2025-08-23 01:11:59,475 | DEBUG   | scraper.async_http_client | Async GET https://jp.mitsuichemicals.com/jp/techno/ip/index.htm -> 200 (len=108127)
2025-08-23 01:11:59,515 | INFO    | scraper.email_extractor |   0 emails on https://jp.mitsuichemicals.com/jp/techno/ip/index.htm (def from text)
2025-08-23 01:11:59,540 | DEBUG   | scraper.email_extractor |   0 emails on https://jp.mitsuichemicals.com/jp/techno/ip/index.htm (def from html)
2025-08-23 01:11:59,928 | DEBUG   | scraper.async_http_client | Async GET https://www.speedyfuels.co.uk/tank-services/ -> 200 (len=259845)
2025-08-23 01:11:59,974 | INFO    | scraper.email_extractor |   0 emails on https://www.speedyfuels.co.uk/tank-services/ (def from text)
2025-08-23 01:12:00,002 | DEBUG   | scraper.email_extractor |   0 emails on https://www.speedyfuels.co.uk/tank-services/ (def from html)
2025-08-23 01:12:00,485 | DEBUG   | scraper.async_http_client | Async GET https://jp.mitsuichemicals.com/jp/techno/feature/index.htm -> 200 (len=117334)
2025-08-23 01:12:00,542 | INFO    | scraper.email_extractor |   0 emails on https://jp.mitsuichemicals.com/jp/techno/feature/index.htm (def from text)
2025-08-23 01:12:00,571 | DEBUG   | scraper.email_extractor |   0 emails on https://jp.mitsuichemicals.com/jp/techno/feature/index.htm (def from html)
2025-08-23 01:12:00,920 | DEBUG   | scraper.async_http_client | Async GET https://www.speedyfuels.co.uk/services/industrial-tank-cleaning/ -> 200 (len=259202)
2025-08-23 01:12:00,967 | INFO    | scraper.email_extractor |   0 emails on https://www.speedyfuels.co.uk/services/industrial-tank-cleaning/ (def from text)
2025-08-23 01:12:00,994 | DEBUG   | scraper.email_extractor |   0 emails on https://www.speedyfuels.co.uk/services/industrial-tank-cleaning/ (def from html)
2025-08-23 01:12:01,505 | DEBUG   | scraper.async_http_client | Async GET https://jp.mitsuichemicals.com/jp/sustainability/index.htm -> 200 (len=194480)
2025-08-23 01:12:01,556 | INFO    | scraper.email_extractor |   0 emails on https://jp.mitsuichemicals.com/jp/sustainability/index.htm (def from text)
2025-08-23 01:12:01,591 | DEBUG   | scraper.email_extractor |   0 emails on https://jp.mitsuichemicals.com/jp/sustainability/index.htm (def from html)
2025-08-23 01:12:01,917 | DEBUG   | scraper.async_http_client | Async GET https://www.speedyfuels.co.uk/services/industrial-tank-foam-filling/ -> 200 (len=259296)
2025-08-23 01:12:01,968 | INFO    | scraper.email_extractor |   0 emails on https://www.speedyfuels.co.uk/services/industrial-tank-foam-filling/ (def from text)
2025-08-23 01:12:01,993 | DEBUG   | scraper.email_extractor |   0 emails on https://www.speedyfuels.co.uk/services/industrial-tank-foam-filling/ (def from html)
2025-08-23 01:12:02,570 | DEBUG   | scraper.async_http_client | Async GET https://jp.mitsuichemicals.com/jp/sustainability/message/index.htm -> 200 (len=124066)
2025-08-23 01:12:02,600 | INFO    | scraper.email_extractor |   0 emails on https://jp.mitsuichemicals.com/jp/sustainability/message/index.htm (def from text)
2025-08-23 01:12:02,630 | DEBUG   | scraper.email_extractor |   0 emails on https://jp.mitsuichemicals.com/jp/sustainability/message/index.htm (def from html)
2025-08-23 01:12:02,968 | DEBUG   | scraper.async_http_client | Async GET https://www.speedyfuels.co.uk/services/industrial-tank-lining/ -> 200 (len=258730)
2025-08-23 01:12:03,019 | INFO    | scraper.email_extractor |   0 emails on https://www.speedyfuels.co.uk/services/industrial-tank-lining/ (def from text)
2025-08-23 01:12:03,047 | DEBUG   | scraper.email_extractor |   0 emails on https://www.speedyfuels.co.uk/services/industrial-tank-lining/ (def from html)
2025-08-23 01:12:03,448 | DEBUG   | scraper.async_http_client | Async GET https://jp.mitsuichemicals.com/jp/sustainability/information/2025/index.htm -> 200 (len=113376)
2025-08-23 01:12:03,488 | INFO    | scraper.email_extractor |   0 emails on https://jp.mitsuichemicals.com/jp/sustainability/information/2025/index.htm (def from text)
2025-08-23 01:12:03,552 | DEBUG   | scraper.email_extractor |   0 emails on https://jp.mitsuichemicals.com/jp/sustainability/information/2025/index.htm (def from html)
2025-08-23 01:12:03,928 | DEBUG   | scraper.async_http_client | Async GET https://www.speedyfuels.co.uk/services/oil-tank-telemetry/ -> 200 (len=261340)
2025-08-23 01:12:03,978 | INFO    | scraper.email_extractor |   0 emails on https://www.speedyfuels.co.uk/services/oil-tank-telemetry/ (def from text)
2025-08-23 01:12:04,007 | DEBUG   | scraper.email_extractor |   0 emails on https://www.speedyfuels.co.uk/services/oil-tank-telemetry/ (def from html)
2025-08-23 01:12:04,434 | DEBUG   | scraper.async_http_client | Async GET https://jp.mitsuichemicals.com/jp/sustainability/mci_sustainability/index.htm -> 200 (len=108415)
2025-08-23 01:12:04,468 | INFO    | scraper.email_extractor |   0 emails on https://jp.mitsuichemicals.com/jp/sustainability/mci_sustainability/index.htm (def from text)
2025-08-23 01:12:04,493 | DEBUG   | scraper.email_extractor |   0 emails on https://jp.mitsuichemicals.com/jp/sustainability/mci_sustainability/index.htm (def from html)
2025-08-23 01:12:04,921 | DEBUG   | scraper.async_http_client | Async GET https://www.speedyfuels.co.uk/resources/ -> 200 (len=262612)
2025-08-23 01:12:04,973 | INFO    | scraper.email_extractor |   0 emails on https://www.speedyfuels.co.uk/resources/ (def from text)
2025-08-23 01:12:04,998 | DEBUG   | scraper.email_extractor |   0 emails on https://www.speedyfuels.co.uk/resources/ (def from html)
2025-08-23 01:12:05,441 | DEBUG   | scraper.async_http_client | Async GET https://jp.mitsuichemicals.com/jp/sustainability/risk_compliance/index.htm -> 200 (len=106674)
2025-08-23 01:12:05,481 | INFO    | scraper.email_extractor |   0 emails on https://jp.mitsuichemicals.com/jp/sustainability/risk_compliance/index.htm (def from text)
2025-08-23 01:12:05,507 | DEBUG   | scraper.email_extractor |   0 emails on https://jp.mitsuichemicals.com/jp/sustainability/risk_compliance/index.htm (def from html)
2025-08-23 01:12:05,917 | DEBUG   | scraper.async_http_client | Async GET https://www.speedyfuels.co.uk/faqs/ -> 200 (len=259245)
2025-08-23 01:12:05,973 | INFO    | scraper.email_extractor |   0 emails on https://www.speedyfuels.co.uk/faqs/ (def from text)
2025-08-23 01:12:06,005 | DEBUG   | scraper.email_extractor |   0 emails on https://www.speedyfuels.co.uk/faqs/ (def from html)
2025-08-23 01:12:06,441 | DEBUG   | scraper.async_http_client | Async GET https://jp.mitsuichemicals.com/jp/sustainability/rc/index.htm -> 200 (len=112868)
2025-08-23 01:12:06,474 | INFO    | scraper.email_extractor |   0 emails on https://jp.mitsuichemicals.com/jp/sustainability/rc/index.htm (def from text)
2025-08-23 01:12:06,500 | DEBUG   | scraper.email_extractor |   0 emails on https://jp.mitsuichemicals.com/jp/sustainability/rc/index.htm (def from html)
2025-08-23 01:12:06,923 | DEBUG   | scraper.async_http_client | Async GET https://www.speedyfuels.co.uk/guides/ -> 200 (len=259352)
2025-08-23 01:12:06,976 | INFO    | scraper.email_extractor |   0 emails on https://www.speedyfuels.co.uk/guides/ (def from text)
2025-08-23 01:12:07,003 | DEBUG   | scraper.email_extractor |   0 emails on https://www.speedyfuels.co.uk/guides/ (def from html)
2025-08-23 01:12:07,430 | DEBUG   | scraper.async_http_client | Async GET https://jp.mitsuichemicals.com/jp/sustainability/society/index.htm -> 200 (len=106866)
2025-08-23 01:12:07,468 | INFO    | scraper.email_extractor |   0 emails on https://jp.mitsuichemicals.com/jp/sustainability/society/index.htm (def from text)
2025-08-23 01:12:07,496 | DEBUG   | scraper.email_extractor |   0 emails on https://jp.mitsuichemicals.com/jp/sustainability/society/index.htm (def from html)
2025-08-23 01:12:07,958 | DEBUG   | scraper.async_http_client | Async GET https://www.speedyfuels.co.uk/guides/fuel-storage-regulations/ -> 200 (len=275077)
2025-08-23 01:12:08,019 | INFO    | scraper.email_extractor |   0 emails on https://www.speedyfuels.co.uk/guides/fuel-storage-regulations/ (def from text)
2025-08-23 01:12:08,050 | DEBUG   | scraper.email_extractor |   0 emails on https://www.speedyfuels.co.uk/guides/fuel-storage-regulations/ (def from html)
2025-08-23 01:12:08,449 | DEBUG   | scraper.async_http_client | Async GET https://jp.mitsuichemicals.com/jp/sustainability/esg_performance/environment/index.htm -> 200 (len=199008)
2025-08-23 01:12:08,516 | INFO    | scraper.email_extractor |   0 emails on https://jp.mitsuichemicals.com/jp/sustainability/esg_performance/environment/index.htm (def from text)
2025-08-23 01:12:08,589 | DEBUG   | scraper.email_extractor |   0 emails on https://jp.mitsuichemicals.com/jp/sustainability/esg_performance/environment/index.htm (def from html)
2025-08-23 01:12:08,934 | DEBUG   | scraper.async_http_client | Async GET https://www.speedyfuels.co.uk/downloads/ -> 200 (len=263795)
2025-08-23 01:12:08,988 | INFO    | scraper.email_extractor |   0 emails on https://www.speedyfuels.co.uk/downloads/ (def from text)
2025-08-23 01:12:09,016 | DEBUG   | scraper.email_extractor |   0 emails on https://www.speedyfuels.co.uk/downloads/ (def from html)
2025-08-23 01:12:09,473 | DEBUG   | scraper.async_http_client | Async GET https://jp.mitsuichemicals.com/jp/sustainability/others/index.htm -> 200 (len=99496)
2025-08-23 01:12:09,508 | INFO    | scraper.email_extractor |   0 emails on https://jp.mitsuichemicals.com/jp/sustainability/others/index.htm (def from text)
2025-08-23 01:12:09,727 | DEBUG   | scraper.email_extractor |   0 emails on https://jp.mitsuichemicals.com/jp/sustainability/others/index.htm (def from html)
2025-08-23 01:12:09,922 | DEBUG   | scraper.async_http_client | Async GET https://www.speedyfuels.co.uk/news/ -> 200 (len=262197)
2025-08-23 01:12:09,981 | INFO    | scraper.email_extractor |   0 emails on https://www.speedyfuels.co.uk/news/ (def from text)
2025-08-23 01:12:10,009 | DEBUG   | scraper.email_extractor |   0 emails on https://www.speedyfuels.co.uk/news/ (def from html)
2025-08-23 01:12:10,411 | DEBUG   | scraper.async_http_client | Async GET https://jp.mitsuichemicals.com/jp/sustainability/beplayer-replayer/index.htm -> 200 (len=28146)
2025-08-23 01:12:10,428 | INFO    | scraper.email_extractor |   0 emails on https://jp.mitsuichemicals.com/jp/sustainability/beplayer-replayer/index.htm (def from text)
2025-08-23 01:12:10,438 | DEBUG   | scraper.email_extractor |   0 emails on https://jp.mitsuichemicals.com/jp/sustainability/beplayer-replayer/index.htm (def from html)
2025-08-23 01:12:10,449 | DEBUG   | scraper.async_orchestrator | Summary jp.mitsuichemicals.com raw=1 filtered=1 valid=1
2025-08-23 01:12:10,449 | INFO    | scraper.async_orchestrator | ✅ Found 1 emails for mitsui toatsu chemicals  (jp.mitsuichemicals.com)
2025-08-23 01:12:10,937 | DEBUG   | scraper.async_http_client | Async GET https://www.speedyfuels.co.uk/resources/tank-size-calculator/ -> 200 (len=260778)
2025-08-23 01:12:10,989 | INFO    | scraper.email_extractor |   0 emails on https://www.speedyfuels.co.uk/resources/tank-size-calculator/ (def from text)
2025-08-23 01:12:11,013 | DEBUG   | scraper.email_extractor |   0 emails on https://www.speedyfuels.co.uk/resources/tank-size-calculator/ (def from html)
2025-08-23 01:12:11,229 | DEBUG   | scraper.async_http_client | Async GET https://sustainability.speedyfuels.co.uk/carbon-calculator/ -> 200 (len=184651)
2025-08-23 01:12:11,310 | INFO    | scraper.email_extractor |   0 emails on https://sustainability.speedyfuels.co.uk/carbon-calculator/ (def from text)
2025-08-23 01:12:11,393 | DEBUG   | scraper.email_extractor |   0 emails on https://sustainability.speedyfuels.co.uk/carbon-calculator/ (def from html)
2025-08-23 01:12:12,027 | DEBUG   | scraper.async_http_client | Async GET https://www.speedyfuels.co.uk/about-us/ -> 200 (len=264989)
2025-08-23 01:12:12,077 | INFO    | scraper.email_extractor |   0 emails on https://www.speedyfuels.co.uk/about-us/ (def from text)
2025-08-23 01:12:12,103 | DEBUG   | scraper.email_extractor |   0 emails on https://www.speedyfuels.co.uk/about-us/ (def from html)
2025-08-23 01:12:12,927 | DEBUG   | scraper.async_http_client | Async GET https://www.speedyfuels.co.uk/environment/ -> 200 (len=265817)
2025-08-23 01:12:12,984 | INFO    | scraper.email_extractor |   0 emails on https://www.speedyfuels.co.uk/environment/ (def from text)
2025-08-23 01:12:13,010 | DEBUG   | scraper.email_extractor |   0 emails on https://www.speedyfuels.co.uk/environment/ (def from html)
2025-08-23 01:12:13,954 | DEBUG   | scraper.async_http_client | Async GET https://speedyfuels.co.uk -> 200 (len=276481)
2025-08-23 01:12:13,954 | INFO    | scraper.async_http_client | Starting async batch request for 5 URLs
2025-08-23 01:12:16,505 | DEBUG   | scraper.async_http_client | Async GET https://speedyfuels.co.uk/contact/ -> 404 (len=258091)
2025-08-23 01:12:16,515 | DEBUG   | scraper.async_http_client | Async GET https://speedyfuels.co.uk/kontakt -> 404 (len=258074)
2025-08-23 01:12:16,533 | DEBUG   | scraper.async_http_client | Async GET https://speedyfuels.co.uk/contacts/ -> 404 (len=258210)
2025-08-23 01:12:16,535 | DEBUG   | scraper.async_http_client | Async GET https://speedyfuels.co.uk/contact -> 404 (len=258074)
2025-08-23 01:12:16,542 | DEBUG   | scraper.async_http_client | Async GET https://speedyfuels.co.uk/contacts -> 404 (len=258108)
2025-08-23 01:12:16,542 | INFO    | scraper.async_http_client | Async batch request completed: 5/5 successful in 2.59 seconds (1.93 requests/sec)
2025-08-23 01:12:17,319 | INFO    | scraper.async_browser_service | AsyncBrowserService started (headless=True, concurrent=8)
2025-08-23 01:12:19,040 | DEBUG   | scraper.async_orchestrator | Async JS render failed for speedyfuels.co.uk: module 'scraper.email_extractor' has no attribute 'extract_emails_from_content'
2025-08-23 01:12:19,040 | DEBUG   | scraper.async_orchestrator | Summary speedyfuels.co.uk raw=0 filtered=0 valid=0
2025-08-23 01:12:19,040 | DEBUG   | scraper.async_orchestrator | No emails found for speedy fuels (speedyfuels.co.uk)
2025-08-23 01:12:19,046 | INFO    | scraper.async_http_client | Async HTTP client closed
2025-08-23 01:12:19,047 | DEBUG   | scraper.async_google_search | Async Google API session closed
2025-08-23 01:12:19,091 | ERROR   | scraper.cli          | Failed final Excel write: [WinError 5] Zugriff verweigert: 'C:\\Users\\julia\\AppData\\Local\\Temp\\tmpxtzqpksc.xlsx' -> 'results.xlsx'
2025-08-23 01:12:19,094 | WARNING | scraper.cli          | Wrote fallback CSV instead: results.csv
2025-08-23 01:12:19,096 | INFO    | scraper.browser_service | BrowserService shutdown complete
2025-08-23 01:12:19,097 | INFO    | scraper.cli          | BrowserService: shutdown complete
