2025-08-23 01:47:08,777 | DEBUG   | scraper.output_formatter | Output formatter initialized (verbose=True)
2025-08-23 01:47:08,778 | INFO    | scraper.cli          | Email scraper starting
2025-08-23 01:47:08,778 | INFO    | scraper.cli          | Input file: test_input.xlsx
2025-08-23 01:47:08,778 | INFO    | scraper.cli          | Output file: results.xlsx
2025-08-23 01:47:08,778 | INFO    | scraper.cli          | Workers: 16
2025-08-23 01:47:08,778 | INFO    | scraper.cli          | Domain threshold: 65
2025-08-23 01:47:08,778 | INFO    | scraper.cli          | Max pages: 50
2025-08-23 01:47:08,793 | INFO    | scraper.cli          | Process PDFs: False
2025-08-23 01:47:08,793 | INFO    | scraper.cli          | Save domain only: False
2025-08-23 01:47:08,793 | INFO    | scraper.config       | Updated max workers to 16
2025-08-23 01:47:08,980 | INFO    | scraper.cli          | Loaded 8 companies from test_input.xlsx
2025-08-23 01:47:09,193 | INFO    | scraper.regex_cache  | Precompiling 11 regex patterns
2025-08-23 01:47:09,194 | DEBUG   | scraper.regex_cache  | Compiled and cached regex pattern: (?i)(?<![A-Z0-9._%+-])[A-Z0-9._%+-]+@(?:[A-Z0-9-]+ (0.710ms)
2025-08-23 01:47:09,194 | DEBUG   | scraper.regex_cache  | Precompiled pattern 'email_basic'
2025-08-23 01:47:09,195 | DEBUG   | scraper.regex_cache  | Compiled and cached regex pattern: mailto: (0.046ms)
2025-08-23 01:47:09,195 | DEBUG   | scraper.regex_cache  | Precompiled pattern 'mailto'
2025-08-23 01:47:09,195 | DEBUG   | scraper.regex_cache  | Compiled and cached regex pattern: 
            (?P<user>[A-Za-z0-9._%+-]+)           (0.506ms)
2025-08-23 01:47:09,195 | DEBUG   | scraper.regex_cache  | Precompiled pattern 'obfuscated_email'
2025-08-23 01:47:09,196 | DEBUG   | scraper.regex_cache  | Compiled and cached regex pattern: noreply@ (0.046ms)
2025-08-23 01:47:09,196 | DEBUG   | scraper.regex_cache  | Precompiled pattern 'noreply'
2025-08-23 01:47:09,196 | DEBUG   | scraper.regex_cache  | Compiled and cached regex pattern: donotreply@ (0.044ms)
2025-08-23 01:47:09,196 | DEBUG   | scraper.regex_cache  | Precompiled pattern 'donotreply'
2025-08-23 01:47:09,196 | DEBUG   | scraper.regex_cache  | Compiled and cached regex pattern: no-reply@ (0.032ms)
2025-08-23 01:47:09,196 | DEBUG   | scraper.regex_cache  | Precompiled pattern 'no_reply'
2025-08-23 01:47:09,196 | DEBUG   | scraper.regex_cache  | Compiled and cached regex pattern: webmaster@ (0.040ms)
2025-08-23 01:47:09,196 | DEBUG   | scraper.regex_cache  | Precompiled pattern 'webmaster'
2025-08-23 01:47:09,197 | DEBUG   | scraper.regex_cache  | Compiled and cached regex pattern: hostmaster@ (0.034ms)
2025-08-23 01:47:09,197 | DEBUG   | scraper.regex_cache  | Precompiled pattern 'hostmaster'
2025-08-23 01:47:09,197 | DEBUG   | scraper.regex_cache  | Compiled and cached regex pattern: postmaster@ (0.035ms)
2025-08-23 01:47:09,197 | DEBUG   | scraper.regex_cache  | Precompiled pattern 'postmaster'
2025-08-23 01:47:09,197 | DEBUG   | scraper.regex_cache  | Compiled and cached regex pattern: \.(?:png|jpe?g|gif)$ (0.062ms)
2025-08-23 01:47:09,197 | DEBUG   | scraper.regex_cache  | Precompiled pattern 'image_extensions'
2025-08-23 01:47:09,197 | DEBUG   | scraper.regex_cache  | Compiled and cached regex pattern: ^[0-9a-f]{20,}$ (0.067ms)
2025-08-23 01:47:09,197 | DEBUG   | scraper.regex_cache  | Precompiled pattern 'hex_local_parts'
2025-08-23 01:47:09,198 | INFO    | scraper.regex_cache  | Precompiled 11 common email extraction patterns
2025-08-23 01:47:09,198 | DEBUG   | asyncio              | Using proactor: IocpProactor
2025-08-23 01:47:09,361 | INFO    | scraper.async_orchestrator | Starting streaming processing of 8 companies
2025-08-23 01:47:09,362 | INFO    | scraper.async_orchestrator | [ORCHESTRATOR] About to start Google streaming generator
2025-08-23 01:47:09,362 | INFO    | scraper.async_google_search | [ASYNC-GOOGLE] Streaming search start: 8 companies
2025-08-23 01:47:09,362 | INFO    | scraper.async_google_search | [ASYNC-GOOGLE] Scheduled 8 search tasks (concurrency=10)
2025-08-23 01:47:09,362 | DEBUG   | scraper.async_google_search | [TRACE] run: starting search for walter schmidt chemie gmbh
2025-08-23 01:47:09,363 | INFO    | scraper.async_google_search | Async Google API session initialized (max_concurrent=10)
2025-08-23 01:47:09,363 | DEBUG   | scraper.async_google_search | Async Google API search: "walter schmidt chemie gmbh" contact email
2025-08-23 01:47:09,363 | DEBUG   | scraper.async_google_search | [TRACE] run: starting search for henan xinlianxin fertilizer 
2025-08-23 01:47:09,364 | DEBUG   | scraper.async_google_search | Async rate limiting: waiting 0.80 seconds
2025-08-23 01:47:09,364 | DEBUG   | scraper.async_google_search | [TRACE] run: starting search for mitsui toatsu chemicals 
2025-08-23 01:47:09,364 | DEBUG   | scraper.async_google_search | [TRACE] run: starting search for daf trucks
2025-08-23 01:47:09,364 | DEBUG   | scraper.async_google_search | [TRACE] run: starting search for petrol rete 
2025-08-23 01:47:09,365 | DEBUG   | scraper.async_google_search | [TRACE] run: starting search for euro dam jas doo
2025-08-23 01:47:09,365 | DEBUG   | scraper.async_google_search | [TRACE] run: starting search for Synsol
2025-08-23 01:47:09,365 | DEBUG   | scraper.async_google_search | [TRACE] run: starting search for speedy fuels
2025-08-23 01:47:09,635 | DEBUG   | scraper.async_google_search | Async Google search returned 10 results for: "walter schmidt chemie gmbh" contact email
2025-08-23 01:47:09,636 | DEBUG   | scraper.async_google_search | [TRACE] run: finished search for walter schmidt chemie gmbh in 0.27s
2025-08-23 01:47:09,636 | INFO    | scraper.async_google_search | [ASYNC-GOOGLE] Completed search: walter schmidt chemie gmbh (results=10)
2025-08-23 01:47:09,636 | INFO    | scraper.async_orchestrator | [ORCHESTRATOR] Got result from streaming: walter schmidt chemie gmbh
2025-08-23 01:47:09,637 | DEBUG   | scraper.async_orchestrator | [TRACE] Pulled company from google search: walter schmidt chemie gmbh
2025-08-23 01:47:09,637 | INFO    | scraper.async_orchestrator | [ORCHESTRATOR] Starting domain scoring for: walter schmidt chemie gmbh
2025-08-23 01:47:09,637 | DEBUG   | filelock             | Attempting to acquire lock 2297755033216 on C:\Dev\Projects\Scraping_directory\THE_Email_Scraper\.venv\Lib\site-packages\tldextract\.suffix_cache\publicsuffix.org-tlds\de84b5ca2167d4c83e38fb162f2e8738.tldextract.json.lock
2025-08-23 01:47:09,639 | DEBUG   | filelock             | Lock 2297755033216 acquired on C:\Dev\Projects\Scraping_directory\THE_Email_Scraper\.venv\Lib\site-packages\tldextract\.suffix_cache\publicsuffix.org-tlds\de84b5ca2167d4c83e38fb162f2e8738.tldextract.json.lock
2025-08-23 01:47:09,641 | DEBUG   | filelock             | Attempting to release lock 2297755033216 on C:\Dev\Projects\Scraping_directory\THE_Email_Scraper\.venv\Lib\site-packages\tldextract\.suffix_cache\publicsuffix.org-tlds\de84b5ca2167d4c83e38fb162f2e8738.tldextract.json.lock
2025-08-23 01:47:09,641 | DEBUG   | filelock             | Lock 2297755033216 released on C:\Dev\Projects\Scraping_directory\THE_Email_Scraper\.venv\Lib\site-packages\tldextract\.suffix_cache\publicsuffix.org-tlds\de84b5ca2167d4c83e38fb162f2e8738.tldextract.json.lock
2025-08-23 01:47:09,666 | DEBUG   | scraper.domain_scorer | Domain score for walter schmidt chemie gmbh and walter-schmidt-chemie.de: 89 (base: 89, penalty: 0)
2025-08-23 01:47:09,666 | DEBUG   | scraper.domain_scorer | Domain score for walter schmidt chemie gmbh and rocketreach.co: 45 (base: 45, penalty: 0)
2025-08-23 01:47:09,666 | DEBUG   | scraper.domain_scorer | Domain score for walter schmidt chemie gmbh and walter-schmidt-chemie.de: 89 (base: 89, penalty: 0)
2025-08-23 01:47:09,667 | DEBUG   | scraper.domain_scorer | Domain score for walter schmidt chemie gmbh and schmidt-zement.de: 74 (base: 74, penalty: 0)
2025-08-23 01:47:09,667 | DEBUG   | scraper.domain_scorer | Domain score for walter schmidt chemie gmbh and carlroth.com: 50 (base: 50, penalty: 0)
2025-08-23 01:47:09,667 | DEBUG   | scraper.domain_scorer | Domain score for walter schmidt chemie gmbh and schmidt-zement.de: 74 (base: 74, penalty: 0)
2025-08-23 01:47:09,667 | DEBUG   | scraper.domain_scorer | Domain score for walter schmidt chemie gmbh and noba-normteile.de: 42 (base: 42, penalty: 0)
2025-08-23 01:47:09,667 | DEBUG   | scraper.domain_scorer | Domain score for walter schmidt chemie gmbh and schmidt-zement.de: 74 (base: 74, penalty: 0)
2025-08-23 01:47:09,667 | DEBUG   | scraper.domain_scorer | Applied penalty to linkedin.com (contains linkedin.com)
2025-08-23 01:47:09,668 | DEBUG   | scraper.domain_scorer | Domain score for walter schmidt chemie gmbh and linkedin.com: 15 (base: 40, penalty: 25)
2025-08-23 01:47:09,668 | DEBUG   | scraper.domain_scorer | Domain score for walter schmidt chemie gmbh and schmidt-zement.de: 74 (base: 74, penalty: 0)
2025-08-23 01:47:09,668 | DEBUG   | scraper.domain_scorer | Best domain for walter schmidt chemie gmbh: https://www.walter-schmidt-chemie.de/en/contact/imprint.html (score: 89)
2025-08-23 01:47:09,668 | INFO    | scraper.async_orchestrator | [ORCHESTRATOR] Domain scoring complete: walter schmidt chemie gmbh -> https://www.walter-schmidt-chemie.de/en/contact/imprint.html (score=89)
2025-08-23 01:47:09,668 | DEBUG   | scraper.async_orchestrator | [TRACE] Domain scored for walter schmidt chemie gmbh: https://www.walter-schmidt-chemie.de/en/contact/imprint.html
2025-08-23 01:47:09,668 | INFO    | scraper.async_orchestrator | [ORCHESTRATOR] Domain passed threshold for walter schmidt chemie gmbh: 89 >= 65
2025-08-23 01:47:09,668 | INFO    | scraper.async_orchestrator | [ORCHESTRATOR] Normalized domain: https://www.walter-schmidt-chemie.de/en/contact/imprint.html -> walter-schmidt-chemie.de
2025-08-23 01:47:09,668 | INFO    | scraper.async_orchestrator | [ORCHESTRATOR] Creating domain task: walter-schmidt-chemie.de for company walter schmidt chemie gmbh
2025-08-23 01:47:09,669 | INFO    | scraper.async_orchestrator | [ORCHESTRATOR] Task scheduled. Total domain tasks: 1
2025-08-23 01:47:09,669 | DEBUG   | scraper.async_orchestrator | 🌐 Processing domain: walter-schmidt-chemie.de (score: 89)
2025-08-23 01:47:09,669 | INFO    | scraper.async_http_client | Probing domain (sequential) for access method: walter-schmidt-chemie.de
2025-08-23 01:47:09,669 | DEBUG   | scraper.async_http_client | Testing access method https: https://walter-schmidt-chemie.de
2025-08-23 01:47:10,171 | DEBUG   | scraper.async_google_search | Async Google API search: "henan xinlianxin fertilizer" contact email
2025-08-23 01:47:10,172 | DEBUG   | scraper.async_google_search | Async rate limiting: waiting 0.80 seconds
2025-08-23 01:47:10,337 | DEBUG   | scraper.async_google_search | Async Google search returned 10 results for: "henan xinlianxin fertilizer" contact email
2025-08-23 01:47:10,337 | DEBUG   | scraper.async_google_search | [TRACE] run: finished search for henan xinlianxin fertilizer  in 0.97s
2025-08-23 01:47:10,337 | INFO    | scraper.async_google_search | [ASYNC-GOOGLE] Completed search: henan xinlianxin fertilizer  (results=10)
2025-08-23 01:47:10,337 | INFO    | scraper.async_orchestrator | [ORCHESTRATOR] Got result from streaming: henan xinlianxin fertilizer 
2025-08-23 01:47:10,338 | DEBUG   | scraper.async_orchestrator | [TRACE] Pulled company from google search: henan xinlianxin fertilizer 
2025-08-23 01:47:10,338 | INFO    | scraper.async_orchestrator | [ORCHESTRATOR] Starting domain scoring for: henan xinlianxin fertilizer 
2025-08-23 01:47:10,338 | DEBUG   | scraper.domain_scorer | Applied penalty to facebook.com (contains facebook.com)
2025-08-23 01:47:10,338 | DEBUG   | scraper.domain_scorer | Domain score for henan xinlianxin fertilizer  and facebook.com: 0 (base: 25, penalty: 25)
2025-08-23 01:47:10,338 | DEBUG   | scraper.domain_scorer | Domain score for henan xinlianxin fertilizer  and jet-inc.com: 42 (base: 42, penalty: 0)
2025-08-23 01:47:10,339 | DEBUG   | scraper.domain_scorer | Applied penalty to linkedin.com (contains linkedin.com)
2025-08-23 01:47:10,339 | DEBUG   | scraper.domain_scorer | Domain score for henan xinlianxin fertilizer  and linkedin.com: 37 (base: 62, penalty: 25)
2025-08-23 01:47:10,339 | DEBUG   | scraper.domain_scorer | Domain score for henan xinlianxin fertilizer  and sinofert.com: 75 (base: 75, penalty: 0)
2025-08-23 01:47:10,339 | DEBUG   | scraper.domain_scorer | Applied penalty to cn.linkedin.com (contains linkedin.com)
2025-08-23 01:47:10,340 | DEBUG   | scraper.domain_scorer | Domain score for henan xinlianxin fertilizer  and cn.linkedin.com: 37 (base: 62, penalty: 25)
2025-08-23 01:47:10,340 | DEBUG   | scraper.domain_scorer | Domain score for henan xinlianxin fertilizer  and methanol.org: 50 (base: 50, penalty: 0)
2025-08-23 01:47:10,340 | DEBUG   | scraper.domain_scorer | Domain score for henan xinlianxin fertilizer  and issuu.com: 22 (base: 22, penalty: 0)
2025-08-23 01:47:10,340 | DEBUG   | scraper.domain_scorer | Domain score for henan xinlianxin fertilizer  and airproducts.com: 36 (base: 36, penalty: 0)
2025-08-23 01:47:10,341 | DEBUG   | scraper.domain_scorer | Domain score for henan xinlianxin fertilizer  and cell.com: 33 (base: 33, penalty: 0)
2025-08-23 01:47:10,341 | DEBUG   | scraper.domain_scorer | Domain score for henan xinlianxin fertilizer  and fertilizerpricing.com: 74 (base: 74, penalty: 0)
2025-08-23 01:47:10,341 | DEBUG   | scraper.domain_scorer | Best domain for henan xinlianxin fertilizer : http://www.sinofert.com/en/s/5635-15034-47938.html (score: 75)
2025-08-23 01:47:10,341 | INFO    | scraper.async_orchestrator | [ORCHESTRATOR] Domain scoring complete: henan xinlianxin fertilizer  -> http://www.sinofert.com/en/s/5635-15034-47938.html (score=75)
2025-08-23 01:47:10,341 | DEBUG   | scraper.async_orchestrator | [TRACE] Domain scored for henan xinlianxin fertilizer : http://www.sinofert.com/en/s/5635-15034-47938.html
2025-08-23 01:47:10,342 | INFO    | scraper.async_orchestrator | [ORCHESTRATOR] Domain passed threshold for henan xinlianxin fertilizer : 75 >= 65
2025-08-23 01:47:10,342 | INFO    | scraper.async_orchestrator | [ORCHESTRATOR] Normalized domain: http://www.sinofert.com/en/s/5635-15034-47938.html -> sinofert.com
2025-08-23 01:47:10,342 | INFO    | scraper.async_orchestrator | [ORCHESTRATOR] Creating domain task: sinofert.com for company henan xinlianxin fertilizer 
2025-08-23 01:47:10,342 | INFO    | scraper.async_orchestrator | [ORCHESTRATOR] Task scheduled. Total domain tasks: 2
2025-08-23 01:47:10,342 | DEBUG   | scraper.async_orchestrator | 🌐 Processing domain: sinofert.com (score: 75)
2025-08-23 01:47:10,343 | INFO    | scraper.async_http_client | Probing domain (sequential) for access method: sinofert.com
2025-08-23 01:47:10,343 | DEBUG   | scraper.async_http_client | Testing access method https: https://sinofert.com
2025-08-23 01:47:10,354 | WARNING | scraper.async_http_client | Async request failed (attempt 1/2): https://sinofert.com - Cannot connect to host sinofert.com:443 ssl:default [getaddrinfo failed]
2025-08-23 01:47:10,757 | DEBUG   | scraper.async_http_client | Async HEAD https://walter-schmidt-chemie.de -> 200 (len=0)
2025-08-23 01:47:10,758 | INFO    | scraper.async_http_client | Selected access method for walter-schmidt-chemie.de: https
2025-08-23 01:47:10,758 | DEBUG   | scraper.async_orchestrator | Using optimized URL pattern: https://walter-schmidt-chemie.de
2025-08-23 01:47:10,972 | DEBUG   | scraper.async_google_search | Async Google API search: "mitsui toatsu chemicals" contact email
2025-08-23 01:47:10,973 | DEBUG   | scraper.async_google_search | Async rate limiting: waiting 0.80 seconds
2025-08-23 01:47:11,248 | DEBUG   | scraper.async_http_client | Async GET https://walter-schmidt-chemie.de -> 200 (len=20930)
2025-08-23 01:47:11,258 | DEBUG   | scraper.regex_cache  | Compiled and cached regex pattern: 
        (?P<user>[A-Za-z0-9._%+-]+)               (0.657ms)
2025-08-23 01:47:11,260 | INFO    | scraper.email_extractor |   0 emails on https://walter-schmidt-chemie.de (def from text)
2025-08-23 01:47:11,270 | DEBUG   | scraper.email_extractor |   0 emails on https://walter-schmidt-chemie.de (def from html)
2025-08-23 01:47:11,281 | DEBUG   | scraper.async_google_search | Async Google search returned 10 results for: "mitsui toatsu chemicals" contact email
2025-08-23 01:47:11,281 | DEBUG   | scraper.async_google_search | [TRACE] run: finished search for mitsui toatsu chemicals  in 1.92s
2025-08-23 01:47:11,281 | INFO    | scraper.async_google_search | [ASYNC-GOOGLE] Completed search: mitsui toatsu chemicals  (results=10)
2025-08-23 01:47:11,282 | INFO    | scraper.async_orchestrator | [ORCHESTRATOR] Got result from streaming: mitsui toatsu chemicals 
2025-08-23 01:47:11,282 | DEBUG   | scraper.async_orchestrator | [TRACE] Pulled company from google search: mitsui toatsu chemicals 
2025-08-23 01:47:11,282 | INFO    | scraper.async_orchestrator | [ORCHESTRATOR] Starting domain scoring for: mitsui toatsu chemicals 
2025-08-23 01:47:11,282 | DEBUG   | scraper.domain_scorer | Domain score for mitsui toatsu chemicals  and kuraray.com: 28 (base: 28, penalty: 0)
2025-08-23 01:47:11,282 | DEBUG   | scraper.domain_scorer | Domain score for mitsui toatsu chemicals  and globaldata.com: 30 (base: 30, penalty: 0)
2025-08-23 01:47:11,282 | DEBUG   | scraper.domain_scorer | Domain score for mitsui toatsu chemicals  and jp.mitsuichemicals.com: 88 (base: 88, penalty: 0)
2025-08-23 01:47:11,283 | DEBUG   | scraper.domain_scorer | Domain score for mitsui toatsu chemicals  and www3.epa.gov: 33 (base: 33, penalty: 0)
2025-08-23 01:47:11,283 | DEBUG   | scraper.domain_scorer | Domain score for mitsui toatsu chemicals  and bccresearch.com: 36 (base: 36, penalty: 0)
2025-08-23 01:47:11,283 | DEBUG   | scraper.domain_scorer | Domain score for mitsui toatsu chemicals  and carlyle.com: 54 (base: 54, penalty: 0)
2025-08-23 01:47:11,283 | DEBUG   | scraper.domain_scorer | Domain score for mitsui toatsu chemicals  and mc-croplifesolutions.com: 45 (base: 45, penalty: 0)
2025-08-23 01:47:11,283 | DEBUG   | scraper.domain_scorer | Domain score for mitsui toatsu chemicals  and agc.com: 33 (base: 33, penalty: 0)
2025-08-23 01:47:11,283 | DEBUG   | scraper.domain_scorer | Domain score for mitsui toatsu chemicals  and pubmed.ncbi.nlm.nih.gov: 40 (base: 40, penalty: 0)
2025-08-23 01:47:11,283 | DEBUG   | scraper.domain_scorer | Domain score for mitsui toatsu chemicals  and andersondevelopment.com: 25 (base: 25, penalty: 0)
2025-08-23 01:47:11,283 | DEBUG   | scraper.domain_scorer | Best domain for mitsui toatsu chemicals : https://jp.mitsuichemicals.com/en/corporate/number/index.htm (score: 88)
2025-08-23 01:47:11,284 | INFO    | scraper.async_orchestrator | [ORCHESTRATOR] Domain scoring complete: mitsui toatsu chemicals  -> https://jp.mitsuichemicals.com/en/corporate/number/index.htm (score=88)
2025-08-23 01:47:11,284 | DEBUG   | scraper.async_orchestrator | [TRACE] Domain scored for mitsui toatsu chemicals : https://jp.mitsuichemicals.com/en/corporate/number/index.htm
2025-08-23 01:47:11,284 | INFO    | scraper.async_orchestrator | [ORCHESTRATOR] Domain passed threshold for mitsui toatsu chemicals : 88 >= 65
2025-08-23 01:47:11,284 | INFO    | scraper.async_orchestrator | [ORCHESTRATOR] Normalized domain: https://jp.mitsuichemicals.com/en/corporate/number/index.htm -> jp.mitsuichemicals.com
2025-08-23 01:47:11,284 | INFO    | scraper.async_orchestrator | [ORCHESTRATOR] Creating domain task: jp.mitsuichemicals.com for company mitsui toatsu chemicals 
2025-08-23 01:47:11,284 | INFO    | scraper.async_orchestrator | [ORCHESTRATOR] Task scheduled. Total domain tasks: 3
2025-08-23 01:47:11,284 | DEBUG   | scraper.async_orchestrator | 🌐 Processing domain: jp.mitsuichemicals.com (score: 88)
2025-08-23 01:47:11,284 | INFO    | scraper.async_http_client | Probing domain (sequential) for access method: jp.mitsuichemicals.com
2025-08-23 01:47:11,285 | DEBUG   | scraper.async_http_client | Testing access method https: https://jp.mitsuichemicals.com
2025-08-23 01:47:11,369 | WARNING | scraper.async_http_client | Async request failed (attempt 2/2): https://sinofert.com - Cannot connect to host sinofert.com:443 ssl:default [getaddrinfo failed]
2025-08-23 01:47:11,370 | WARNING | scraper.async_http_client | Async request failed (attempt 1/2): https://sinofert.com - Cannot connect to host sinofert.com:443 ssl:default [getaddrinfo failed]
2025-08-23 01:47:11,515 | DEBUG   | scraper.async_http_client | Async GET https://www.walter-schmidt-chemie.de/en/ -> 200 (len=20193)
2025-08-23 01:47:11,527 | INFO    | scraper.email_extractor |   0 emails on https://www.walter-schmidt-chemie.de/en/ (def from text)
2025-08-23 01:47:11,539 | DEBUG   | scraper.email_extractor |   0 emails on https://www.walter-schmidt-chemie.de/en/ (def from html)
2025-08-23 01:47:11,738 | DEBUG   | scraper.async_http_client | Async GET https://www.walter-schmidt-chemie.de/ -> 200 (len=20930)
2025-08-23 01:47:11,767 | INFO    | scraper.email_extractor |   0 emails on https://www.walter-schmidt-chemie.de/ (def from text)
2025-08-23 01:47:11,777 | DEBUG   | scraper.email_extractor |   0 emails on https://www.walter-schmidt-chemie.de/ (def from html)
2025-08-23 01:47:11,790 | DEBUG   | scraper.async_google_search | Async Google API search: "daf trucks" contact email
2025-08-23 01:47:11,791 | DEBUG   | scraper.async_google_search | Async rate limiting: waiting 0.80 seconds
2025-08-23 01:47:11,820 | DEBUG   | scraper.async_http_client | Async HEAD https://jp.mitsuichemicals.com -> 200 (len=0)
2025-08-23 01:47:11,820 | INFO    | scraper.async_http_client | Selected access method for jp.mitsuichemicals.com: https
2025-08-23 01:47:11,820 | DEBUG   | scraper.async_orchestrator | Using optimized URL pattern: https://jp.mitsuichemicals.com
2025-08-23 01:47:11,996 | DEBUG   | scraper.async_google_search | Async Google search returned 10 results for: "daf trucks" contact email
2025-08-23 01:47:11,997 | DEBUG   | scraper.async_google_search | [TRACE] run: finished search for daf trucks in 2.63s
2025-08-23 01:47:11,997 | INFO    | scraper.async_google_search | [ASYNC-GOOGLE] Completed search: daf trucks (results=10)
2025-08-23 01:47:11,997 | INFO    | scraper.async_orchestrator | [ORCHESTRATOR] Got result from streaming: daf trucks
2025-08-23 01:47:11,997 | DEBUG   | scraper.async_orchestrator | [TRACE] Pulled company from google search: daf trucks
2025-08-23 01:47:11,997 | INFO    | scraper.async_orchestrator | [ORCHESTRATOR] Starting domain scoring for: daf trucks
2025-08-23 01:47:11,998 | DEBUG   | scraper.domain_scorer | Domain score for daf trucks and daf.com: 100 (base: 100, penalty: 0)
2025-08-23 01:47:11,998 | DEBUG   | scraper.domain_scorer | Domain score for daf trucks and daf.global: 100 (base: 100, penalty: 0)
2025-08-23 01:47:11,998 | DEBUG   | scraper.domain_scorer | Domain score for daf trucks and daf.co.uk: 100 (base: 100, penalty: 0)
2025-08-23 01:47:11,998 | DEBUG   | scraper.domain_scorer | Domain score for daf trucks and rmi.daf.com: 100 (base: 100, penalty: 0)
2025-08-23 01:47:11,998 | DEBUG   | scraper.domain_scorer | Domain score for daf trucks and hereforddaftrucks.co.uk: 100 (base: 100, penalty: 0)
2025-08-23 01:47:11,998 | DEBUG   | scraper.domain_scorer | Domain score for daf trucks and gloucesterdaftrucks.co.uk: 100 (base: 100, penalty: 0)
2025-08-23 01:47:11,998 | DEBUG   | scraper.domain_scorer | Domain score for daf trucks and paccar.com: 36 (base: 36, penalty: 0)
2025-08-23 01:47:11,999 | DEBUG   | scraper.domain_scorer | Domain score for daf trucks and gbdaf.com: 75 (base: 75, penalty: 0)
2025-08-23 01:47:11,999 | DEBUG   | scraper.domain_scorer | Domain score for daf trucks and chassiscab.com: 30 (base: 30, penalty: 0)
2025-08-23 01:47:11,999 | DEBUG   | scraper.domain_scorer | Domain score for daf trucks and suttondaftrucks.co.uk: 100 (base: 100, penalty: 0)
2025-08-23 01:47:11,999 | DEBUG   | scraper.domain_scorer | Best domain for daf trucks: https://www.daf.com/en/contact (score: 100)
2025-08-23 01:47:11,999 | INFO    | scraper.async_orchestrator | [ORCHESTRATOR] Domain scoring complete: daf trucks -> https://www.daf.com/en/contact (score=100)
2025-08-23 01:47:11,999 | DEBUG   | scraper.async_orchestrator | [TRACE] Domain scored for daf trucks: https://www.daf.com/en/contact
2025-08-23 01:47:12,000 | INFO    | scraper.async_orchestrator | [ORCHESTRATOR] Domain passed threshold for daf trucks: 100 >= 65
2025-08-23 01:47:12,000 | INFO    | scraper.async_orchestrator | [ORCHESTRATOR] Normalized domain: https://www.daf.com/en/contact -> daf.com
2025-08-23 01:47:12,000 | INFO    | scraper.async_orchestrator | [ORCHESTRATOR] Creating domain task: daf.com for company daf trucks
2025-08-23 01:47:12,000 | INFO    | scraper.async_orchestrator | [ORCHESTRATOR] Task scheduled. Total domain tasks: 4
2025-08-23 01:47:12,000 | DEBUG   | scraper.async_orchestrator | 🌐 Processing domain: daf.com (score: 100)
2025-08-23 01:47:12,000 | INFO    | scraper.async_http_client | Probing domain (sequential) for access method: daf.com
2025-08-23 01:47:12,001 | DEBUG   | scraper.async_http_client | Testing access method https: https://daf.com
2025-08-23 01:47:12,267 | DEBUG   | scraper.async_http_client | Async GET https://walter-schmidt-chemie.de/index.html -> 200 (len=20930)
2025-08-23 01:47:12,277 | INFO    | scraper.email_extractor |   0 emails on https://walter-schmidt-chemie.de/index.html (def from text)
2025-08-23 01:47:12,286 | DEBUG   | scraper.email_extractor |   0 emails on https://walter-schmidt-chemie.de/index.html (def from html)
2025-08-23 01:47:12,296 | DEBUG   | scraper.async_http_client | Async HEAD https://daf.com -> 200 (len=0)
2025-08-23 01:47:12,296 | INFO    | scraper.async_http_client | Selected access method for daf.com: https
2025-08-23 01:47:12,296 | DEBUG   | scraper.async_orchestrator | Using optimized URL pattern: https://daf.com
2025-08-23 01:47:12,323 | DEBUG   | scraper.async_http_client | Async GET https://jp.mitsuichemicals.com -> 200 (len=149931)
2025-08-23 01:47:12,365 | INFO    | scraper.email_extractor |   0 emails on https://jp.mitsuichemicals.com (def from text)
2025-08-23 01:47:12,405 | DEBUG   | scraper.email_extractor |   0 emails on https://jp.mitsuichemicals.com (def from html)
2025-08-23 01:47:12,495 | WARNING | scraper.async_http_client | Async request failed (attempt 2/2): https://sinofert.com - Cannot connect to host sinofert.com:443 ssl:default [getaddrinfo failed]
2025-08-23 01:47:12,495 | DEBUG   | scraper.async_http_client | Testing access method http: http://sinofert.com
2025-08-23 01:47:12,496 | WARNING | scraper.async_http_client | Async request failed (attempt 1/2): http://sinofert.com - Cannot connect to host sinofert.com:80 ssl:default [getaddrinfo failed]
2025-08-23 01:47:12,496 | WARNING | scraper.async_components | Circuit breaker OPEN for sinofert.com (5)
2025-08-23 01:47:12,507 | DEBUG   | scraper.async_http_client | Async GET https://daf.com -> 200 (len=85093)
2025-08-23 01:47:12,540 | INFO    | scraper.email_extractor |   0 emails on https://daf.com (def from text)
2025-08-23 01:47:12,579 | DEBUG   | scraper.email_extractor |   0 emails on https://daf.com (def from html)
2025-08-23 01:47:12,615 | DEBUG   | scraper.async_google_search | Async Google API search: "petrol rete" contact email
2025-08-23 01:47:12,616 | DEBUG   | scraper.async_google_search | Async rate limiting: waiting 0.80 seconds
2025-08-23 01:47:12,739 | DEBUG   | scraper.async_http_client | Async GET https://jp.mitsuichemicals.com/jp/index.htm -> 200 (len=149931)
2025-08-23 01:47:12,784 | INFO    | scraper.email_extractor |   0 emails on https://jp.mitsuichemicals.com/jp/index.htm (def from text)
2025-08-23 01:47:12,842 | DEBUG   | scraper.email_extractor |   0 emails on https://jp.mitsuichemicals.com/jp/index.htm (def from html)
2025-08-23 01:47:12,905 | DEBUG   | scraper.async_google_search | Async Google search returned 10 results for: "petrol rete" contact email
2025-08-23 01:47:12,906 | DEBUG   | scraper.async_google_search | [TRACE] run: finished search for petrol rete  in 3.54s
2025-08-23 01:47:12,906 | INFO    | scraper.async_google_search | [ASYNC-GOOGLE] Completed search: petrol rete  (results=10)
2025-08-23 01:47:12,906 | INFO    | scraper.async_orchestrator | [ORCHESTRATOR] Got result from streaming: petrol rete 
2025-08-23 01:47:12,907 | DEBUG   | scraper.async_orchestrator | [TRACE] Pulled company from google search: petrol rete 
2025-08-23 01:47:12,907 | INFO    | scraper.async_orchestrator | [ORCHESTRATOR] Starting domain scoring for: petrol rete 
2025-08-23 01:47:12,907 | DEBUG   | scraper.domain_scorer | Applied penalty to facebook.com (contains facebook.com)
2025-08-23 01:47:12,907 | DEBUG   | scraper.domain_scorer | Domain score for petrol rete  and facebook.com: 5 (base: 30, penalty: 25)
2025-08-23 01:47:12,907 | DEBUG   | scraper.domain_scorer | Domain score for petrol rete  and scribd.com: 19 (base: 19, penalty: 0)
2025-08-23 01:47:12,908 | DEBUG   | scraper.domain_scorer | Applied penalty to facebook.com (contains facebook.com)
2025-08-23 01:47:12,908 | DEBUG   | scraper.domain_scorer | Domain score for petrol rete  and facebook.com: 5 (base: 30, penalty: 25)
2025-08-23 01:47:12,908 | DEBUG   | scraper.domain_scorer | Domain score for petrol rete  and prezzibenzina.it: 46 (base: 46, penalty: 0)
2025-08-23 01:47:12,908 | DEBUG   | scraper.domain_scorer | Domain score for petrol rete  and alvolante.it: 53 (base: 53, penalty: 0)
2025-08-23 01:47:12,908 | DEBUG   | scraper.domain_scorer | Domain score for petrol rete  and piazzalucana.it: 23 (base: 23, penalty: 0)
2025-08-23 01:47:12,909 | DEBUG   | scraper.domain_scorer | Domain score for petrol rete  and geomonitorsnc.com: 40 (base: 40, penalty: 0)
2025-08-23 01:47:12,909 | DEBUG   | scraper.domain_scorer | Domain score for petrol rete  and alvolante.it: 53 (base: 53, penalty: 0)
2025-08-23 01:47:12,909 | DEBUG   | scraper.domain_scorer | Domain score for petrol rete  and gazzettadellavaldagri.it: 40 (base: 40, penalty: 0)
2025-08-23 01:47:12,909 | DEBUG   | scraper.domain_scorer | Domain score for petrol rete  and oraridiapertura24.it: 42 (base: 42, penalty: 0)
2025-08-23 01:47:12,909 | DEBUG   | scraper.domain_scorer | Best domain for petrol rete : https://www.alvolante.it/prezzo-carburante/basilicata/potenza/pompe-bianche-petrol-rete-59655 (score: 53)
2025-08-23 01:47:12,909 | INFO    | scraper.async_orchestrator | [ORCHESTRATOR] Domain scoring complete: petrol rete  -> https://www.alvolante.it/prezzo-carburante/basilicata/potenza/pompe-bianche-petrol-rete-59655 (score=53)
2025-08-23 01:47:12,909 | DEBUG   | scraper.async_orchestrator | [TRACE] Domain scored for petrol rete : https://www.alvolante.it/prezzo-carburante/basilicata/potenza/pompe-bianche-petrol-rete-59655
2025-08-23 01:47:12,909 | INFO    | scraper.async_orchestrator | [ORCHESTRATOR] Domain score too low for petrol rete : 53 < 65
2025-08-23 01:47:13,120 | DEBUG   | scraper.async_http_client | Async GET https://parts.daf.com/ -> 200 (len=998274)
2025-08-23 01:47:13,186 | INFO    | scraper.email_extractor |   0 emails on https://parts.daf.com/ (def from text)
2025-08-23 01:47:13,196 | DEBUG   | scraper.email_extractor |   0 emails on https://parts.daf.com/ (def from html)
2025-08-23 01:47:13,207 | DEBUG   | scraper.async_http_client | Async GET https://jp.mitsuichemicals.com/en/index.htm -> 200 (len=159107)
2025-08-23 01:47:13,249 | INFO    | scraper.email_extractor |   0 emails on https://jp.mitsuichemicals.com/en/index.htm (def from text)
2025-08-23 01:47:13,289 | DEBUG   | scraper.email_extractor |   0 emails on https://jp.mitsuichemicals.com/en/index.htm (def from html)
2025-08-23 01:47:13,419 | DEBUG   | scraper.async_google_search | Async Google API search: "euro dam jas doo" contact email
2025-08-23 01:47:13,419 | DEBUG   | scraper.async_google_search | Async rate limiting: waiting 0.80 seconds
2025-08-23 01:47:13,512 | WARNING | scraper.async_http_client | Async request failed (attempt 2/2): http://sinofert.com - Cannot connect to host sinofert.com:80 ssl:default [getaddrinfo failed]
2025-08-23 01:47:13,513 | WARNING | scraper.async_components | Circuit breaker OPEN for sinofert.com (6)
2025-08-23 01:47:13,513 | DEBUG   | scraper.async_http_client | Circuit breaker open for domain: sinofert.com
2025-08-23 01:47:13,513 | DEBUG   | scraper.async_http_client | Testing access method https_www: https://www.sinofert.com
2025-08-23 01:47:13,514 | DEBUG   | scraper.async_http_client | Circuit breaker open for domain: sinofert.com
2025-08-23 01:47:13,514 | DEBUG   | scraper.async_http_client | Circuit breaker open for domain: sinofert.com
2025-08-23 01:47:13,514 | DEBUG   | scraper.async_http_client | Testing access method http_www: http://www.sinofert.com
2025-08-23 01:47:13,514 | DEBUG   | scraper.async_http_client | Circuit breaker open for domain: sinofert.com
2025-08-23 01:47:13,515 | DEBUG   | scraper.async_http_client | Circuit breaker open for domain: sinofert.com
2025-08-23 01:47:13,515 | WARNING | scraper.async_http_client | All access methods failed for domain: sinofert.com
2025-08-23 01:47:13,515 | WARNING | scraper.async_orchestrator | Could not establish connection to domain: sinofert.com
2025-08-23 01:47:13,553 | DEBUG   | scraper.async_http_client | Async GET https://walter-schmidt-chemie.de/unternehmen/ -> 200 (len=16915)
2025-08-23 01:47:13,565 | INFO    | scraper.email_extractor |   0 emails on https://walter-schmidt-chemie.de/unternehmen/ (def from text)
2025-08-23 01:47:13,572 | DEBUG   | scraper.email_extractor |   0 emails on https://walter-schmidt-chemie.de/unternehmen/ (def from html)
2025-08-23 01:47:13,581 | DEBUG   | scraper.async_http_client | Async GET https://eportal.daf.com/ -> 200 (len=1422)
2025-08-23 01:47:13,582 | INFO    | scraper.email_extractor |   0 emails on https://eportal.daf.com/ (def from text)
2025-08-23 01:47:13,583 | DEBUG   | scraper.email_extractor |   0 emails on https://eportal.daf.com/ (def from html)
2025-08-23 01:47:13,589 | DEBUG   | scraper.async_google_search | Async Google search returned 10 results for: "euro dam jas doo" contact email
2025-08-23 01:47:13,589 | DEBUG   | scraper.async_google_search | [TRACE] run: finished search for euro dam jas doo in 4.22s
2025-08-23 01:47:13,589 | INFO    | scraper.async_google_search | [ASYNC-GOOGLE] Completed search: euro dam jas doo (results=10)
2025-08-23 01:47:13,590 | INFO    | scraper.async_orchestrator | [ORCHESTRATOR] Got result from streaming: euro dam jas doo
2025-08-23 01:47:13,590 | DEBUG   | scraper.async_orchestrator | [TRACE] Pulled company from google search: euro dam jas doo
2025-08-23 01:47:13,590 | INFO    | scraper.async_orchestrator | [ORCHESTRATOR] Starting domain scoring for: euro dam jas doo
2025-08-23 01:47:13,590 | DEBUG   | scraper.domain_scorer | Applied penalty to ba.linkedin.com (contains linkedin.com)
2025-08-23 01:47:13,590 | DEBUG   | scraper.domain_scorer | Domain score for euro dam jas doo and ba.linkedin.com: 25 (base: 50, penalty: 25)
2025-08-23 01:47:13,590 | DEBUG   | scraper.domain_scorer | Applied penalty to instagram.com (contains instagram.com)
2025-08-23 01:47:13,590 | DEBUG   | scraper.domain_scorer | Domain score for euro dam jas doo and instagram.com: 12 (base: 37, penalty: 25)
2025-08-23 01:47:13,591 | DEBUG   | scraper.domain_scorer | Domain score for euro dam jas doo and goodyear.eu: 42 (base: 42, penalty: 0)
2025-08-23 01:47:13,591 | DEBUG   | scraper.domain_scorer | Domain score for euro dam jas doo and companywall.ba: 30 (base: 30, penalty: 0)
2025-08-23 01:47:13,591 | DEBUG   | scraper.domain_scorer | Applied penalty to linkedin.com (contains linkedin.com)
2025-08-23 01:47:13,591 | DEBUG   | scraper.domain_scorer | Domain score for euro dam jas doo and linkedin.com: 5 (base: 30, penalty: 25)
2025-08-23 01:47:13,591 | DEBUG   | scraper.domain_scorer | Applied penalty to facebook.com (contains facebook.com)
2025-08-23 01:47:13,591 | DEBUG   | scraper.domain_scorer | Domain score for euro dam jas doo and facebook.com: 21 (base: 46, penalty: 25)
2025-08-23 01:47:13,592 | DEBUG   | scraper.domain_scorer | Domain score for euro dam jas doo and jpautoceste.ba: 35 (base: 35, penalty: 0)
2025-08-23 01:47:13,592 | DEBUG   | scraper.domain_scorer | Applied penalty to facebook.com (contains facebook.com)
2025-08-23 01:47:13,592 | DEBUG   | scraper.domain_scorer | Domain score for euro dam jas doo and facebook.com: 21 (base: 46, penalty: 25)
2025-08-23 01:47:13,592 | DEBUG   | scraper.domain_scorer | Domain score for euro dam jas doo and scribd.com: 40 (base: 40, penalty: 0)
2025-08-23 01:47:13,592 | DEBUG   | scraper.domain_scorer | Domain score for euro dam jas doo and flek.ba: 40 (base: 40, penalty: 0)
2025-08-23 01:47:13,592 | DEBUG   | scraper.domain_scorer | Best domain for euro dam jas doo: https://www.goodyear.eu/bs_ba/consumer/all-dealers/lukavac/euro-dam-jas-doo-30092243.html (score: 42)
2025-08-23 01:47:13,592 | INFO    | scraper.async_orchestrator | [ORCHESTRATOR] Domain scoring complete: euro dam jas doo -> https://www.goodyear.eu/bs_ba/consumer/all-dealers/lukavac/euro-dam-jas-doo-30092243.html (score=42)
2025-08-23 01:47:13,593 | DEBUG   | scraper.async_orchestrator | [TRACE] Domain scored for euro dam jas doo: https://www.goodyear.eu/bs_ba/consumer/all-dealers/lukavac/euro-dam-jas-doo-30092243.html
2025-08-23 01:47:13,593 | INFO    | scraper.async_orchestrator | [ORCHESTRATOR] Domain score too low for euro dam jas doo: 42 < 65
2025-08-23 01:47:13,810 | DEBUG   | scraper.async_http_client | Async GET https://daf.com/en/news-and-media -> 200 (len=104340)
2025-08-23 01:47:13,853 | DEBUG   | scraper.email_extractor | Attempting to clean 'rutger.kerstiens@daftrucks.com'
2025-08-23 01:47:13,853 | DEBUG   | scraper.email_extractor | Successfully cleaned 'rutger.kerstiens@daftrucks.com' → 'rutger.kerstiens@daftrucks.com'
2025-08-23 01:47:13,853 | INFO    | scraper.email_extractor |   1 emails on https://daf.com/en/news-and-media (def from text)
2025-08-23 01:47:13,854 | DEBUG   | scraper.hybrid_email_extractor | Static text hits: 1 on https://daf.com/en/news-and-media
2025-08-23 01:47:13,854 | DEBUG   | scraper.async_orchestrator | [CRAWL] https://daf.com/en/news-and-media +1 (total=1)
2025-08-23 01:47:13,894 | DEBUG   | scraper.async_http_client | Async GET https://walter-schmidt-chemie.de/unternehmen/unternehmensvorstellung.html -> 200 (len=16915)
2025-08-23 01:47:13,902 | INFO    | scraper.email_extractor |   0 emails on https://walter-schmidt-chemie.de/unternehmen/unternehmensvorstellung.html (def from text)
2025-08-23 01:47:13,910 | DEBUG   | scraper.email_extractor |   0 emails on https://walter-schmidt-chemie.de/unternehmen/unternehmensvorstellung.html (def from html)
2025-08-23 01:47:14,111 | DEBUG   | scraper.async_http_client | Async GET https://daf.com/en/suppliers -> 200 (len=85945)
2025-08-23 01:47:14,142 | INFO    | scraper.email_extractor |   0 emails on https://daf.com/en/suppliers (def from text)
2025-08-23 01:47:14,174 | DEBUG   | scraper.email_extractor |   0 emails on https://daf.com/en/suppliers (def from html)
2025-08-23 01:47:14,222 | DEBUG   | scraper.async_http_client | Async GET https://walter-schmidt-chemie.de/unternehmen/standorte.html -> 200 (len=16398)
2025-08-23 01:47:14,230 | INFO    | scraper.email_extractor |   0 emails on https://walter-schmidt-chemie.de/unternehmen/standorte.html (def from text)
2025-08-23 01:47:14,237 | DEBUG   | scraper.email_extractor |   0 emails on https://walter-schmidt-chemie.de/unternehmen/standorte.html (def from html)
2025-08-23 01:47:14,245 | DEBUG   | scraper.async_google_search | Async Google API search: "Synsol" contact email
2025-08-23 01:47:14,245 | DEBUG   | scraper.async_google_search | Async rate limiting: waiting 0.80 seconds
2025-08-23 01:47:14,399 | DEBUG   | scraper.async_google_search | Async Google search returned 10 results for: "Synsol" contact email
2025-08-23 01:47:14,399 | DEBUG   | scraper.async_google_search | [TRACE] run: finished search for Synsol in 5.03s
2025-08-23 01:47:14,400 | INFO    | scraper.async_google_search | [ASYNC-GOOGLE] Completed search: Synsol (results=10)
2025-08-23 01:47:14,400 | INFO    | scraper.async_orchestrator | [ORCHESTRATOR] Got result from streaming: Synsol
2025-08-23 01:47:14,400 | DEBUG   | scraper.async_orchestrator | [TRACE] Pulled company from google search: Synsol
2025-08-23 01:47:14,400 | INFO    | scraper.async_orchestrator | [ORCHESTRATOR] Starting domain scoring for: Synsol
2025-08-23 01:47:14,401 | DEBUG   | scraper.domain_scorer | Domain score for Synsol and www1.mscdirect.com: 25 (base: 25, penalty: 0)
2025-08-23 01:47:14,401 | DEBUG   | scraper.domain_scorer | Domain score for Synsol and synsol.ch: 100 (base: 100, penalty: 0)
2025-08-23 01:47:14,401 | DEBUG   | scraper.domain_scorer | Domain score for Synsol and www1.mscdirect.com: 25 (base: 25, penalty: 0)
2025-08-23 01:47:14,401 | DEBUG   | scraper.domain_scorer | Domain score for Synsol and contactout.com: 33 (base: 33, penalty: 0)
2025-08-23 01:47:14,402 | DEBUG   | scraper.domain_scorer | Domain score for Synsol and synsol.ch: 100 (base: 100, penalty: 0)
2025-08-23 01:47:14,402 | DEBUG   | scraper.domain_scorer | Domain score for Synsol and mscdirect.com: 25 (base: 25, penalty: 0)
2025-08-23 01:47:14,402 | DEBUG   | scraper.domain_scorer | Applied penalty to crunchbase.com (contains crunchbase.com)
2025-08-23 01:47:14,402 | DEBUG   | scraper.domain_scorer | Domain score for Synsol and crunchbase.com: 8 (base: 33, penalty: 25)
2025-08-23 01:47:14,403 | DEBUG   | scraper.domain_scorer | Domain score for Synsol and find-and-update.company-information.service.gov.uk: 50 (base: 50, penalty: 0)
2025-08-23 01:47:14,403 | DEBUG   | scraper.domain_scorer | Domain score for Synsol and metalloidcorp.com: 22 (base: 22, penalty: 0)
2025-08-23 01:47:14,403 | DEBUG   | scraper.domain_scorer | Domain score for Synsol and find-and-update.company-information.service.gov.uk: 50 (base: 50, penalty: 0)
2025-08-23 01:47:14,403 | DEBUG   | scraper.domain_scorer | Best domain for Synsol: https://synsol.ch/privacy-policy-of-synsol-ag/ (score: 100)
2025-08-23 01:47:14,404 | INFO    | scraper.async_orchestrator | [ORCHESTRATOR] Domain scoring complete: Synsol -> https://synsol.ch/privacy-policy-of-synsol-ag/ (score=100)
2025-08-23 01:47:14,404 | DEBUG   | scraper.async_orchestrator | [TRACE] Domain scored for Synsol: https://synsol.ch/privacy-policy-of-synsol-ag/
2025-08-23 01:47:14,404 | INFO    | scraper.async_orchestrator | [ORCHESTRATOR] Domain passed threshold for Synsol: 100 >= 65
2025-08-23 01:47:14,404 | INFO    | scraper.async_orchestrator | [ORCHESTRATOR] Normalized domain: https://synsol.ch/privacy-policy-of-synsol-ag/ -> synsol.ch
2025-08-23 01:47:14,405 | INFO    | scraper.async_orchestrator | [ORCHESTRATOR] Creating domain task: synsol.ch for company Synsol
2025-08-23 01:47:14,405 | INFO    | scraper.async_orchestrator | [ORCHESTRATOR] Task scheduled. Total domain tasks: 5
2025-08-23 01:47:14,405 | DEBUG   | scraper.async_orchestrator | 🌐 Processing domain: synsol.ch (score: 100)
2025-08-23 01:47:14,405 | INFO    | scraper.async_http_client | Probing domain (sequential) for access method: synsol.ch
2025-08-23 01:47:14,406 | DEBUG   | scraper.async_http_client | Testing access method https: https://synsol.ch
2025-08-23 01:47:14,458 | DEBUG   | scraper.async_http_client | Async GET https://daf.com/en/working-at-daf -> 200 (len=117399)
2025-08-23 01:47:14,502 | INFO    | scraper.email_extractor |   0 emails on https://daf.com/en/working-at-daf (def from text)
2025-08-23 01:47:14,561 | DEBUG   | scraper.email_extractor |   0 emails on https://daf.com/en/working-at-daf (def from html)
2025-08-23 01:47:14,606 | DEBUG   | scraper.async_http_client | Async GET https://walter-schmidt-chemie.de/unternehmen/zertifizierungen/ -> 200 (len=17272)
2025-08-23 01:47:14,615 | INFO    | scraper.email_extractor |   0 emails on https://walter-schmidt-chemie.de/unternehmen/zertifizierungen/ (def from text)
2025-08-23 01:47:14,627 | DEBUG   | scraper.email_extractor |   0 emails on https://walter-schmidt-chemie.de/unternehmen/zertifizierungen/ (def from html)
2025-08-23 01:47:14,637 | DEBUG   | scraper.async_http_client | Async GET https://jp.mitsuichemicals.com/cn/ -> 200 (len=1834)
2025-08-23 01:47:14,639 | INFO    | scraper.email_extractor |   0 emails on https://jp.mitsuichemicals.com/cn/ (def from text)
2025-08-23 01:47:14,641 | DEBUG   | scraper.email_extractor | Attempting to clean 'information@mcs.mitsui-chem.com'
2025-08-23 01:47:14,641 | DEBUG   | scraper.email_extractor | Successfully cleaned 'information@mcs.mitsui-chem.com' → 'information@mcs.mitsui-chem.com'
2025-08-23 01:47:14,642 | DEBUG   | scraper.email_extractor |   1 emails on https://jp.mitsuichemicals.com/cn/ (def from html)
2025-08-23 01:47:14,642 | DEBUG   | scraper.hybrid_email_extractor | HTML fallback hits: 1 on https://jp.mitsuichemicals.com/cn/
2025-08-23 01:47:14,642 | DEBUG   | scraper.async_orchestrator | [CRAWL] https://jp.mitsuichemicals.com/cn/ +1 (total=1)
2025-08-23 01:47:14,812 | DEBUG   | scraper.async_http_client | Async GET https://www.daf.com/en -> 200 (len=127477)
2025-08-23 01:47:14,876 | INFO    | scraper.email_extractor |   0 emails on https://www.daf.com/en (def from text)
2025-08-23 01:47:14,944 | DEBUG   | scraper.email_extractor |   0 emails on https://www.daf.com/en (def from html)
2025-08-23 01:47:15,000 | DEBUG   | scraper.async_http_client | Async GET https://jp.mitsuichemicals.com/jp/contact/index.htm -> 200 (len=113294)
2025-08-23 01:47:15,039 | INFO    | scraper.email_extractor |   0 emails on https://jp.mitsuichemicals.com/jp/contact/index.htm (def from text)
2025-08-23 01:47:15,078 | DEBUG   | scraper.email_extractor |   0 emails on https://jp.mitsuichemicals.com/jp/contact/index.htm (def from html)
2025-08-23 01:47:15,120 | DEBUG   | scraper.async_http_client | Async HEAD https://synsol.ch -> 200 (len=0)
2025-08-23 01:47:15,120 | INFO    | scraper.async_http_client | Selected access method for synsol.ch: https
2025-08-23 01:47:15,120 | DEBUG   | scraper.async_orchestrator | Using optimized URL pattern: https://synsol.ch
2025-08-23 01:47:15,121 | DEBUG   | scraper.async_google_search | Async Google API search: "speedy fuels" contact email
2025-08-23 01:47:15,170 | DEBUG   | scraper.async_http_client | Async GET https://synsol.ch -> 200 (len=204915)
2025-08-23 01:47:15,219 | DEBUG   | scraper.email_extractor | Attempting to clean 'info@synsol.ch'
2025-08-23 01:47:15,220 | DEBUG   | scraper.email_extractor | Successfully cleaned 'info@synsol.ch' → 'info@synsol.ch'
2025-08-23 01:47:15,220 | INFO    | scraper.email_extractor |   1 emails on https://synsol.ch (def from text)
2025-08-23 01:47:15,220 | DEBUG   | scraper.hybrid_email_extractor | Static text hits: 1 on https://synsol.ch
2025-08-23 01:47:15,220 | DEBUG   | scraper.async_orchestrator | Home candidates=1
2025-08-23 01:47:15,267 | DEBUG   | scraper.async_http_client | Async GET https://www.daf.com/nl-nl -> 200 (len=125273)
2025-08-23 01:47:15,325 | INFO    | scraper.email_extractor |   0 emails on https://www.daf.com/nl-nl (def from text)
2025-08-23 01:47:15,372 | DEBUG   | scraper.email_extractor |   0 emails on https://www.daf.com/nl-nl (def from html)
2025-08-23 01:47:15,427 | DEBUG   | scraper.async_http_client | Async GET https://synsol.ch/ -> 200 (len=204915)
2025-08-23 01:47:15,481 | DEBUG   | scraper.email_extractor | Attempting to clean 'info@synsol.ch'
2025-08-23 01:47:15,482 | DEBUG   | scraper.email_extractor | Successfully cleaned 'info@synsol.ch' → 'info@synsol.ch'
2025-08-23 01:47:15,482 | INFO    | scraper.email_extractor |   1 emails on https://synsol.ch/ (def from text)
2025-08-23 01:47:15,482 | DEBUG   | scraper.hybrid_email_extractor | Static text hits: 1 on https://synsol.ch/
2025-08-23 01:47:15,533 | DEBUG   | scraper.async_http_client | Async GET https://jp.mitsuichemicals.com/jp/corporate/index.htm -> 200 (len=132043)
2025-08-23 01:47:15,822 | INFO    | scraper.email_extractor |   0 emails on https://jp.mitsuichemicals.com/jp/corporate/index.htm (def from text)
2025-08-23 01:47:15,874 | DEBUG   | scraper.email_extractor |   0 emails on https://jp.mitsuichemicals.com/jp/corporate/index.htm (def from html)
2025-08-23 01:47:15,940 | DEBUG   | scraper.async_google_search | Async Google search returned 10 results for: "speedy fuels" contact email
2025-08-23 01:47:15,941 | DEBUG   | scraper.async_google_search | [TRACE] run: finished search for speedy fuels in 6.58s
2025-08-23 01:47:15,941 | DEBUG   | scraper.async_http_client | Async GET https://walter-schmidt-chemie.de/unternehmen/wir-arbeiten-mit.html -> 200 (len=19058)
2025-08-23 01:47:15,955 | INFO    | scraper.email_extractor |   0 emails on https://walter-schmidt-chemie.de/unternehmen/wir-arbeiten-mit.html (def from text)
2025-08-23 01:47:15,969 | DEBUG   | scraper.email_extractor |   0 emails on https://walter-schmidt-chemie.de/unternehmen/wir-arbeiten-mit.html (def from html)
2025-08-23 01:47:15,990 | INFO    | scraper.async_google_search | [ASYNC-GOOGLE] Completed search: speedy fuels (results=10)
2025-08-23 01:47:15,990 | INFO    | scraper.async_orchestrator | [ORCHESTRATOR] Got result from streaming: speedy fuels
2025-08-23 01:47:15,990 | DEBUG   | scraper.async_orchestrator | [TRACE] Pulled company from google search: speedy fuels
2025-08-23 01:47:15,990 | INFO    | scraper.async_orchestrator | [ORCHESTRATOR] Starting domain scoring for: speedy fuels
2025-08-23 01:47:15,991 | DEBUG   | scraper.domain_scorer | Domain score for speedy fuels and speedyfuels.co.uk: 100 (base: 100, penalty: 0)
2025-08-23 01:47:15,991 | DEBUG   | scraper.domain_scorer | Domain score for speedy fuels and cdn.speedyfuels.co.uk: 100 (base: 100, penalty: 0)
2025-08-23 01:47:15,991 | DEBUG   | scraper.domain_scorer | Domain score for speedy fuels and sustainability.speedyfuels.co.uk: 100 (base: 100, penalty: 0)
2025-08-23 01:47:15,992 | DEBUG   | scraper.domain_scorer | Domain score for speedy fuels and cdn.speedyfuels.co.uk: 100 (base: 100, penalty: 0)
2025-08-23 01:47:15,992 | DEBUG   | scraper.domain_scorer | Domain score for speedy fuels and sustainability.speedyfuels.co.uk: 100 (base: 100, penalty: 0)
2025-08-23 01:47:15,992 | DEBUG   | scraper.domain_scorer | Applied penalty to uk.linkedin.com (contains linkedin.com)
2025-08-23 01:47:15,993 | DEBUG   | scraper.domain_scorer | Domain score for speedy fuels and uk.linkedin.com: 25 (base: 50, penalty: 25)
2025-08-23 01:47:15,993 | DEBUG   | scraper.domain_scorer | Domain score for speedy fuels and sustainability.speedyfuels.co.uk: 100 (base: 100, penalty: 0)
2025-08-23 01:47:15,993 | DEBUG   | scraper.domain_scorer | Domain score for speedy fuels and zoominfo.com: 15 (base: 15, penalty: 0)
2025-08-23 01:47:15,993 | DEBUG   | scraper.domain_scorer | Domain score for speedy fuels and sustainability.speedyfuels.co.uk: 100 (base: 100, penalty: 0)
2025-08-23 01:47:15,994 | DEBUG   | scraper.domain_scorer | Domain score for speedy fuels and crownoil.co.uk: 19 (base: 19, penalty: 0)
2025-08-23 01:47:15,994 | DEBUG   | scraper.domain_scorer | Best domain for speedy fuels: https://www.speedyfuels.co.uk/contact-us/ (score: 100)
2025-08-23 01:47:15,994 | INFO    | scraper.async_orchestrator | [ORCHESTRATOR] Domain scoring complete: speedy fuels -> https://www.speedyfuels.co.uk/contact-us/ (score=100)
2025-08-23 01:47:15,994 | DEBUG   | scraper.async_orchestrator | [TRACE] Domain scored for speedy fuels: https://www.speedyfuels.co.uk/contact-us/
2025-08-23 01:47:15,995 | INFO    | scraper.async_orchestrator | [ORCHESTRATOR] Domain passed threshold for speedy fuels: 100 >= 65
2025-08-23 01:47:15,995 | INFO    | scraper.async_orchestrator | [ORCHESTRATOR] Normalized domain: https://www.speedyfuels.co.uk/contact-us/ -> speedyfuels.co.uk
2025-08-23 01:47:15,995 | INFO    | scraper.async_orchestrator | [ORCHESTRATOR] Creating domain task: speedyfuels.co.uk for company speedy fuels
2025-08-23 01:47:15,996 | INFO    | scraper.async_orchestrator | [ORCHESTRATOR] Task scheduled. Total domain tasks: 6
2025-08-23 01:47:15,996 | INFO    | scraper.async_orchestrator | [ORCHESTRATOR] Google streaming complete. Collecting 6 domain tasks
2025-08-23 01:47:15,996 | DEBUG   | scraper.async_orchestrator | [ORCHESTRATOR] Waiting for domain task completion
2025-08-23 01:47:15,996 | DEBUG   | scraper.async_orchestrator | 🌐 Processing domain: speedyfuels.co.uk (score: 100)
2025-08-23 01:47:15,997 | INFO    | scraper.async_http_client | Probing domain (sequential) for access method: speedyfuels.co.uk
2025-08-23 01:47:15,997 | DEBUG   | scraper.async_http_client | Testing access method https: https://speedyfuels.co.uk
2025-08-23 01:47:15,998 | INFO    | scraper.async_orchestrator | [ORCHESTRATOR] Domain task completed: sinofert.com (0 rows)
2025-08-23 01:47:15,998 | DEBUG   | scraper.async_orchestrator | [ORCHESTRATOR] Waiting for domain task completion
2025-08-23 01:47:16,139 | DEBUG   | scraper.async_http_client | Async GET https://daf.com/en -> 200 (len=127477)
2025-08-23 01:47:16,209 | INFO    | scraper.email_extractor |   0 emails on https://daf.com/en (def from text)
2025-08-23 01:47:16,328 | DEBUG   | scraper.email_extractor |   0 emails on https://daf.com/en (def from html)
2025-08-23 01:47:16,422 | DEBUG   | scraper.async_http_client | Async GET https://jp.mitsuichemicals.com/jp/corporate/message/index.htm -> 200 (len=113674)
2025-08-23 01:47:16,486 | INFO    | scraper.email_extractor |   0 emails on https://jp.mitsuichemicals.com/jp/corporate/message/index.htm (def from text)
2025-08-23 01:47:16,544 | DEBUG   | scraper.email_extractor |   0 emails on https://jp.mitsuichemicals.com/jp/corporate/message/index.htm (def from html)
2025-08-23 01:47:16,590 | DEBUG   | scraper.async_http_client | Async HEAD https://speedyfuels.co.uk -> 200 (len=0)
2025-08-23 01:47:16,591 | INFO    | scraper.async_http_client | Selected access method for speedyfuels.co.uk: https
2025-08-23 01:47:16,591 | DEBUG   | scraper.async_orchestrator | Using optimized URL pattern: https://speedyfuels.co.uk
2025-08-23 01:47:16,592 | DEBUG   | scraper.async_http_client | Async GET https://synsol.ch/petrochemicals/ -> 200 (len=138768)
2025-08-23 01:47:16,629 | DEBUG   | scraper.email_extractor | Attempting to clean 'info@synsol.ch'
2025-08-23 01:47:16,630 | DEBUG   | scraper.email_extractor | Successfully cleaned 'info@synsol.ch' → 'info@synsol.ch'
2025-08-23 01:47:16,630 | INFO    | scraper.email_extractor |   1 emails on https://synsol.ch/petrochemicals/ (def from text)
2025-08-23 01:47:16,630 | DEBUG   | scraper.hybrid_email_extractor | Static text hits: 1 on https://synsol.ch/petrochemicals/
2025-08-23 01:47:16,848 | DEBUG   | scraper.async_http_client | Async GET https://jp.mitsuichemicals.com/jp/corporate/overview/index.htm -> 200 (len=111330)
2025-08-23 01:47:16,901 | INFO    | scraper.email_extractor |   0 emails on https://jp.mitsuichemicals.com/jp/corporate/overview/index.htm (def from text)
2025-08-23 01:47:16,961 | DEBUG   | scraper.email_extractor |   0 emails on https://jp.mitsuichemicals.com/jp/corporate/overview/index.htm (def from html)
2025-08-23 01:47:17,043 | DEBUG   | scraper.async_http_client | Async GET https://speedyfuels.co.uk -> 200 (len=276481)
2025-08-23 01:47:17,152 | INFO    | scraper.email_extractor |   0 emails on https://speedyfuels.co.uk (def from text)
2025-08-23 01:47:17,196 | DEBUG   | scraper.email_extractor |   0 emails on https://speedyfuels.co.uk (def from html)
2025-08-23 01:47:17,246 | DEBUG   | scraper.async_http_client | Async GET https://synsol.ch/base-oils-grp-i-ii-iii/ -> 200 (len=138960)
2025-08-23 01:47:17,275 | DEBUG   | scraper.email_extractor | Attempting to clean 'info@synsol.ch'
2025-08-23 01:47:17,276 | DEBUG   | scraper.email_extractor | Successfully cleaned 'info@synsol.ch' → 'info@synsol.ch'
2025-08-23 01:47:17,276 | INFO    | scraper.email_extractor |   1 emails on https://synsol.ch/base-oils-grp-i-ii-iii/ (def from text)
2025-08-23 01:47:17,276 | DEBUG   | scraper.hybrid_email_extractor | Static text hits: 1 on https://synsol.ch/base-oils-grp-i-ii-iii/
2025-08-23 01:47:17,298 | DEBUG   | scraper.async_http_client | Async GET https://daf.com/en/dealer-locator-page -> 200 (len=57796)
2025-08-23 01:47:17,319 | INFO    | scraper.email_extractor |   0 emails on https://daf.com/en/dealer-locator-page (def from text)
2025-08-23 01:47:17,339 | DEBUG   | scraper.email_extractor |   0 emails on https://daf.com/en/dealer-locator-page (def from html)
2025-08-23 01:47:17,362 | DEBUG   | scraper.async_http_client | Async GET https://walter-schmidt-chemie.de/produkte/ -> 200 (len=17804)
2025-08-23 01:47:17,374 | INFO    | scraper.email_extractor |   0 emails on https://walter-schmidt-chemie.de/produkte/ (def from text)
2025-08-23 01:47:17,387 | DEBUG   | scraper.email_extractor |   0 emails on https://walter-schmidt-chemie.de/produkte/ (def from html)
2025-08-23 01:47:17,415 | DEBUG   | scraper.async_http_client | Async GET https://www.speedyfuels.co.uk/ -> 200 (len=276481)
2025-08-23 01:47:17,483 | INFO    | scraper.email_extractor |   0 emails on https://www.speedyfuels.co.uk/ (def from text)
2025-08-23 01:47:17,516 | DEBUG   | scraper.email_extractor |   0 emails on https://www.speedyfuels.co.uk/ (def from html)
2025-08-23 01:47:17,550 | DEBUG   | scraper.async_http_client | Async GET https://jp.mitsuichemicals.com/jp/corporate/management/index.htm -> 200 (len=116316)
2025-08-23 01:47:17,596 | INFO    | scraper.email_extractor |   0 emails on https://jp.mitsuichemicals.com/jp/corporate/management/index.htm (def from text)
2025-08-23 01:47:17,626 | DEBUG   | scraper.email_extractor |   0 emails on https://jp.mitsuichemicals.com/jp/corporate/management/index.htm (def from html)
2025-08-23 01:47:17,877 | DEBUG   | scraper.async_http_client | Async GET https://sustainability.speedyfuels.co.uk/environment/ -> 200 (len=357269)
2025-08-23 01:47:18,013 | INFO    | scraper.email_extractor |   0 emails on https://sustainability.speedyfuels.co.uk/environment/ (def from text)
2025-08-23 01:47:18,165 | DEBUG   | scraper.email_extractor |   0 emails on https://sustainability.speedyfuels.co.uk/environment/ (def from html)
2025-08-23 01:47:18,448 | DEBUG   | scraper.async_http_client | Async GET https://jp.mitsuichemicals.com/jp/corporate/vision/index.htm -> 200 (len=35115)
2025-08-23 01:47:18,462 | INFO    | scraper.email_extractor |   0 emails on https://jp.mitsuichemicals.com/jp/corporate/vision/index.htm (def from text)
2025-08-23 01:47:18,476 | DEBUG   | scraper.email_extractor |   0 emails on https://jp.mitsuichemicals.com/jp/corporate/vision/index.htm (def from html)
2025-08-23 01:47:18,488 | DEBUG   | scraper.async_http_client | Async GET https://walter-schmidt-chemie.de/produkte/produktsuche.html -> 200 (len=13412)
2025-08-23 01:47:18,497 | INFO    | scraper.email_extractor |   0 emails on https://walter-schmidt-chemie.de/produkte/produktsuche.html (def from text)
2025-08-23 01:47:18,506 | DEBUG   | scraper.email_extractor |   0 emails on https://walter-schmidt-chemie.de/produkte/produktsuche.html (def from html)
2025-08-23 01:47:18,512 | DEBUG   | scraper.async_http_client | Async GET https://synsol.ch/bitumen/ -> 200 (len=138354)
2025-08-23 01:47:18,532 | DEBUG   | scraper.email_extractor | Attempting to clean 'info@synsol.ch'
2025-08-23 01:47:18,532 | DEBUG   | scraper.email_extractor | Successfully cleaned 'info@synsol.ch' → 'info@synsol.ch'
2025-08-23 01:47:18,532 | INFO    | scraper.email_extractor |   1 emails on https://synsol.ch/bitumen/ (def from text)
2025-08-23 01:47:18,532 | DEBUG   | scraper.hybrid_email_extractor | Static text hits: 1 on https://synsol.ch/bitumen/
2025-08-23 01:47:18,559 | DEBUG   | scraper.async_http_client | Async GET https://www.speedyfuels.co.uk/services/emergency-delivery/ -> 200 (len=261584)
2025-08-23 01:47:18,606 | INFO    | scraper.email_extractor |   0 emails on https://www.speedyfuels.co.uk/services/emergency-delivery/ (def from text)
2025-08-23 01:47:18,631 | DEBUG   | scraper.email_extractor |   0 emails on https://www.speedyfuels.co.uk/services/emergency-delivery/ (def from html)
2025-08-23 01:47:18,716 | DEBUG   | scraper.async_http_client | Async GET https://www.speedyfuels.co.uk/products/ -> 200 (len=262900)
2025-08-23 01:47:18,767 | INFO    | scraper.email_extractor |   0 emails on https://www.speedyfuels.co.uk/products/ (def from text)
2025-08-23 01:47:18,801 | DEBUG   | scraper.email_extractor |   0 emails on https://www.speedyfuels.co.uk/products/ (def from html)
2025-08-23 01:47:18,826 | DEBUG   | scraper.async_http_client | Async GET https://jp.mitsuichemicals.com/jp/corporate/group/domestic_01/index.htm -> 200 (len=167041)
2025-08-23 01:47:18,884 | INFO    | scraper.email_extractor |   0 emails on https://jp.mitsuichemicals.com/jp/corporate/group/domestic_01/index.htm (def from text)
2025-08-23 01:47:18,952 | DEBUG   | scraper.email_extractor |   0 emails on https://jp.mitsuichemicals.com/jp/corporate/group/domestic_01/index.htm (def from html)
2025-08-23 01:47:19,017 | DEBUG   | scraper.async_http_client | Async GET https://walter-schmidt-chemie.de/produkte/premiumprodukte/ -> 200 (len=16969)
2025-08-23 01:47:19,025 | INFO    | scraper.email_extractor |   0 emails on https://walter-schmidt-chemie.de/produkte/premiumprodukte/ (def from text)
2025-08-23 01:47:19,032 | DEBUG   | scraper.email_extractor |   0 emails on https://walter-schmidt-chemie.de/produkte/premiumprodukte/ (def from html)
2025-08-23 01:47:19,046 | DEBUG   | scraper.async_http_client | Async GET https://www.daf.com.au -> 200 (len=129510)
2025-08-23 01:47:19,081 | INFO    | scraper.email_extractor |   0 emails on https://www.daf.com.au (def from text)
2025-08-23 01:47:19,104 | DEBUG   | scraper.email_extractor |   0 emails on https://www.daf.com.au (def from html)
2025-08-23 01:47:19,131 | DEBUG   | scraper.async_http_client | Async GET https://www.speedyfuels.co.uk/products/adblue/ -> 200 (len=262797)
2025-08-23 01:47:19,187 | INFO    | scraper.email_extractor |   0 emails on https://www.speedyfuels.co.uk/products/adblue/ (def from text)
2025-08-23 01:47:19,212 | DEBUG   | scraper.email_extractor |   0 emails on https://www.speedyfuels.co.uk/products/adblue/ (def from html)
2025-08-23 01:47:19,287 | DEBUG   | scraper.async_http_client | Async GET https://jp.mitsuichemicals.com/jp/corporate/group/group/index.htm -> 200 (len=209930)
2025-08-23 01:47:19,366 | INFO    | scraper.email_extractor |   0 emails on https://jp.mitsuichemicals.com/jp/corporate/group/group/index.htm (def from text)
2025-08-23 01:47:19,449 | DEBUG   | scraper.email_extractor |   0 emails on https://jp.mitsuichemicals.com/jp/corporate/group/group/index.htm (def from html)
2025-08-23 01:47:19,543 | DEBUG   | scraper.async_http_client | Async GET https://walter-schmidt-chemie.de/produkte/winterprodukte/ -> 200 (len=21977)
2025-08-23 01:47:19,563 | INFO    | scraper.email_extractor |   0 emails on https://walter-schmidt-chemie.de/produkte/winterprodukte/ (def from text)
2025-08-23 01:47:19,585 | DEBUG   | scraper.email_extractor |   0 emails on https://walter-schmidt-chemie.de/produkte/winterprodukte/ (def from html)
2025-08-23 01:47:19,604 | DEBUG   | scraper.async_http_client | Async GET https://www.speedyfuels.co.uk/products/biodiesel/ -> 200 (len=261691)
2025-08-23 01:47:19,659 | INFO    | scraper.email_extractor |   0 emails on https://www.speedyfuels.co.uk/products/biodiesel/ (def from text)
2025-08-23 01:47:19,684 | DEBUG   | scraper.email_extractor |   0 emails on https://www.speedyfuels.co.uk/products/biodiesel/ (def from html)
2025-08-23 01:47:19,712 | DEBUG   | scraper.async_http_client | Async GET https://synsol.ch/coal/ -> 200 (len=138559)
2025-08-23 01:47:19,739 | DEBUG   | scraper.email_extractor | Attempting to clean 'info@synsol.ch'
2025-08-23 01:47:19,739 | DEBUG   | scraper.email_extractor | Successfully cleaned 'info@synsol.ch' → 'info@synsol.ch'
2025-08-23 01:47:19,739 | INFO    | scraper.email_extractor |   1 emails on https://synsol.ch/coal/ (def from text)
2025-08-23 01:47:19,740 | DEBUG   | scraper.hybrid_email_extractor | Static text hits: 1 on https://synsol.ch/coal/
2025-08-23 01:47:19,802 | DEBUG   | scraper.async_http_client | Async GET https://www.speedyfuels.co.uk/products/carbon-clean-kerosene/ -> 200 (len=260521)
2025-08-23 01:47:19,850 | INFO    | scraper.email_extractor |   0 emails on https://www.speedyfuels.co.uk/products/carbon-clean-kerosene/ (def from text)
2025-08-23 01:47:19,889 | DEBUG   | scraper.email_extractor |   0 emails on https://www.speedyfuels.co.uk/products/carbon-clean-kerosene/ (def from html)
2025-08-23 01:47:19,998 | DEBUG   | scraper.async_http_client | Async GET https://www.speedyfuels.co.uk/products/carbon-offset-fuels/ -> 200 (len=273626)
2025-08-23 01:47:20,056 | INFO    | scraper.email_extractor |   0 emails on https://www.speedyfuels.co.uk/products/carbon-offset-fuels/ (def from text)
2025-08-23 01:47:20,089 | DEBUG   | scraper.email_extractor |   0 emails on https://www.speedyfuels.co.uk/products/carbon-offset-fuels/ (def from html)
2025-08-23 01:47:20,117 | DEBUG   | scraper.async_http_client | Async GET https://walter-schmidt-chemie.de/produkte/sommerprodukte/ -> 200 (len=16511)
2025-08-23 01:47:20,124 | INFO    | scraper.email_extractor |   0 emails on https://walter-schmidt-chemie.de/produkte/sommerprodukte/ (def from text)
2025-08-23 01:47:20,132 | DEBUG   | scraper.email_extractor |   0 emails on https://walter-schmidt-chemie.de/produkte/sommerprodukte/ (def from html)
2025-08-23 01:47:20,175 | DEBUG   | scraper.async_http_client | Async GET https://synsol.ch/lithium-hydroxide/ -> 200 (len=138463)
2025-08-23 01:47:20,198 | DEBUG   | scraper.email_extractor | Attempting to clean 'info@synsol.ch'
2025-08-23 01:47:20,198 | DEBUG   | scraper.email_extractor | Successfully cleaned 'info@synsol.ch' → 'info@synsol.ch'
2025-08-23 01:47:20,199 | INFO    | scraper.email_extractor |   1 emails on https://synsol.ch/lithium-hydroxide/ (def from text)
2025-08-23 01:47:20,199 | DEBUG   | scraper.hybrid_email_extractor | Static text hits: 1 on https://synsol.ch/lithium-hydroxide/
2025-08-23 01:47:20,218 | DEBUG   | scraper.async_http_client | Async GET https://jp.mitsuichemicals.com/jp/corporate/group/oversea_02/index.htm -> 200 (len=183677)
2025-08-23 01:47:20,457 | INFO    | scraper.email_extractor |   0 emails on https://jp.mitsuichemicals.com/jp/corporate/group/oversea_02/index.htm (def from text)
2025-08-23 01:47:20,494 | DEBUG   | scraper.email_extractor |   0 emails on https://jp.mitsuichemicals.com/jp/corporate/group/oversea_02/index.htm (def from html)
2025-08-23 01:47:20,537 | DEBUG   | scraper.async_http_client | Async GET https://www.daf.com.tw?MarketCode=TW -> 200 (len=22515)
2025-08-23 01:47:20,546 | INFO    | scraper.email_extractor |   0 emails on https://www.daf.com.tw?MarketCode=TW (def from text)
2025-08-23 01:47:20,550 | DEBUG   | scraper.email_extractor |   0 emails on https://www.daf.com.tw?MarketCode=TW (def from html)
2025-08-23 01:47:20,690 | DEBUG   | scraper.async_http_client | Async GET https://www.speedyfuels.co.uk/products/diesel/ -> 200 (len=264375)
2025-08-23 01:47:20,741 | INFO    | scraper.email_extractor |   0 emails on https://www.speedyfuels.co.uk/products/diesel/ (def from text)
2025-08-23 01:47:20,770 | DEBUG   | scraper.email_extractor |   0 emails on https://www.speedyfuels.co.uk/products/diesel/ (def from html)
2025-08-23 01:47:20,799 | DEBUG   | scraper.async_http_client | Async GET https://synsol.ch/heavy-alkylates/ -> 200 (len=138805)
2025-08-23 01:47:20,822 | DEBUG   | scraper.email_extractor | Attempting to clean 'info@synsol.ch'
2025-08-23 01:47:20,823 | DEBUG   | scraper.email_extractor | Successfully cleaned 'info@synsol.ch' → 'info@synsol.ch'
2025-08-23 01:47:20,823 | INFO    | scraper.email_extractor |   1 emails on https://synsol.ch/heavy-alkylates/ (def from text)
2025-08-23 01:47:20,823 | DEBUG   | scraper.hybrid_email_extractor | Static text hits: 1 on https://synsol.ch/heavy-alkylates/
2025-08-23 01:47:21,037 | DEBUG   | scraper.async_http_client | Async GET https://walter-schmidt-chemie.de/produkte/autopflegeprodukte/ -> 200 (len=27058)
2025-08-23 01:47:21,055 | INFO    | scraper.email_extractor |   0 emails on https://walter-schmidt-chemie.de/produkte/autopflegeprodukte/ (def from text)
2025-08-23 01:47:21,068 | DEBUG   | scraper.email_extractor |   0 emails on https://walter-schmidt-chemie.de/produkte/autopflegeprodukte/ (def from html)
2025-08-23 01:47:21,115 | DEBUG   | scraper.async_http_client | Async GET https://jp.mitsuichemicals.com/jp/corporate/governance/index.htm -> 200 (len=183699)
2025-08-23 01:47:21,170 | INFO    | scraper.email_extractor |   0 emails on https://jp.mitsuichemicals.com/jp/corporate/governance/index.htm (def from text)
2025-08-23 01:47:21,220 | DEBUG   | scraper.email_extractor |   0 emails on https://jp.mitsuichemicals.com/jp/corporate/governance/index.htm (def from html)
2025-08-23 01:47:21,270 | DEBUG   | scraper.async_http_client | Async GET https://readytogo.daf.com/en -> 200 (len=209367)
2025-08-23 01:47:21,289 | INFO    | scraper.email_extractor |   0 emails on https://readytogo.daf.com/en (def from text)
2025-08-23 01:47:21,305 | DEBUG   | scraper.email_extractor |   0 emails on https://readytogo.daf.com/en (def from html)
2025-08-23 01:47:21,328 | DEBUG   | scraper.async_http_client | Async GET https://synsol.ch/n-paraffins/ -> 200 (len=138924)
2025-08-23 01:47:21,347 | DEBUG   | scraper.email_extractor | Attempting to clean 'info@synsol.ch'
2025-08-23 01:47:21,348 | DEBUG   | scraper.email_extractor | Successfully cleaned 'info@synsol.ch' → 'info@synsol.ch'
2025-08-23 01:47:21,348 | INFO    | scraper.email_extractor |   1 emails on https://synsol.ch/n-paraffins/ (def from text)
2025-08-23 01:47:21,348 | DEBUG   | scraper.hybrid_email_extractor | Static text hits: 1 on https://synsol.ch/n-paraffins/
2025-08-23 01:47:21,392 | DEBUG   | scraper.async_http_client | Async GET https://synsol.ch/isoparaffins/ -> 200 (len=138797)
2025-08-23 01:47:21,412 | DEBUG   | scraper.email_extractor | Attempting to clean 'info@synsol.ch'
2025-08-23 01:47:21,412 | DEBUG   | scraper.email_extractor | Successfully cleaned 'info@synsol.ch' → 'info@synsol.ch'
2025-08-23 01:47:21,412 | INFO    | scraper.email_extractor |   1 emails on https://synsol.ch/isoparaffins/ (def from text)
2025-08-23 01:47:21,412 | DEBUG   | scraper.hybrid_email_extractor | Static text hits: 1 on https://synsol.ch/isoparaffins/
2025-08-23 01:47:21,458 | DEBUG   | scraper.async_http_client | Async GET https://synsol.ch/cutback-asphalt/ -> 200 (len=138516)
2025-08-23 01:47:21,487 | DEBUG   | scraper.email_extractor | Attempting to clean 'info@synsol.ch'
2025-08-23 01:47:21,487 | DEBUG   | scraper.email_extractor | Successfully cleaned 'info@synsol.ch' → 'info@synsol.ch'
2025-08-23 01:47:21,487 | INFO    | scraper.email_extractor |   1 emails on https://synsol.ch/cutback-asphalt/ (def from text)
2025-08-23 01:47:21,488 | DEBUG   | scraper.hybrid_email_extractor | Static text hits: 1 on https://synsol.ch/cutback-asphalt/
2025-08-23 01:47:21,582 | DEBUG   | scraper.async_http_client | Async GET https://daf.com/en/driver-information/driver-manuals -> 200 (len=98356)
2025-08-23 01:47:21,638 | INFO    | scraper.email_extractor |   0 emails on https://daf.com/en/driver-information/driver-manuals (def from text)
2025-08-23 01:47:21,675 | DEBUG   | scraper.email_extractor |   0 emails on https://daf.com/en/driver-information/driver-manuals (def from html)
2025-08-23 01:47:21,823 | DEBUG   | scraper.async_http_client | Async GET https://www.speedyfuels.co.uk/products/storage-tanks/ -> 200 (len=258782)
2025-08-23 01:47:21,871 | INFO    | scraper.email_extractor |   0 emails on https://www.speedyfuels.co.uk/products/storage-tanks/ (def from text)
2025-08-23 01:47:21,893 | DEBUG   | scraper.email_extractor |   0 emails on https://www.speedyfuels.co.uk/products/storage-tanks/ (def from html)
2025-08-23 01:47:21,922 | DEBUG   | scraper.async_http_client | Async GET https://rmi.daf.com -> 200 (len=65704)
2025-08-23 01:47:21,948 | INFO    | scraper.email_extractor |   0 emails on https://rmi.daf.com (def from text)
2025-08-23 01:47:21,973 | DEBUG   | scraper.email_extractor |   0 emails on https://rmi.daf.com (def from html)
2025-08-23 01:47:22,062 | DEBUG   | scraper.async_http_client | Async GET https://walter-schmidt-chemie.de/produkte/haus-garten-freizeit/ -> 200 (len=14983)
2025-08-23 01:47:22,072 | INFO    | scraper.email_extractor |   0 emails on https://walter-schmidt-chemie.de/produkte/haus-garten-freizeit/ (def from text)
2025-08-23 01:47:22,079 | DEBUG   | scraper.email_extractor |   0 emails on https://walter-schmidt-chemie.de/produkte/haus-garten-freizeit/ (def from html)
2025-08-23 01:47:22,158 | DEBUG   | scraper.async_http_client | Async GET https://synsol.ch/urea/ -> 200 (len=138370)
2025-08-23 01:47:22,184 | DEBUG   | scraper.email_extractor | Attempting to clean 'info@synsol.ch'
2025-08-23 01:47:22,184 | DEBUG   | scraper.email_extractor | Successfully cleaned 'info@synsol.ch' → 'info@synsol.ch'
2025-08-23 01:47:22,185 | INFO    | scraper.email_extractor |   1 emails on https://synsol.ch/urea/ (def from text)
2025-08-23 01:47:22,185 | DEBUG   | scraper.hybrid_email_extractor | Static text hits: 1 on https://synsol.ch/urea/
2025-08-23 01:47:22,204 | DEBUG   | scraper.async_http_client | Async GET https://jp.mitsuichemicals.com/jp/corporate/policylist/index.htm -> 200 (len=144859)
2025-08-23 01:47:22,298 | INFO    | scraper.email_extractor |   0 emails on https://jp.mitsuichemicals.com/jp/corporate/policylist/index.htm (def from text)
2025-08-23 01:47:22,368 | DEBUG   | scraper.email_extractor |   0 emails on https://jp.mitsuichemicals.com/jp/corporate/policylist/index.htm (def from html)
2025-08-23 01:47:22,430 | DEBUG   | scraper.async_http_client | Async GET https://pti.daf.com -> 200 (len=43464)
2025-08-23 01:47:22,451 | INFO    | scraper.email_extractor |   0 emails on https://pti.daf.com (def from text)
2025-08-23 01:47:22,472 | DEBUG   | scraper.email_extractor |   0 emails on https://pti.daf.com (def from html)
2025-08-23 01:47:22,714 | DEBUG   | scraper.async_http_client | Async GET https://daf.com/en/about-daf -> 200 (len=89287)
2025-08-23 01:47:22,748 | INFO    | scraper.email_extractor |   0 emails on https://daf.com/en/about-daf (def from text)
2025-08-23 01:47:22,776 | DEBUG   | scraper.email_extractor |   0 emails on https://daf.com/en/about-daf (def from html)
2025-08-23 01:47:22,804 | DEBUG   | scraper.async_http_client | Async GET https://www.speedyfuels.co.uk/products/hvo-fuel/ -> 200 (len=273163)
2025-08-23 01:47:22,857 | INFO    | scraper.email_extractor |   0 emails on https://www.speedyfuels.co.uk/products/hvo-fuel/ (def from text)
2025-08-23 01:47:22,885 | DEBUG   | scraper.email_extractor |   0 emails on https://www.speedyfuels.co.uk/products/hvo-fuel/ (def from html)
2025-08-23 01:47:23,121 | DEBUG   | scraper.async_http_client | Async GET https://daf.com/en/products-and-services -> 200 (len=154485)
2025-08-23 01:47:23,353 | INFO    | scraper.email_extractor |   0 emails on https://daf.com/en/products-and-services (def from text)
2025-08-23 01:47:23,409 | DEBUG   | scraper.email_extractor |   0 emails on https://daf.com/en/products-and-services (def from html)
2025-08-23 01:47:23,454 | DEBUG   | scraper.async_http_client | Async GET https://jp.mitsuichemicals.com/jp/corporate/purchasing/index.htm -> 200 (len=109357)
2025-08-23 01:47:23,489 | INFO    | scraper.email_extractor |   0 emails on https://jp.mitsuichemicals.com/jp/corporate/purchasing/index.htm (def from text)
2025-08-23 01:47:23,516 | DEBUG   | scraper.email_extractor |   0 emails on https://jp.mitsuichemicals.com/jp/corporate/purchasing/index.htm (def from html)
2025-08-23 01:47:23,551 | DEBUG   | scraper.async_http_client | Async GET https://walter-schmidt-chemie.de/produkte/desinfektion/ -> 200 (len=15052)
2025-08-23 01:47:23,558 | INFO    | scraper.email_extractor |   0 emails on https://walter-schmidt-chemie.de/produkte/desinfektion/ (def from text)
2025-08-23 01:47:23,565 | DEBUG   | scraper.email_extractor |   0 emails on https://walter-schmidt-chemie.de/produkte/desinfektion/ (def from html)
2025-08-23 01:47:23,572 | DEBUG   | scraper.async_http_client | Async GET https://synsol.ch/aromatics-100-150/ -> 200 (len=138546)
2025-08-23 01:47:23,596 | DEBUG   | scraper.email_extractor | Attempting to clean 'info@synsol.ch'
2025-08-23 01:47:23,597 | DEBUG   | scraper.email_extractor | Successfully cleaned 'info@synsol.ch' → 'info@synsol.ch'
2025-08-23 01:47:23,597 | INFO    | scraper.email_extractor |   1 emails on https://synsol.ch/aromatics-100-150/ (def from text)
2025-08-23 01:47:23,597 | DEBUG   | scraper.hybrid_email_extractor | Static text hits: 1 on https://synsol.ch/aromatics-100-150/
2025-08-23 01:47:23,742 | DEBUG   | scraper.async_http_client | Async GET https://www.speedyfuels.co.uk/products/speedy-flame-industrial-heating-oil/ -> 200 (len=262931)
2025-08-23 01:47:23,793 | INFO    | scraper.email_extractor |   0 emails on https://www.speedyfuels.co.uk/products/speedy-flame-industrial-heating-oil/ (def from text)
2025-08-23 01:47:23,817 | DEBUG   | scraper.email_extractor |   0 emails on https://www.speedyfuels.co.uk/products/speedy-flame-industrial-heating-oil/ (def from html)
2025-08-23 01:47:23,842 | DEBUG   | scraper.async_http_client | Async GET https://daf.com/en/contact -> 200 (len=122323)
2025-08-23 01:47:23,901 | INFO    | scraper.email_extractor |   0 emails on https://daf.com/en/contact (def from text)
2025-08-23 01:47:23,945 | DEBUG   | scraper.email_extractor |   0 emails on https://daf.com/en/contact (def from html)
2025-08-23 01:47:24,104 | DEBUG   | scraper.async_http_client | Async GET https://jp.mitsuichemicals.com/jp/corporate/brand/index.htm -> 200 (len=27790)
2025-08-23 01:47:24,109 | INFO    | scraper.email_extractor |   0 emails on https://jp.mitsuichemicals.com/jp/corporate/brand/index.htm (def from text)
2025-08-23 01:47:24,117 | DEBUG   | scraper.email_extractor |   0 emails on https://jp.mitsuichemicals.com/jp/corporate/brand/index.htm (def from html)
2025-08-23 01:47:24,148 | DEBUG   | scraper.async_http_client | Async GET https://synsol.ch/bright-stock/ -> 200 (len=138380)
2025-08-23 01:47:24,171 | DEBUG   | scraper.email_extractor | Attempting to clean 'info@synsol.ch'
2025-08-23 01:47:24,171 | DEBUG   | scraper.email_extractor | Successfully cleaned 'info@synsol.ch' → 'info@synsol.ch'
2025-08-23 01:47:24,171 | INFO    | scraper.email_extractor |   1 emails on https://synsol.ch/bright-stock/ (def from text)
2025-08-23 01:47:24,171 | DEBUG   | scraper.hybrid_email_extractor | Static text hits: 1 on https://synsol.ch/bright-stock/
2025-08-23 01:47:24,296 | DEBUG   | scraper.async_http_client | Async GET https://daf.com/en/contact/pems-testing-service-contact-page -> 200 (len=75022)
2025-08-23 01:47:24,327 | INFO    | scraper.email_extractor |   0 emails on https://daf.com/en/contact/pems-testing-service-contact-page (def from text)
2025-08-23 01:47:24,357 | DEBUG   | scraper.email_extractor |   0 emails on https://daf.com/en/contact/pems-testing-service-contact-page (def from html)
2025-08-23 01:47:24,686 | DEBUG   | scraper.async_http_client | Async GET https://daf.com/en/legal/code-of-conduct -> 200 (len=76447)
2025-08-23 01:47:24,718 | INFO    | scraper.email_extractor |   0 emails on https://daf.com/en/legal/code-of-conduct (def from text)
2025-08-23 01:47:24,749 | DEBUG   | scraper.email_extractor |   0 emails on https://daf.com/en/legal/code-of-conduct (def from html)
2025-08-23 01:47:24,774 | DEBUG   | scraper.async_http_client | Async GET https://www.speedyfuels.co.uk/products/kerosene/ -> 200 (len=266037)
2025-08-23 01:47:24,824 | INFO    | scraper.email_extractor |   0 emails on https://www.speedyfuels.co.uk/products/kerosene/ (def from text)
2025-08-23 01:47:24,863 | DEBUG   | scraper.email_extractor |   0 emails on https://www.speedyfuels.co.uk/products/kerosene/ (def from html)
2025-08-23 01:47:25,109 | DEBUG   | scraper.async_http_client | Async GET https://daf.com/en/working-at-daf/onboarding -> 200 (len=82932)
2025-08-23 01:47:25,146 | INFO    | scraper.email_extractor |   0 emails on https://daf.com/en/working-at-daf/onboarding (def from text)
2025-08-23 01:47:25,172 | DEBUG   | scraper.email_extractor |   0 emails on https://daf.com/en/working-at-daf/onboarding (def from html)
2025-08-23 01:47:25,201 | DEBUG   | scraper.async_http_client | Async GET https://jp.mitsuichemicals.com/jp/corporate/number/index.htm -> 200 (len=55374)
2025-08-23 01:47:25,221 | INFO    | scraper.email_extractor |   0 emails on https://jp.mitsuichemicals.com/jp/corporate/number/index.htm (def from text)
2025-08-23 01:47:25,240 | DEBUG   | scraper.email_extractor |   0 emails on https://jp.mitsuichemicals.com/jp/corporate/number/index.htm (def from html)
2025-08-23 01:47:25,264 | DEBUG   | scraper.async_http_client | Async GET https://walter-schmidt-chemie.de/produkte/adblue/ -> 200 (len=14915)
2025-08-23 01:47:25,271 | INFO    | scraper.email_extractor |   0 emails on https://walter-schmidt-chemie.de/produkte/adblue/ (def from text)
2025-08-23 01:47:25,279 | DEBUG   | scraper.email_extractor |   0 emails on https://walter-schmidt-chemie.de/produkte/adblue/ (def from html)
2025-08-23 01:47:25,290 | DEBUG   | scraper.async_http_client | Async GET https://synsol.ch/white-spirit/ -> 200 (len=138462)
2025-08-23 01:47:25,311 | DEBUG   | scraper.email_extractor | Attempting to clean 'info@synsol.ch'
2025-08-23 01:47:25,311 | DEBUG   | scraper.email_extractor | Successfully cleaned 'info@synsol.ch' → 'info@synsol.ch'
2025-08-23 01:47:25,311 | INFO    | scraper.email_extractor |   1 emails on https://synsol.ch/white-spirit/ (def from text)
2025-08-23 01:47:25,312 | DEBUG   | scraper.hybrid_email_extractor | Static text hits: 1 on https://synsol.ch/white-spirit/
2025-08-23 01:47:25,406 | DEBUG   | scraper.async_http_client | Async GET https://rmi.daf.com/ -> 200 (len=65704)
2025-08-23 01:47:25,432 | INFO    | scraper.email_extractor |   0 emails on https://rmi.daf.com/ (def from text)
2025-08-23 01:47:25,456 | DEBUG   | scraper.email_extractor |   0 emails on https://rmi.daf.com/ (def from html)
2025-08-23 01:47:25,548 | DEBUG   | scraper.async_http_client | Async GET https://walter-schmidt-chemie.de/produkte/professional-reiniger/ -> 200 (len=23868)
2025-08-23 01:47:25,567 | INFO    | scraper.email_extractor |   0 emails on https://walter-schmidt-chemie.de/produkte/professional-reiniger/ (def from text)
2025-08-23 01:47:25,581 | DEBUG   | scraper.email_extractor |   0 emails on https://walter-schmidt-chemie.de/produkte/professional-reiniger/ (def from html)
2025-08-23 01:47:25,593 | DEBUG   | scraper.async_http_client | Async GET https://www.daf.com/en/sites-landing -> 200 (len=85093)
2025-08-23 01:47:25,629 | INFO    | scraper.email_extractor |   0 emails on https://www.daf.com/en/sites-landing (def from text)
2025-08-23 01:47:25,656 | DEBUG   | scraper.email_extractor |   0 emails on https://www.daf.com/en/sites-landing (def from html)
2025-08-23 01:47:25,716 | DEBUG   | scraper.async_http_client | Async GET https://www.speedyfuels.co.uk/products/45-gallon-drums-205-litre-barrels/ -> 200 (len=265115)
2025-08-23 01:47:25,777 | INFO    | scraper.email_extractor |   0 emails on https://www.speedyfuels.co.uk/products/45-gallon-drums-205-litre-barrels/ (def from text)
2025-08-23 01:47:25,801 | DEBUG   | scraper.email_extractor |   0 emails on https://www.speedyfuels.co.uk/products/45-gallon-drums-205-litre-barrels/ (def from html)
2025-08-23 01:47:25,883 | DEBUG   | scraper.async_http_client | Async GET https://daf.com/en/legal/legal-notice -> 200 (len=74386)
2025-08-23 01:47:25,912 | INFO    | scraper.email_extractor |   0 emails on https://daf.com/en/legal/legal-notice (def from text)
2025-08-23 01:47:25,935 | DEBUG   | scraper.email_extractor |   0 emails on https://daf.com/en/legal/legal-notice (def from html)
2025-08-23 01:47:26,072 | DEBUG   | scraper.async_http_client | Async GET https://walter-schmidt-chemie.de/produkte/reiniger/ -> 200 (len=29008)
2025-08-23 01:47:26,282 | INFO    | scraper.email_extractor |   0 emails on https://walter-schmidt-chemie.de/produkte/reiniger/ (def from text)
2025-08-23 01:47:26,295 | DEBUG   | scraper.email_extractor |   0 emails on https://walter-schmidt-chemie.de/produkte/reiniger/ (def from html)
2025-08-23 01:47:26,310 | DEBUG   | scraper.async_http_client | Async GET https://jp.mitsuichemicals.com/jp/special/creation_palette/index.htm -> 200 (len=14252)
2025-08-23 01:47:26,316 | INFO    | scraper.email_extractor |   0 emails on https://jp.mitsuichemicals.com/jp/special/creation_palette/index.htm (def from text)
2025-08-23 01:47:26,321 | DEBUG   | scraper.email_extractor |   0 emails on https://jp.mitsuichemicals.com/jp/special/creation_palette/index.htm (def from html)
2025-08-23 01:47:26,363 | DEBUG   | scraper.async_http_client | Async GET https://synsol.ch/ulsd-gasoil-en590/ -> 200 (len=138548)
2025-08-23 01:47:26,383 | DEBUG   | scraper.email_extractor | Attempting to clean 'info@synsol.ch'
2025-08-23 01:47:26,384 | DEBUG   | scraper.email_extractor | Successfully cleaned 'info@synsol.ch' → 'info@synsol.ch'
2025-08-23 01:47:26,384 | INFO    | scraper.email_extractor |   1 emails on https://synsol.ch/ulsd-gasoil-en590/ (def from text)
2025-08-23 01:47:26,384 | DEBUG   | scraper.hybrid_email_extractor | Static text hits: 1 on https://synsol.ch/ulsd-gasoil-en590/
2025-08-23 01:47:26,727 | DEBUG   | scraper.async_http_client | Async GET https://www.speedyfuels.co.uk/products/red-diesel/ -> 200 (len=268064)
2025-08-23 01:47:26,788 | INFO    | scraper.email_extractor |   0 emails on https://www.speedyfuels.co.uk/products/red-diesel/ (def from text)
2025-08-23 01:47:26,814 | DEBUG   | scraper.email_extractor |   0 emails on https://www.speedyfuels.co.uk/products/red-diesel/ (def from html)
2025-08-23 01:47:26,839 | DEBUG   | scraper.async_http_client | Async GET https://daf.com/en/legal/privacy-statement -> 200 (len=93232)
2025-08-23 01:47:26,872 | INFO    | scraper.email_extractor |   0 emails on https://daf.com/en/legal/privacy-statement (def from text)
2025-08-23 01:47:26,912 | DEBUG   | scraper.email_extractor | Attempting to clean 'dataprotectionofficer@daftrucks.com'
2025-08-23 01:47:26,912 | DEBUG   | scraper.email_extractor | Successfully cleaned 'dataprotectionofficer@daftrucks.com' → 'dataprotectionofficer@daftrucks.com'
2025-08-23 01:47:26,912 | DEBUG   | scraper.email_extractor |   1 emails on https://daf.com/en/legal/privacy-statement (def from html)
2025-08-23 01:47:26,912 | DEBUG   | scraper.hybrid_email_extractor | HTML fallback hits: 1 on https://daf.com/en/legal/privacy-statement
2025-08-23 01:47:26,913 | DEBUG   | scraper.async_orchestrator | [CRAWL] https://daf.com/en/legal/privacy-statement +1 (total=2)
2025-08-23 01:47:27,157 | DEBUG   | scraper.async_http_client | Async GET https://synsol.ch/vgo/ -> 200 (len=138305)
2025-08-23 01:47:27,181 | DEBUG   | scraper.email_extractor | Attempting to clean 'info@synsol.ch'
2025-08-23 01:47:27,181 | DEBUG   | scraper.email_extractor | Successfully cleaned 'info@synsol.ch' → 'info@synsol.ch'
2025-08-23 01:47:27,182 | INFO    | scraper.email_extractor |   1 emails on https://synsol.ch/vgo/ (def from text)
2025-08-23 01:47:27,182 | DEBUG   | scraper.hybrid_email_extractor | Static text hits: 1 on https://synsol.ch/vgo/
2025-08-23 01:47:27,220 | DEBUG   | scraper.async_http_client | Async GET https://jp.mitsuichemicals.com/jp/corporate/25th-history/index.htm -> 200 (len=111794)
2025-08-23 01:47:27,255 | INFO    | scraper.email_extractor |   0 emails on https://jp.mitsuichemicals.com/jp/corporate/25th-history/index.htm (def from text)
2025-08-23 01:47:27,285 | DEBUG   | scraper.email_extractor |   0 emails on https://jp.mitsuichemicals.com/jp/corporate/25th-history/index.htm (def from html)
2025-08-23 01:47:27,317 | DEBUG   | scraper.async_http_client | Async GET https://walter-schmidt-chemie.de/produkte/putztuchrollen/ -> 200 (len=17111)
2025-08-23 01:47:27,324 | INFO    | scraper.email_extractor |   0 emails on https://walter-schmidt-chemie.de/produkte/putztuchrollen/ (def from text)
2025-08-23 01:47:27,331 | DEBUG   | scraper.email_extractor |   0 emails on https://walter-schmidt-chemie.de/produkte/putztuchrollen/ (def from html)
2025-08-23 01:47:27,715 | DEBUG   | scraper.async_http_client | Async GET https://daf.com/en/legal/general-conditions -> 200 (len=69405)
2025-08-23 01:47:27,745 | INFO    | scraper.email_extractor |   0 emails on https://daf.com/en/legal/general-conditions (def from text)
2025-08-23 01:47:27,772 | DEBUG   | scraper.email_extractor |   0 emails on https://daf.com/en/legal/general-conditions (def from html)
2025-08-23 01:47:27,794 | DEBUG   | scraper.async_http_client | Async GET https://www.speedyfuels.co.uk/lubricants/ -> 200 (len=262461)
2025-08-23 01:47:27,844 | INFO    | scraper.email_extractor |   0 emails on https://www.speedyfuels.co.uk/lubricants/ (def from text)
2025-08-23 01:47:27,868 | DEBUG   | scraper.email_extractor |   0 emails on https://www.speedyfuels.co.uk/lubricants/ (def from html)
2025-08-23 01:47:28,149 | DEBUG   | scraper.async_http_client | Async GET https://jp.mitsuichemicals.com/jp/molp/index.htm -> 200 (len=30220)
2025-08-23 01:47:28,165 | INFO    | scraper.email_extractor |   0 emails on https://jp.mitsuichemicals.com/jp/molp/index.htm (def from text)
2025-08-23 01:47:28,177 | DEBUG   | scraper.email_extractor |   0 emails on https://jp.mitsuichemicals.com/jp/molp/index.htm (def from html)
2025-08-23 01:47:28,189 | DEBUG   | scraper.async_http_client | Async GET https://synsol.ch/naphtha-light-heavy/ -> 200 (len=138592)
2025-08-23 01:47:28,216 | DEBUG   | scraper.email_extractor | Attempting to clean 'info@synsol.ch'
2025-08-23 01:47:28,217 | DEBUG   | scraper.email_extractor | Successfully cleaned 'info@synsol.ch' → 'info@synsol.ch'
2025-08-23 01:47:28,217 | INFO    | scraper.email_extractor |   1 emails on https://synsol.ch/naphtha-light-heavy/ (def from text)
2025-08-23 01:47:28,217 | DEBUG   | scraper.hybrid_email_extractor | Static text hits: 1 on https://synsol.ch/naphtha-light-heavy/
2025-08-23 01:47:28,235 | DEBUG   | scraper.async_http_client | Async GET https://walter-schmidt-chemie.de/produkte/zubehoer/ -> 200 (len=15268)
2025-08-23 01:47:28,242 | INFO    | scraper.email_extractor |   0 emails on https://walter-schmidt-chemie.de/produkte/zubehoer/ (def from text)
2025-08-23 01:47:28,250 | DEBUG   | scraper.email_extractor |   0 emails on https://walter-schmidt-chemie.de/produkte/zubehoer/ (def from html)
2025-08-23 01:47:28,643 | DEBUG   | scraper.async_http_client | Async GET https://daf.com/en/legal/daf-and-cookies -> 200 (len=68981)
2025-08-23 01:47:28,678 | INFO    | scraper.email_extractor |   0 emails on https://daf.com/en/legal/daf-and-cookies (def from text)
2025-08-23 01:47:28,700 | DEBUG   | scraper.email_extractor |   0 emails on https://daf.com/en/legal/daf-and-cookies (def from html)
2025-08-23 01:47:28,722 | DEBUG   | scraper.async_http_client | Async GET https://www.speedyfuels.co.uk/lubricants/agricultural-lubricants/ -> 200 (len=261146)
2025-08-23 01:47:28,770 | INFO    | scraper.email_extractor |   0 emails on https://www.speedyfuels.co.uk/lubricants/agricultural-lubricants/ (def from text)
2025-08-23 01:47:28,796 | DEBUG   | scraper.email_extractor |   0 emails on https://www.speedyfuels.co.uk/lubricants/agricultural-lubricants/ (def from html)
2025-08-23 01:47:28,927 | DEBUG   | scraper.async_http_client | Async GET https://parts.daf.com/hybrid-login -> 200 (len=1044)
2025-08-23 01:47:28,928 | DEBUG   | scraper.email_extractor |   0 emails on https://parts.daf.com/hybrid-login (def from html)
2025-08-23 01:47:29,086 | DEBUG   | scraper.async_http_client | Async GET https://jp.mitsuichemicals.com/jp/service/index.htm -> 200 (len=256848)
2025-08-23 01:47:29,148 | INFO    | scraper.email_extractor |   0 emails on https://jp.mitsuichemicals.com/jp/service/index.htm (def from text)
2025-08-23 01:47:29,199 | DEBUG   | scraper.email_extractor |   0 emails on https://jp.mitsuichemicals.com/jp/service/index.htm (def from html)
2025-08-23 01:47:29,294 | DEBUG   | scraper.async_http_client | Async GET https://synsol.ch/crude-oil-blends/ -> 200 (len=138776)
2025-08-23 01:47:29,314 | DEBUG   | scraper.email_extractor | Attempting to clean 'info@synsol.ch'
2025-08-23 01:47:29,314 | DEBUG   | scraper.email_extractor | Successfully cleaned 'info@synsol.ch' → 'info@synsol.ch'
2025-08-23 01:47:29,315 | INFO    | scraper.email_extractor |   1 emails on https://synsol.ch/crude-oil-blends/ (def from text)
2025-08-23 01:47:29,315 | DEBUG   | scraper.hybrid_email_extractor | Static text hits: 1 on https://synsol.ch/crude-oil-blends/
2025-08-23 01:47:29,339 | DEBUG   | scraper.async_http_client | Async GET https://parts.daf.com/en-gb/request-account -> 200 (len=973130)
2025-08-23 01:47:29,423 | INFO    | scraper.email_extractor |   0 emails on https://parts.daf.com/en-gb/request-account (def from text)
2025-08-23 01:47:29,430 | DEBUG   | scraper.email_extractor |   0 emails on https://parts.daf.com/en-gb/request-account (def from html)
2025-08-23 01:47:29,708 | DEBUG   | scraper.async_http_client | Async GET https://www.speedyfuels.co.uk/lubricants/automotive-lubricants/ -> 200 (len=259285)
2025-08-23 01:47:29,765 | INFO    | scraper.email_extractor |   0 emails on https://www.speedyfuels.co.uk/lubricants/automotive-lubricants/ (def from text)
2025-08-23 01:47:29,790 | DEBUG   | scraper.email_extractor |   0 emails on https://www.speedyfuels.co.uk/lubricants/automotive-lubricants/ (def from html)
2025-08-23 01:47:30,097 | DEBUG   | scraper.async_http_client | Async GET https://jp.mitsuichemicals.com/jp/service/life_healthcare/index.htm -> 200 (len=114445)
2025-08-23 01:47:30,171 | INFO    | scraper.email_extractor |   0 emails on https://jp.mitsuichemicals.com/jp/service/life_healthcare/index.htm (def from text)
2025-08-23 01:47:30,219 | DEBUG   | scraper.email_extractor |   0 emails on https://jp.mitsuichemicals.com/jp/service/life_healthcare/index.htm (def from html)
2025-08-23 01:47:30,268 | DEBUG   | scraper.async_http_client | Async GET https://parts.daf.com/en-gb/webshop-merchandise-campaign -> 200 (len=998887)
2025-08-23 01:47:30,340 | INFO    | scraper.email_extractor |   0 emails on https://parts.daf.com/en-gb/webshop-merchandise-campaign (def from text)
2025-08-23 01:47:30,349 | DEBUG   | scraper.email_extractor |   0 emails on https://parts.daf.com/en-gb/webshop-merchandise-campaign (def from html)
2025-08-23 01:47:30,360 | DEBUG   | scraper.async_http_client | Async GET https://synsol.ch/paraffin-wax-synthetic-wax/ -> 200 (len=138739)
2025-08-23 01:47:30,379 | DEBUG   | scraper.email_extractor | Attempting to clean 'info@synsol.ch'
2025-08-23 01:47:30,379 | DEBUG   | scraper.email_extractor | Successfully cleaned 'info@synsol.ch' → 'info@synsol.ch'
2025-08-23 01:47:30,380 | INFO    | scraper.email_extractor |   1 emails on https://synsol.ch/paraffin-wax-synthetic-wax/ (def from text)
2025-08-23 01:47:30,380 | DEBUG   | scraper.hybrid_email_extractor | Static text hits: 1 on https://synsol.ch/paraffin-wax-synthetic-wax/
2025-08-23 01:47:30,714 | DEBUG   | scraper.async_http_client | Async GET https://www.speedyfuels.co.uk/lubricants/biodegradable-lubricants/ -> 200 (len=259283)
2025-08-23 01:47:30,954 | INFO    | scraper.email_extractor |   0 emails on https://www.speedyfuels.co.uk/lubricants/biodegradable-lubricants/ (def from text)
2025-08-23 01:47:30,982 | DEBUG   | scraper.email_extractor |   0 emails on https://www.speedyfuels.co.uk/lubricants/biodegradable-lubricants/ (def from html)
2025-08-23 01:47:31,022 | DEBUG   | scraper.async_http_client | Async GET https://parts.daf.com/en-gb/daf-original-parts -> 200 (len=1029882)
2025-08-23 01:47:31,107 | INFO    | scraper.email_extractor |   0 emails on https://parts.daf.com/en-gb/daf-original-parts (def from text)
2025-08-23 01:47:31,119 | DEBUG   | scraper.email_extractor |   0 emails on https://parts.daf.com/en-gb/daf-original-parts (def from html)
2025-08-23 01:47:31,159 | DEBUG   | scraper.async_http_client | Async GET https://synsol.ch/high-purity-hydrocarbons-c6-c7/ -> 200 (len=139170)
2025-08-23 01:47:31,191 | DEBUG   | scraper.email_extractor | Attempting to clean 'info@synsol.ch'
2025-08-23 01:47:31,191 | DEBUG   | scraper.email_extractor | Successfully cleaned 'info@synsol.ch' → 'info@synsol.ch'
2025-08-23 01:47:31,191 | INFO    | scraper.email_extractor |   1 emails on https://synsol.ch/high-purity-hydrocarbons-c6-c7/ (def from text)
2025-08-23 01:47:31,192 | DEBUG   | scraper.hybrid_email_extractor | Static text hits: 1 on https://synsol.ch/high-purity-hydrocarbons-c6-c7/
2025-08-23 01:47:31,297 | DEBUG   | scraper.async_http_client | Async GET https://jp.mitsuichemicals.com/jp/service/mobility/index.htm -> 200 (len=111457)
2025-08-23 01:47:31,330 | INFO    | scraper.email_extractor |   0 emails on https://jp.mitsuichemicals.com/jp/service/mobility/index.htm (def from text)
2025-08-23 01:47:31,371 | DEBUG   | scraper.email_extractor |   0 emails on https://jp.mitsuichemicals.com/jp/service/mobility/index.htm (def from html)
2025-08-23 01:47:31,415 | DEBUG   | scraper.async_http_client | Async GET https://parts.daf.com/en-gb/paccar-power-solutions -> 200 (len=102001)
2025-08-23 01:47:31,450 | INFO    | scraper.email_extractor |   0 emails on https://parts.daf.com/en-gb/paccar-power-solutions (def from text)
2025-08-23 01:47:31,489 | DEBUG   | scraper.email_extractor |   0 emails on https://parts.daf.com/en-gb/paccar-power-solutions (def from html)
2025-08-23 01:47:31,711 | DEBUG   | scraper.async_http_client | Async GET https://www.speedyfuels.co.uk/lubricants/commercial-lubricants/ -> 200 (len=259344)
2025-08-23 01:47:31,759 | INFO    | scraper.email_extractor |   0 emails on https://www.speedyfuels.co.uk/lubricants/commercial-lubricants/ (def from text)
2025-08-23 01:47:31,790 | DEBUG   | scraper.email_extractor |   0 emails on https://www.speedyfuels.co.uk/lubricants/commercial-lubricants/ (def from html)
2025-08-23 01:47:31,875 | DEBUG   | scraper.async_http_client | Async GET https://parts.daf.com/en-gb/general-information -> 200 (len=992497)
2025-08-23 01:47:31,942 | INFO    | scraper.email_extractor |   0 emails on https://parts.daf.com/en-gb/general-information (def from text)
2025-08-23 01:47:31,953 | DEBUG   | scraper.email_extractor |   0 emails on https://parts.daf.com/en-gb/general-information (def from html)
2025-08-23 01:47:32,103 | DEBUG   | scraper.async_http_client | Async GET https://jp.mitsuichemicals.com/jp/service/ict/index.htm -> 200 (len=115979)
2025-08-23 01:47:32,144 | INFO    | scraper.email_extractor |   0 emails on https://jp.mitsuichemicals.com/jp/service/ict/index.htm (def from text)
2025-08-23 01:47:32,175 | DEBUG   | scraper.email_extractor |   0 emails on https://jp.mitsuichemicals.com/jp/service/ict/index.htm (def from html)
2025-08-23 01:47:32,231 | DEBUG   | scraper.async_http_client | Async GET https://synsol.ch/refined-petroleum-products/ -> 200 (len=138937)
2025-08-23 01:47:32,261 | DEBUG   | scraper.email_extractor | Attempting to clean 'info@synsol.ch'
2025-08-23 01:47:32,262 | DEBUG   | scraper.email_extractor | Successfully cleaned 'info@synsol.ch' → 'info@synsol.ch'
2025-08-23 01:47:32,262 | INFO    | scraper.email_extractor |   1 emails on https://synsol.ch/refined-petroleum-products/ (def from text)
2025-08-23 01:47:32,262 | DEBUG   | scraper.hybrid_email_extractor | Static text hits: 1 on https://synsol.ch/refined-petroleum-products/
2025-08-23 01:47:32,287 | DEBUG   | scraper.async_http_client | Async GET https://parts.daf.com/en-gb/loyalty-program -> 200 (len=985859)
2025-08-23 01:47:32,347 | INFO    | scraper.email_extractor |   0 emails on https://parts.daf.com/en-gb/loyalty-program (def from text)
2025-08-23 01:47:32,356 | DEBUG   | scraper.email_extractor |   0 emails on https://parts.daf.com/en-gb/loyalty-program (def from html)
2025-08-23 01:47:32,558 | DEBUG   | scraper.async_http_client | Async GET https://www.daf.com/ -> 200 (len=85093)
2025-08-23 01:47:32,594 | INFO    | scraper.email_extractor |   0 emails on https://www.daf.com/ (def from text)
2025-08-23 01:47:32,624 | DEBUG   | scraper.email_extractor |   0 emails on https://www.daf.com/ (def from html)
2025-08-23 01:47:32,822 | DEBUG   | scraper.async_http_client | Async GET https://www.speedyfuels.co.uk/lubricants/engine-oils-supplier/ -> 200 (len=265733)
2025-08-23 01:47:32,873 | INFO    | scraper.email_extractor |   0 emails on https://www.speedyfuels.co.uk/lubricants/engine-oils-supplier/ (def from text)
2025-08-23 01:47:32,898 | DEBUG   | scraper.email_extractor |   0 emails on https://www.speedyfuels.co.uk/lubricants/engine-oils-supplier/ (def from html)
2025-08-23 01:47:32,922 | DEBUG   | scraper.async_http_client | Async GET https://daf.com/en/choose-your-country -> 200 (len=112251)
2025-08-23 01:47:32,969 | INFO    | scraper.email_extractor |   0 emails on https://daf.com/en/choose-your-country (def from text)
2025-08-23 01:47:33,004 | DEBUG   | scraper.email_extractor |   0 emails on https://daf.com/en/choose-your-country (def from html)
2025-08-23 01:47:33,082 | DEBUG   | scraper.async_http_client | Async GET https://walter-schmidt-chemie.de/produkte/sicherheitsdatenblaetter-und-inhaltstoffe.html -> 200 (len=66243)
2025-08-23 01:47:33,122 | INFO    | scraper.email_extractor |   0 emails on https://walter-schmidt-chemie.de/produkte/sicherheitsdatenblaetter-und-inhaltstoffe.html (def from text)
2025-08-23 01:47:33,149 | DEBUG   | scraper.email_extractor |   0 emails on https://walter-schmidt-chemie.de/produkte/sicherheitsdatenblaetter-und-inhaltstoffe.html (def from html)
2025-08-23 01:47:33,196 | DEBUG   | scraper.async_http_client | Async GET https://jp.mitsuichemicals.com/jp/service/basic/index.htm -> 200 (len=111010)
2025-08-23 01:47:33,228 | INFO    | scraper.email_extractor |   0 emails on https://jp.mitsuichemicals.com/jp/service/basic/index.htm (def from text)
2025-08-23 01:47:33,263 | DEBUG   | scraper.email_extractor |   0 emails on https://jp.mitsuichemicals.com/jp/service/basic/index.htm (def from html)
2025-08-23 01:47:33,300 | DEBUG   | scraper.async_http_client | Async GET https://synsol.ch/privacy-policy-of-synsol-ag/ -> 200 (len=108337)
2025-08-23 01:47:33,313 | INFO    | scraper.email_extractor |   0 emails on https://synsol.ch/privacy-policy-of-synsol-ag/ (def from text)
2025-08-23 01:47:33,322 | DEBUG   | scraper.email_extractor |   0 emails on https://synsol.ch/privacy-policy-of-synsol-ag/ (def from html)
2025-08-23 01:47:33,331 | DEBUG   | scraper.async_orchestrator | Summary synsol.ch raw=1 filtered=1 valid=1
2025-08-23 01:47:33,331 | INFO    | scraper.async_orchestrator | ✅ Found 1 emails for Synsol (synsol.ch)
2025-08-23 01:47:33,332 | INFO    | scraper.async_orchestrator | [ORCHESTRATOR] Domain task completed: synsol.ch (1 rows)
2025-08-23 01:47:33,333 | DEBUG   | scraper.async_orchestrator | [ORCHESTRATOR] Waiting for domain task completion
2025-08-23 01:47:33,384 | DEBUG   | scraper.async_http_client | Async GET https://daf.com/en/about-daf/board-of-management -> 200 (len=88712)
2025-08-23 01:47:33,428 | INFO    | scraper.email_extractor |   0 emails on https://daf.com/en/about-daf/board-of-management (def from text)
2025-08-23 01:47:33,459 | DEBUG   | scraper.email_extractor |   0 emails on https://daf.com/en/about-daf/board-of-management (def from html)
2025-08-23 01:47:33,689 | DEBUG   | scraper.async_http_client | Async GET https://daf.com/en/about-daf/daf-worldwide -> 200 (len=86985)
2025-08-23 01:47:33,729 | INFO    | scraper.email_extractor |   0 emails on https://daf.com/en/about-daf/daf-worldwide (def from text)
2025-08-23 01:47:33,764 | DEBUG   | scraper.email_extractor |   0 emails on https://daf.com/en/about-daf/daf-worldwide (def from html)
2025-08-23 01:47:33,991 | DEBUG   | scraper.async_http_client | Async GET https://www.speedyfuels.co.uk/lubricants/hydraulic-oils/ -> 200 (len=259708)
2025-08-23 01:47:34,038 | INFO    | scraper.email_extractor |   0 emails on https://www.speedyfuels.co.uk/lubricants/hydraulic-oils/ (def from text)
2025-08-23 01:47:34,075 | DEBUG   | scraper.email_extractor |   0 emails on https://www.speedyfuels.co.uk/lubricants/hydraulic-oils/ (def from html)
2025-08-23 01:47:34,246 | DEBUG   | scraper.async_http_client | Async GET https://daf.com/en/about-daf/daf-worldwide/production-locations -> 200 (len=84576)
2025-08-23 01:47:34,284 | INFO    | scraper.email_extractor |   0 emails on https://daf.com/en/about-daf/daf-worldwide/production-locations (def from text)
2025-08-23 01:47:34,310 | DEBUG   | scraper.email_extractor |   0 emails on https://daf.com/en/about-daf/daf-worldwide/production-locations (def from html)
2025-08-23 01:47:34,335 | DEBUG   | scraper.async_http_client | Async GET https://jp.mitsuichemicals.com/jp/service/new_business/index.htm -> 200 (len=129870)
2025-08-23 01:47:34,373 | INFO    | scraper.email_extractor |   0 emails on https://jp.mitsuichemicals.com/jp/service/new_business/index.htm (def from text)
2025-08-23 01:47:34,412 | DEBUG   | scraper.email_extractor |   0 emails on https://jp.mitsuichemicals.com/jp/service/new_business/index.htm (def from html)
2025-08-23 01:47:34,449 | DEBUG   | scraper.async_http_client | Async GET https://walter-schmidt-chemie.de/beteiligungsgesellschaften/ -> 200 (len=14054)
2025-08-23 01:47:34,456 | INFO    | scraper.email_extractor |   0 emails on https://walter-schmidt-chemie.de/beteiligungsgesellschaften/ (def from text)
2025-08-23 01:47:34,461 | DEBUG   | scraper.email_extractor |   0 emails on https://walter-schmidt-chemie.de/beteiligungsgesellschaften/ (def from html)
2025-08-23 01:47:34,716 | DEBUG   | scraper.async_http_client | Async GET https://www.speedyfuels.co.uk/lubricants/industrial-lubricants/ -> 200 (len=263285)
2025-08-23 01:47:34,772 | INFO    | scraper.email_extractor |   0 emails on https://www.speedyfuels.co.uk/lubricants/industrial-lubricants/ (def from text)
2025-08-23 01:47:34,806 | DEBUG   | scraper.email_extractor |   0 emails on https://www.speedyfuels.co.uk/lubricants/industrial-lubricants/ (def from html)
2025-08-23 01:47:34,831 | DEBUG   | scraper.async_http_client | Async GET https://walter-schmidt-chemie.de/beteiligungsgesellschaften/walter-schmidt-zement-gmbh.html -> 200 (len=14054)
2025-08-23 01:47:34,837 | INFO    | scraper.email_extractor |   0 emails on https://walter-schmidt-chemie.de/beteiligungsgesellschaften/walter-schmidt-zement-gmbh.html (def from text)
2025-08-23 01:47:34,844 | DEBUG   | scraper.email_extractor |   0 emails on https://walter-schmidt-chemie.de/beteiligungsgesellschaften/walter-schmidt-zement-gmbh.html (def from html)
2025-08-23 01:47:34,854 | DEBUG   | scraper.async_http_client | Async GET https://daf.com/en/about-daf/daf-worldwide/dealer-network -> 200 (len=88254)
2025-08-23 01:47:34,885 | INFO    | scraper.email_extractor |   0 emails on https://daf.com/en/about-daf/daf-worldwide/dealer-network (def from text)
2025-08-23 01:47:34,917 | DEBUG   | scraper.email_extractor |   0 emails on https://daf.com/en/about-daf/daf-worldwide/dealer-network (def from html)
2025-08-23 01:47:35,155 | DEBUG   | scraper.async_http_client | Async GET https://jp.mitsuichemicals.com/jp/service/search/index.htm -> 200 (len=727242)
2025-08-23 01:47:35,595 | INFO    | scraper.email_extractor |   0 emails on https://jp.mitsuichemicals.com/jp/service/search/index.htm (def from text)
2025-08-23 01:47:35,928 | DEBUG   | scraper.email_extractor |   0 emails on https://jp.mitsuichemicals.com/jp/service/search/index.htm (def from html)
2025-08-23 01:47:36,404 | DEBUG   | scraper.async_http_client | Async GET https://walter-schmidt-chemie.de/beteiligungsgesellschaften/walter-schmidt-cement-polska.html -> 200 (len=15613)
2025-08-23 01:47:36,410 | INFO    | scraper.email_extractor |   0 emails on https://walter-schmidt-chemie.de/beteiligungsgesellschaften/walter-schmidt-cement-polska.html (def from text)
2025-08-23 01:47:36,416 | DEBUG   | scraper.email_extractor |   0 emails on https://walter-schmidt-chemie.de/beteiligungsgesellschaften/walter-schmidt-cement-polska.html (def from html)
2025-08-23 01:47:36,534 | DEBUG   | scraper.async_http_client | Async GET https://www.speedyfuels.co.uk/lubricants/marine-lubricants/ -> 200 (len=259602)
2025-08-23 01:47:36,586 | INFO    | scraper.email_extractor |   0 emails on https://www.speedyfuels.co.uk/lubricants/marine-lubricants/ (def from text)
2025-08-23 01:47:36,620 | DEBUG   | scraper.email_extractor |   0 emails on https://www.speedyfuels.co.uk/lubricants/marine-lubricants/ (def from html)
2025-08-23 01:47:36,645 | DEBUG   | scraper.async_http_client | Async GET https://daf.com/en/about-daf/daf-worldwide/world-class-technology -> 200 (len=84977)
2025-08-23 01:47:36,677 | INFO    | scraper.email_extractor |   0 emails on https://daf.com/en/about-daf/daf-worldwide/world-class-technology (def from text)
2025-08-23 01:47:36,702 | DEBUG   | scraper.email_extractor |   0 emails on https://daf.com/en/about-daf/daf-worldwide/world-class-technology (def from html)
2025-08-23 01:47:36,726 | DEBUG   | scraper.async_http_client | Async GET https://walter-schmidt-chemie.de/beteiligungsgesellschaften/walter-schmidt-logistik-gmbh.html -> 200 (len=14762)
2025-08-23 01:47:36,732 | INFO    | scraper.email_extractor |   0 emails on https://walter-schmidt-chemie.de/beteiligungsgesellschaften/walter-schmidt-logistik-gmbh.html (def from text)
2025-08-23 01:47:36,738 | DEBUG   | scraper.email_extractor |   0 emails on https://walter-schmidt-chemie.de/beteiligungsgesellschaften/walter-schmidt-logistik-gmbh.html (def from html)
2025-08-23 01:47:36,750 | DEBUG   | scraper.async_http_client | Async GET https://jp.mitsuichemicals.com/jp/service/exhibition/index.htm -> 200 (len=129871)
2025-08-23 01:47:36,792 | INFO    | scraper.email_extractor |   0 emails on https://jp.mitsuichemicals.com/jp/service/exhibition/index.htm (def from text)
2025-08-23 01:47:36,833 | DEBUG   | scraper.email_extractor |   0 emails on https://jp.mitsuichemicals.com/jp/service/exhibition/index.htm (def from html)
2025-08-23 01:47:36,883 | DEBUG   | scraper.async_http_client | Async GET https://www.speedyfuels.co.uk/lubricants/metalworking-fluids/ -> 200 (len=260558)
2025-08-23 01:47:36,948 | INFO    | scraper.email_extractor |   0 emails on https://www.speedyfuels.co.uk/lubricants/metalworking-fluids/ (def from text)
2025-08-23 01:47:36,972 | DEBUG   | scraper.email_extractor |   0 emails on https://www.speedyfuels.co.uk/lubricants/metalworking-fluids/ (def from html)
2025-08-23 01:47:37,160 | DEBUG   | scraper.async_http_client | Async GET https://daf.com/en/about-daf/facts-and-figures -> 200 (len=91299)
2025-08-23 01:47:37,210 | INFO    | scraper.email_extractor |   0 emails on https://daf.com/en/about-daf/facts-and-figures (def from text)
2025-08-23 01:47:37,250 | DEBUG   | scraper.email_extractor |   0 emails on https://daf.com/en/about-daf/facts-and-figures (def from html)
2025-08-23 01:47:37,283 | DEBUG   | scraper.async_http_client | Async GET https://jp.mitsuichemicals.com/jp/service/sds/index.htm -> 200 (len=121307)
2025-08-23 01:47:37,324 | INFO    | scraper.email_extractor |   0 emails on https://jp.mitsuichemicals.com/jp/service/sds/index.htm (def from text)
2025-08-23 01:47:37,372 | DEBUG   | scraper.email_extractor |   0 emails on https://jp.mitsuichemicals.com/jp/service/sds/index.htm (def from html)
2025-08-23 01:47:37,708 | DEBUG   | scraper.async_http_client | Async GET https://www.speedyfuels.co.uk/lubricant-health-check/ -> 200 (len=257162)
2025-08-23 01:47:37,756 | INFO    | scraper.email_extractor |   0 emails on https://www.speedyfuels.co.uk/lubricant-health-check/ (def from text)
2025-08-23 01:47:37,784 | DEBUG   | scraper.email_extractor |   0 emails on https://www.speedyfuels.co.uk/lubricant-health-check/ (def from html)
2025-08-23 01:47:37,811 | DEBUG   | scraper.async_http_client | Async GET https://daf.com/en/about-daf/daf-history -> 200 (len=123871)
2025-08-23 01:47:37,850 | INFO    | scraper.email_extractor |   0 emails on https://daf.com/en/about-daf/daf-history (def from text)
2025-08-23 01:47:37,888 | DEBUG   | scraper.email_extractor |   0 emails on https://daf.com/en/about-daf/daf-history (def from html)
2025-08-23 01:47:38,206 | DEBUG   | scraper.async_http_client | Async GET https://walter-schmidt-chemie.de/kontakt/ -> 200 (len=17052)
2025-08-23 01:47:38,214 | INFO    | scraper.email_extractor |   0 emails on https://walter-schmidt-chemie.de/kontakt/ (def from text)
2025-08-23 01:47:38,221 | DEBUG   | scraper.email_extractor |   0 emails on https://walter-schmidt-chemie.de/kontakt/ (def from html)
2025-08-23 01:47:38,229 | DEBUG   | scraper.async_http_client | Async GET https://jp.mitsuichemicals.com/jp/techno/index.htm -> 200 (len=123513)
2025-08-23 01:47:38,261 | INFO    | scraper.email_extractor |   0 emails on https://jp.mitsuichemicals.com/jp/techno/index.htm (def from text)
2025-08-23 01:47:38,290 | DEBUG   | scraper.email_extractor |   0 emails on https://jp.mitsuichemicals.com/jp/techno/index.htm (def from html)
2025-08-23 01:47:38,547 | DEBUG   | scraper.async_http_client | Async GET https://walter-schmidt-chemie.de/kontakt/kontaktformular/ -> 200 (len=17052)
2025-08-23 01:47:38,559 | INFO    | scraper.email_extractor |   0 emails on https://walter-schmidt-chemie.de/kontakt/kontaktformular/ (def from text)
2025-08-23 01:47:38,569 | DEBUG   | scraper.email_extractor |   0 emails on https://walter-schmidt-chemie.de/kontakt/kontaktformular/ (def from html)
2025-08-23 01:47:38,720 | DEBUG   | scraper.async_http_client | Async GET https://www.speedyfuels.co.uk/services/ -> 200 (len=265031)
2025-08-23 01:47:38,780 | INFO    | scraper.email_extractor |   0 emails on https://www.speedyfuels.co.uk/services/ (def from text)
2025-08-23 01:47:38,814 | DEBUG   | scraper.email_extractor |   0 emails on https://www.speedyfuels.co.uk/services/ (def from html)
2025-08-23 01:47:38,849 | DEBUG   | scraper.async_http_client | Async GET https://daf.com/en/about-daf/daf-history/clever-solutions -> 200 (len=89533)
2025-08-23 01:47:38,898 | INFO    | scraper.email_extractor |   0 emails on https://daf.com/en/about-daf/daf-history/clever-solutions (def from text)
2025-08-23 01:47:38,936 | DEBUG   | scraper.email_extractor |   0 emails on https://daf.com/en/about-daf/daf-history/clever-solutions (def from html)
2025-08-23 01:47:38,962 | DEBUG   | scraper.async_http_client | Async GET https://walter-schmidt-chemie.de/kontakt/impressum.html -> 200 (len=18491)
2025-08-23 01:47:38,970 | DEBUG   | scraper.email_extractor | Attempting to clean 'info@walter-schmidt-chemie.de'
2025-08-23 01:47:38,970 | DEBUG   | scraper.email_extractor | Successfully cleaned 'info@walter-schmidt-chemie.de' → 'info@walter-schmidt-chemie.de'
2025-08-23 01:47:38,971 | INFO    | scraper.email_extractor |   1 emails on https://walter-schmidt-chemie.de/kontakt/impressum.html (def from text)
2025-08-23 01:47:38,971 | DEBUG   | scraper.hybrid_email_extractor | Static text hits: 1 on https://walter-schmidt-chemie.de/kontakt/impressum.html
2025-08-23 01:47:38,971 | DEBUG   | scraper.async_orchestrator | [CRAWL] https://walter-schmidt-chemie.de/kontakt/impressum.html +1 (total=1)
2025-08-23 01:47:39,141 | DEBUG   | scraper.async_http_client | Async GET https://jp.mitsuichemicals.com/jp/techno/message/index.htm -> 200 (len=104477)
2025-08-23 01:47:39,389 | INFO    | scraper.email_extractor |   0 emails on https://jp.mitsuichemicals.com/jp/techno/message/index.htm (def from text)
2025-08-23 01:47:39,424 | DEBUG   | scraper.email_extractor |   0 emails on https://jp.mitsuichemicals.com/jp/techno/message/index.htm (def from html)
2025-08-23 01:47:39,455 | DEBUG   | scraper.async_http_client | Async GET https://walter-schmidt-chemie.de/kontakt/inhaltsverzeichnis.html -> 200 (len=29253)
2025-08-23 01:47:39,470 | INFO    | scraper.email_extractor |   0 emails on https://walter-schmidt-chemie.de/kontakt/inhaltsverzeichnis.html (def from text)
2025-08-23 01:47:39,482 | DEBUG   | scraper.email_extractor |   0 emails on https://walter-schmidt-chemie.de/kontakt/inhaltsverzeichnis.html (def from html)
2025-08-23 01:47:39,719 | DEBUG   | scraper.async_http_client | Async GET https://www.speedyfuels.co.uk/services/fuel-management/ -> 200 (len=260013)
2025-08-23 01:47:39,791 | INFO    | scraper.email_extractor |   0 emails on https://www.speedyfuels.co.uk/services/fuel-management/ (def from text)
2025-08-23 01:47:39,820 | DEBUG   | scraper.email_extractor |   0 emails on https://www.speedyfuels.co.uk/services/fuel-management/ (def from html)
2025-08-23 01:47:39,847 | DEBUG   | scraper.async_http_client | Async GET https://daf.com/en/about-daf/daf-history/past-and-present -> 200 (len=86449)
2025-08-23 01:47:39,881 | INFO    | scraper.email_extractor |   0 emails on https://daf.com/en/about-daf/daf-history/past-and-present (def from text)
2025-08-23 01:47:39,929 | DEBUG   | scraper.email_extractor |   0 emails on https://daf.com/en/about-daf/daf-history/past-and-present (def from html)
2025-08-23 01:47:40,077 | DEBUG   | scraper.async_http_client | Async GET https://walter-schmidt-chemie.de/kontakt/meldeplattform-hinschg/ -> 200 (len=7453)
2025-08-23 01:47:40,079 | INFO    | scraper.email_extractor |   0 emails on https://walter-schmidt-chemie.de/kontakt/meldeplattform-hinschg/ (def from text)
2025-08-23 01:47:40,081 | DEBUG   | scraper.email_extractor |   0 emails on https://walter-schmidt-chemie.de/kontakt/meldeplattform-hinschg/ (def from html)
2025-08-23 01:47:40,102 | DEBUG   | scraper.async_http_client | Async GET https://jp.mitsuichemicals.com/jp/techno/information/2025/index.htm -> 200 (len=107177)
2025-08-23 01:47:40,158 | INFO    | scraper.email_extractor |   0 emails on https://jp.mitsuichemicals.com/jp/techno/information/2025/index.htm (def from text)
2025-08-23 01:47:40,204 | DEBUG   | scraper.email_extractor |   0 emails on https://jp.mitsuichemicals.com/jp/techno/information/2025/index.htm (def from html)
2025-08-23 01:47:40,495 | DEBUG   | scraper.async_http_client | Async GET https://walter-schmidt-chemie.de/kontakt/datenschutzerklaerung.html -> 200 (len=34282)
2025-08-23 01:47:40,511 | DEBUG   | scraper.email_extractor | Attempting to clean 'info@walter-schmidt-chemie.de'
2025-08-23 01:47:40,511 | DEBUG   | scraper.email_extractor | Successfully cleaned 'info@walter-schmidt-chemie.de' → 'info@walter-schmidt-chemie.de'
2025-08-23 01:47:40,512 | DEBUG   | scraper.email_extractor | Attempting to clean 'Datenschutz@walter-schmidt-chemie.de'
2025-08-23 01:47:40,512 | DEBUG   | scraper.email_extractor | Successfully cleaned 'Datenschutz@walter-schmidt-chemie.de' → 'datenschutz@walter-schmidt-chemie.de'
2025-08-23 01:47:40,512 | DEBUG   | scraper.email_extractor | Attempting to clean 'datenschutz@schmidt-zement.de'
2025-08-23 01:47:40,513 | DEBUG   | scraper.email_extractor | Successfully cleaned 'datenschutz@schmidt-zement.de' → 'datenschutz@schmidt-zement.de'
2025-08-23 01:47:40,513 | INFO    | scraper.email_extractor |   3 emails on https://walter-schmidt-chemie.de/kontakt/datenschutzerklaerung.html (def from text)
2025-08-23 01:47:40,513 | DEBUG   | scraper.hybrid_email_extractor | Static text hits: 3 on https://walter-schmidt-chemie.de/kontakt/datenschutzerklaerung.html
2025-08-23 01:47:40,513 | DEBUG   | scraper.async_orchestrator | [CRAWL] https://walter-schmidt-chemie.de/kontakt/datenschutzerklaerung.html +2 (total=3)
2025-08-23 01:47:40,528 | DEBUG   | scraper.async_http_client | Blocked domain or extension: https://walter-schmidt-chemie.de/kontakt/agb.pdf
2025-08-23 01:47:40,528 | DEBUG   | scraper.async_http_client | Blocked domain or extension: https://walter-schmidt-chemie.de/kontakt/einkaufsbedingungen.pdf
2025-08-23 01:47:40,706 | DEBUG   | scraper.async_http_client | Async GET https://www.speedyfuels.co.uk/services/fuel-polishing/ -> 200 (len=259995)
2025-08-23 01:47:40,757 | INFO    | scraper.email_extractor |   0 emails on https://www.speedyfuels.co.uk/services/fuel-polishing/ (def from text)
2025-08-23 01:47:40,781 | DEBUG   | scraper.email_extractor |   0 emails on https://www.speedyfuels.co.uk/services/fuel-polishing/ (def from html)
2025-08-23 01:47:40,815 | DEBUG   | scraper.async_http_client | Async GET https://daf.com/en/about-daf/daf-history/timeline -> 200 (len=126794)
2025-08-23 01:47:40,857 | INFO    | scraper.email_extractor |   0 emails on https://daf.com/en/about-daf/daf-history/timeline (def from text)
2025-08-23 01:47:40,901 | DEBUG   | scraper.email_extractor |   0 emails on https://daf.com/en/about-daf/daf-history/timeline (def from html)
2025-08-23 01:47:41,035 | DEBUG   | scraper.async_http_client | Async GET https://walter-schmidt-chemie.de/cookieconsenthandler.html&return=1 -> 200 (len=20274)
2025-08-23 01:47:41,056 | INFO    | scraper.email_extractor |   0 emails on https://walter-schmidt-chemie.de/cookieconsenthandler.html&return=1 (def from text)
2025-08-23 01:47:41,067 | DEBUG   | scraper.email_extractor |   0 emails on https://walter-schmidt-chemie.de/cookieconsenthandler.html&return=1 (def from html)
2025-08-23 01:47:41,222 | DEBUG   | scraper.async_http_client | Async GET https://jp.mitsuichemicals.com/jp/techno/strategy/index.htm -> 200 (len=107593)
2025-08-23 01:47:41,256 | INFO    | scraper.email_extractor |   0 emails on https://jp.mitsuichemicals.com/jp/techno/strategy/index.htm (def from text)
2025-08-23 01:47:41,286 | DEBUG   | scraper.email_extractor |   0 emails on https://jp.mitsuichemicals.com/jp/techno/strategy/index.htm (def from html)
2025-08-23 01:47:41,552 | DEBUG   | scraper.async_http_client | Async GET https://www.walter-schmidt-chemie.de/en/index.html -> 200 (len=19575)
2025-08-23 01:47:41,570 | INFO    | scraper.email_extractor |   0 emails on https://www.walter-schmidt-chemie.de/en/index.html (def from text)
2025-08-23 01:47:41,582 | DEBUG   | scraper.email_extractor |   0 emails on https://www.walter-schmidt-chemie.de/en/index.html (def from html)
2025-08-23 01:47:41,709 | DEBUG   | scraper.async_http_client | Async GET https://daf.com/en/about-daf/sustainability -> 200 (len=88408)
2025-08-23 01:47:41,752 | INFO    | scraper.email_extractor |   0 emails on https://daf.com/en/about-daf/sustainability (def from text)
2025-08-23 01:47:41,785 | DEBUG   | scraper.email_extractor |   0 emails on https://daf.com/en/about-daf/sustainability (def from html)
2025-08-23 01:47:41,816 | DEBUG   | scraper.async_http_client | Async GET https://www.speedyfuels.co.uk/services/fuel-testing-and-sampling/ -> 200 (len=258752)
2025-08-23 01:47:41,861 | INFO    | scraper.email_extractor |   0 emails on https://www.speedyfuels.co.uk/services/fuel-testing-and-sampling/ (def from text)
2025-08-23 01:47:41,885 | DEBUG   | scraper.email_extractor |   0 emails on https://www.speedyfuels.co.uk/services/fuel-testing-and-sampling/ (def from html)
2025-08-23 01:47:42,202 | DEBUG   | scraper.async_http_client | Async GET https://jp.mitsuichemicals.com/jp/techno/labo/index.htm -> 200 (len=151858)
2025-08-23 01:47:42,244 | INFO    | scraper.email_extractor |   0 emails on https://jp.mitsuichemicals.com/jp/techno/labo/index.htm (def from text)
2025-08-23 01:47:42,283 | DEBUG   | scraper.email_extractor |   0 emails on https://jp.mitsuichemicals.com/jp/techno/labo/index.htm (def from html)
2025-08-23 01:47:42,710 | DEBUG   | scraper.async_http_client | Async GET https://www.speedyfuels.co.uk/services/fuel-uplift/ -> 200 (len=259510)
2025-08-23 01:47:42,763 | INFO    | scraper.email_extractor |   0 emails on https://www.speedyfuels.co.uk/services/fuel-uplift/ (def from text)
2025-08-23 01:47:42,789 | DEBUG   | scraper.email_extractor |   0 emails on https://www.speedyfuels.co.uk/services/fuel-uplift/ (def from html)
2025-08-23 01:47:42,818 | DEBUG   | scraper.async_http_client | Async GET https://daf.com/en/about-daf/sustainability/environment-emission-reduction -> 200 (len=93534)
2025-08-23 01:47:42,849 | INFO    | scraper.email_extractor |   0 emails on https://daf.com/en/about-daf/sustainability/environment-emission-reduction (def from text)
2025-08-23 01:47:42,877 | DEBUG   | scraper.email_extractor |   0 emails on https://daf.com/en/about-daf/sustainability/environment-emission-reduction (def from html)
2025-08-23 01:47:42,907 | DEBUG   | scraper.async_http_client | Async GET https://www.walter-schmidt-chemie.de/en/pursue/ -> 200 (len=15887)
2025-08-23 01:47:42,913 | INFO    | scraper.email_extractor |   0 emails on https://www.walter-schmidt-chemie.de/en/pursue/ (def from text)
2025-08-23 01:47:42,920 | DEBUG   | scraper.email_extractor |   0 emails on https://www.walter-schmidt-chemie.de/en/pursue/ (def from html)
2025-08-23 01:47:43,114 | DEBUG   | scraper.async_http_client | Async GET https://www.walter-schmidt-chemie.de/en/pursue/company-vision.html -> 200 (len=15887)
2025-08-23 01:47:43,124 | INFO    | scraper.email_extractor |   0 emails on https://www.walter-schmidt-chemie.de/en/pursue/company-vision.html (def from text)
2025-08-23 01:47:43,132 | DEBUG   | scraper.email_extractor |   0 emails on https://www.walter-schmidt-chemie.de/en/pursue/company-vision.html (def from html)
2025-08-23 01:47:43,170 | DEBUG   | scraper.async_http_client | Async GET https://jp.mitsuichemicals.com/jp/techno/core_technology/precision_synthesis/index.htm -> 200 (len=122376)
2025-08-23 01:47:43,205 | INFO    | scraper.email_extractor |   0 emails on https://jp.mitsuichemicals.com/jp/techno/core_technology/precision_synthesis/index.htm (def from text)
2025-08-23 01:47:43,240 | DEBUG   | scraper.email_extractor |   0 emails on https://jp.mitsuichemicals.com/jp/techno/core_technology/precision_synthesis/index.htm (def from html)
2025-08-23 01:47:43,712 | DEBUG   | scraper.async_http_client | Async GET https://www.speedyfuels.co.uk/services/nationwide-fuel-delivery/ -> 200 (len=263903)
2025-08-23 01:47:43,764 | INFO    | scraper.email_extractor |   0 emails on https://www.speedyfuels.co.uk/services/nationwide-fuel-delivery/ (def from text)
2025-08-23 01:47:43,800 | DEBUG   | scraper.email_extractor |   0 emails on https://www.speedyfuels.co.uk/services/nationwide-fuel-delivery/ (def from html)
2025-08-23 01:47:43,826 | DEBUG   | scraper.async_http_client | Async GET https://daf.com/en/about-daf/sustainability/environment-circularity -> 200 (len=91023)
2025-08-23 01:47:43,863 | INFO    | scraper.email_extractor |   0 emails on https://daf.com/en/about-daf/sustainability/environment-circularity (def from text)
2025-08-23 01:47:43,892 | DEBUG   | scraper.email_extractor |   0 emails on https://daf.com/en/about-daf/sustainability/environment-circularity (def from html)
2025-08-23 01:47:44,174 | DEBUG   | scraper.async_http_client | Async GET https://jp.mitsuichemicals.com/jp/techno/open/index.htm -> 200 (len=99347)
2025-08-23 01:47:44,205 | INFO    | scraper.email_extractor |   0 emails on https://jp.mitsuichemicals.com/jp/techno/open/index.htm (def from text)
2025-08-23 01:47:44,235 | DEBUG   | scraper.email_extractor |   0 emails on https://jp.mitsuichemicals.com/jp/techno/open/index.htm (def from html)
2025-08-23 01:47:44,265 | DEBUG   | scraper.async_http_client | Async GET https://www.walter-schmidt-chemie.de/en/pursue/locations.html -> 200 (len=15318)
2025-08-23 01:47:44,272 | INFO    | scraper.email_extractor |   0 emails on https://www.walter-schmidt-chemie.de/en/pursue/locations.html (def from text)
2025-08-23 01:47:44,279 | DEBUG   | scraper.email_extractor |   0 emails on https://www.walter-schmidt-chemie.de/en/pursue/locations.html (def from html)
2025-08-23 01:47:44,709 | DEBUG   | scraper.async_http_client | Async GET https://www.speedyfuels.co.uk/services/priority-contracts/ -> 200 (len=261352)
2025-08-23 01:47:44,761 | INFO    | scraper.email_extractor |   0 emails on https://www.speedyfuels.co.uk/services/priority-contracts/ (def from text)
2025-08-23 01:47:44,790 | DEBUG   | scraper.email_extractor |   0 emails on https://www.speedyfuels.co.uk/services/priority-contracts/ (def from html)
2025-08-23 01:47:44,816 | DEBUG   | scraper.async_http_client | Async GET https://daf.com/en/about-daf/sustainability/care-for-people -> 200 (len=93504)
2025-08-23 01:47:44,849 | INFO    | scraper.email_extractor |   0 emails on https://daf.com/en/about-daf/sustainability/care-for-people (def from text)
2025-08-23 01:47:44,879 | DEBUG   | scraper.email_extractor |   0 emails on https://daf.com/en/about-daf/sustainability/care-for-people (def from html)
2025-08-23 01:47:44,913 | DEBUG   | scraper.async_orchestrator | Summary daf.com raw=2 filtered=2 valid=2
2025-08-23 01:47:44,913 | INFO    | scraper.async_orchestrator | ✅ Found 2 emails for daf trucks (daf.com)
2025-08-23 01:47:44,914 | INFO    | scraper.async_orchestrator | [ORCHESTRATOR] Domain task completed: daf.com (2 rows)
2025-08-23 01:47:44,915 | DEBUG   | scraper.async_orchestrator | [ORCHESTRATOR] Waiting for domain task completion
2025-08-23 01:47:45,218 | DEBUG   | scraper.async_http_client | Async GET https://jp.mitsuichemicals.com/jp/techno/prize/past_2023/index.htm -> 200 (len=114899)
2025-08-23 01:47:45,254 | INFO    | scraper.email_extractor |   0 emails on https://jp.mitsuichemicals.com/jp/techno/prize/past_2023/index.htm (def from text)
2025-08-23 01:47:45,296 | DEBUG   | scraper.email_extractor |   0 emails on https://jp.mitsuichemicals.com/jp/techno/prize/past_2023/index.htm (def from html)
2025-08-23 01:47:45,336 | DEBUG   | scraper.async_http_client | Async GET https://www.walter-schmidt-chemie.de/en/pursue/certifications/ -> 200 (len=13946)
2025-08-23 01:47:45,347 | INFO    | scraper.email_extractor |   0 emails on https://www.walter-schmidt-chemie.de/en/pursue/certifications/ (def from text)
2025-08-23 01:47:45,352 | DEBUG   | scraper.email_extractor |   0 emails on https://www.walter-schmidt-chemie.de/en/pursue/certifications/ (def from html)
2025-08-23 01:47:45,707 | DEBUG   | scraper.async_http_client | Async GET https://www.speedyfuels.co.uk/environment/alternative-fuels/ -> 200 (len=244732)
2025-08-23 01:47:45,755 | INFO    | scraper.email_extractor |   0 emails on https://www.speedyfuels.co.uk/environment/alternative-fuels/ (def from text)
2025-08-23 01:47:45,775 | DEBUG   | scraper.email_extractor |   0 emails on https://www.speedyfuels.co.uk/environment/alternative-fuels/ (def from html)
2025-08-23 01:47:46,096 | DEBUG   | scraper.async_http_client | Async GET https://jp.mitsuichemicals.com/jp/techno/csa/index.htm -> 200 (len=113846)
2025-08-23 01:47:46,136 | INFO    | scraper.email_extractor |   0 emails on https://jp.mitsuichemicals.com/jp/techno/csa/index.htm (def from text)
2025-08-23 01:47:46,162 | DEBUG   | scraper.email_extractor |   0 emails on https://jp.mitsuichemicals.com/jp/techno/csa/index.htm (def from html)
2025-08-23 01:47:46,491 | DEBUG   | scraper.async_http_client | Async GET https://www.walter-schmidt-chemie.de/en/pursue/we-work-with.html -> 200 (len=18177)
2025-08-23 01:47:46,501 | INFO    | scraper.email_extractor |   0 emails on https://www.walter-schmidt-chemie.de/en/pursue/we-work-with.html (def from text)
2025-08-23 01:47:46,511 | DEBUG   | scraper.email_extractor |   0 emails on https://www.walter-schmidt-chemie.de/en/pursue/we-work-with.html (def from html)
2025-08-23 01:47:46,719 | DEBUG   | scraper.async_http_client | Async GET https://www.speedyfuels.co.uk/services/waste-fuels-removal/ -> 200 (len=258067)
2025-08-23 01:47:46,770 | INFO    | scraper.email_extractor |   0 emails on https://www.speedyfuels.co.uk/services/waste-fuels-removal/ (def from text)
2025-08-23 01:47:46,797 | DEBUG   | scraper.email_extractor |   0 emails on https://www.speedyfuels.co.uk/services/waste-fuels-removal/ (def from html)
2025-08-23 01:47:47,091 | DEBUG   | scraper.async_http_client | Async GET https://jp.mitsuichemicals.com/jp/techno/ip/index.htm -> 200 (len=108127)
2025-08-23 01:47:47,120 | INFO    | scraper.email_extractor |   0 emails on https://jp.mitsuichemicals.com/jp/techno/ip/index.htm (def from text)
2025-08-23 01:47:47,146 | DEBUG   | scraper.email_extractor |   0 emails on https://jp.mitsuichemicals.com/jp/techno/ip/index.htm (def from html)
2025-08-23 01:47:47,715 | DEBUG   | scraper.async_http_client | Async GET https://www.speedyfuels.co.uk/tank-services/ -> 200 (len=259777)
2025-08-23 01:47:47,761 | INFO    | scraper.email_extractor |   0 emails on https://www.speedyfuels.co.uk/tank-services/ (def from text)
2025-08-23 01:47:47,782 | DEBUG   | scraper.email_extractor |   0 emails on https://www.speedyfuels.co.uk/tank-services/ (def from html)
2025-08-23 01:47:47,854 | DEBUG   | scraper.async_http_client | Async GET https://www.walter-schmidt-chemie.de/en/products/ -> 200 (len=16814)
2025-08-23 01:47:47,865 | INFO    | scraper.email_extractor |   0 emails on https://www.walter-schmidt-chemie.de/en/products/ (def from text)
2025-08-23 01:47:47,874 | DEBUG   | scraper.email_extractor |   0 emails on https://www.walter-schmidt-chemie.de/en/products/ (def from html)
2025-08-23 01:47:48,075 | DEBUG   | scraper.async_http_client | Async GET https://jp.mitsuichemicals.com/jp/techno/feature/index.htm -> 200 (len=117334)
2025-08-23 01:47:48,115 | INFO    | scraper.email_extractor |   0 emails on https://jp.mitsuichemicals.com/jp/techno/feature/index.htm (def from text)
2025-08-23 01:47:48,145 | DEBUG   | scraper.email_extractor |   0 emails on https://jp.mitsuichemicals.com/jp/techno/feature/index.htm (def from html)
2025-08-23 01:47:48,296 | DEBUG   | scraper.async_http_client | Async GET https://www.walter-schmidt-chemie.de/en/products/productsearch.html -> 200 (len=12468)
2025-08-23 01:47:48,320 | INFO    | scraper.email_extractor |   0 emails on https://www.walter-schmidt-chemie.de/en/products/productsearch.html (def from text)
2025-08-23 01:47:48,332 | DEBUG   | scraper.email_extractor |   0 emails on https://www.walter-schmidt-chemie.de/en/products/productsearch.html (def from html)
2025-08-23 01:47:48,705 | DEBUG   | scraper.async_http_client | Async GET https://www.speedyfuels.co.uk/services/industrial-tank-cleaning/ -> 200 (len=259253)
2025-08-23 01:47:48,801 | INFO    | scraper.email_extractor |   0 emails on https://www.speedyfuels.co.uk/services/industrial-tank-cleaning/ (def from text)
2025-08-23 01:47:48,828 | DEBUG   | scraper.email_extractor |   0 emails on https://www.speedyfuels.co.uk/services/industrial-tank-cleaning/ (def from html)
2025-08-23 01:47:49,105 | DEBUG   | scraper.async_http_client | Async GET https://www.walter-schmidt-chemie.de/en/products/premium-products/ -> 200 (len=16089)
2025-08-23 01:47:49,135 | INFO    | scraper.email_extractor |   0 emails on https://www.walter-schmidt-chemie.de/en/products/premium-products/ (def from text)
2025-08-23 01:47:49,159 | DEBUG   | scraper.email_extractor |   0 emails on https://www.walter-schmidt-chemie.de/en/products/premium-products/ (def from html)
2025-08-23 01:47:49,172 | DEBUG   | scraper.async_http_client | Async GET https://jp.mitsuichemicals.com/jp/sustainability/index.htm -> 200 (len=194480)
2025-08-23 01:47:49,403 | INFO    | scraper.email_extractor |   0 emails on https://jp.mitsuichemicals.com/jp/sustainability/index.htm (def from text)
2025-08-23 01:47:49,437 | DEBUG   | scraper.email_extractor |   0 emails on https://jp.mitsuichemicals.com/jp/sustainability/index.htm (def from html)
2025-08-23 01:47:49,728 | DEBUG   | scraper.async_http_client | Async GET https://www.speedyfuels.co.uk/services/industrial-tank-foam-filling/ -> 200 (len=259296)
2025-08-23 01:47:49,781 | INFO    | scraper.email_extractor |   0 emails on https://www.speedyfuels.co.uk/services/industrial-tank-foam-filling/ (def from text)
2025-08-23 01:47:49,808 | DEBUG   | scraper.email_extractor |   0 emails on https://www.speedyfuels.co.uk/services/industrial-tank-foam-filling/ (def from html)
2025-08-23 01:47:50,106 | DEBUG   | scraper.async_http_client | Async GET https://jp.mitsuichemicals.com/jp/sustainability/message/index.htm -> 200 (len=124066)
2025-08-23 01:47:50,139 | INFO    | scraper.email_extractor |   0 emails on https://jp.mitsuichemicals.com/jp/sustainability/message/index.htm (def from text)
2025-08-23 01:47:50,165 | DEBUG   | scraper.email_extractor |   0 emails on https://jp.mitsuichemicals.com/jp/sustainability/message/index.htm (def from html)
2025-08-23 01:47:50,200 | DEBUG   | scraper.async_http_client | Async GET https://www.walter-schmidt-chemie.de/en/products/winter-products/ -> 200 (len=21445)
2025-08-23 01:47:50,210 | INFO    | scraper.email_extractor |   0 emails on https://www.walter-schmidt-chemie.de/en/products/winter-products/ (def from text)
2025-08-23 01:47:50,220 | DEBUG   | scraper.email_extractor |   0 emails on https://www.walter-schmidt-chemie.de/en/products/winter-products/ (def from html)
2025-08-23 01:47:50,712 | DEBUG   | scraper.async_http_client | Async GET https://www.speedyfuels.co.uk/services/industrial-tank-lining/ -> 200 (len=258730)
2025-08-23 01:47:50,762 | INFO    | scraper.email_extractor |   0 emails on https://www.speedyfuels.co.uk/services/industrial-tank-lining/ (def from text)
2025-08-23 01:47:50,789 | DEBUG   | scraper.email_extractor |   0 emails on https://www.speedyfuels.co.uk/services/industrial-tank-lining/ (def from html)
2025-08-23 01:47:51,071 | DEBUG   | scraper.async_http_client | Async GET https://www.walter-schmidt-chemie.de/en/products/summer-products/ -> 200 (len=15487)
2025-08-23 01:47:51,080 | INFO    | scraper.email_extractor |   0 emails on https://www.walter-schmidt-chemie.de/en/products/summer-products/ (def from text)
2025-08-23 01:47:51,089 | DEBUG   | scraper.email_extractor |   0 emails on https://www.walter-schmidt-chemie.de/en/products/summer-products/ (def from html)
2025-08-23 01:47:51,101 | DEBUG   | scraper.async_http_client | Async GET https://jp.mitsuichemicals.com/jp/sustainability/information/2025/index.htm -> 200 (len=113376)
2025-08-23 01:47:51,135 | INFO    | scraper.email_extractor |   0 emails on https://jp.mitsuichemicals.com/jp/sustainability/information/2025/index.htm (def from text)
2025-08-23 01:47:51,165 | DEBUG   | scraper.email_extractor |   0 emails on https://jp.mitsuichemicals.com/jp/sustainability/information/2025/index.htm (def from html)
2025-08-23 01:47:51,713 | DEBUG   | scraper.async_http_client | Async GET https://www.speedyfuels.co.uk/services/oil-tank-telemetry/ -> 200 (len=261323)
2025-08-23 01:47:51,776 | INFO    | scraper.email_extractor |   0 emails on https://www.speedyfuels.co.uk/services/oil-tank-telemetry/ (def from text)
2025-08-23 01:47:51,802 | DEBUG   | scraper.email_extractor |   0 emails on https://www.speedyfuels.co.uk/services/oil-tank-telemetry/ (def from html)
2025-08-23 01:47:52,077 | DEBUG   | scraper.async_http_client | Async GET https://www.walter-schmidt-chemie.de/en/products/car-care-products/ -> 200 (len=25915)
2025-08-23 01:47:52,091 | INFO    | scraper.email_extractor |   0 emails on https://www.walter-schmidt-chemie.de/en/products/car-care-products/ (def from text)
2025-08-23 01:47:52,109 | DEBUG   | scraper.email_extractor |   0 emails on https://www.walter-schmidt-chemie.de/en/products/car-care-products/ (def from html)
2025-08-23 01:47:52,128 | DEBUG   | scraper.async_http_client | Async GET https://jp.mitsuichemicals.com/jp/sustainability/mci_sustainability/index.htm -> 200 (len=108415)
2025-08-23 01:47:52,157 | INFO    | scraper.email_extractor |   0 emails on https://jp.mitsuichemicals.com/jp/sustainability/mci_sustainability/index.htm (def from text)
2025-08-23 01:47:52,184 | DEBUG   | scraper.email_extractor |   0 emails on https://jp.mitsuichemicals.com/jp/sustainability/mci_sustainability/index.htm (def from html)
2025-08-23 01:47:52,707 | DEBUG   | scraper.async_http_client | Async GET https://www.speedyfuels.co.uk/resources/ -> 200 (len=262527)
2025-08-23 01:47:52,757 | INFO    | scraper.email_extractor |   0 emails on https://www.speedyfuels.co.uk/resources/ (def from text)
2025-08-23 01:47:52,793 | DEBUG   | scraper.email_extractor |   0 emails on https://www.speedyfuels.co.uk/resources/ (def from html)
2025-08-23 01:47:53,049 | DEBUG   | scraper.async_http_client | Async GET https://www.walter-schmidt-chemie.de/en/products/home-garden-leisure/ -> 200 (len=13991)
2025-08-23 01:47:53,056 | INFO    | scraper.email_extractor |   0 emails on https://www.walter-schmidt-chemie.de/en/products/home-garden-leisure/ (def from text)
2025-08-23 01:47:53,063 | DEBUG   | scraper.email_extractor |   0 emails on https://www.walter-schmidt-chemie.de/en/products/home-garden-leisure/ (def from html)
2025-08-23 01:47:53,106 | DEBUG   | scraper.async_http_client | Async GET https://jp.mitsuichemicals.com/jp/sustainability/risk_compliance/index.htm -> 200 (len=106674)
2025-08-23 01:47:53,159 | INFO    | scraper.email_extractor |   0 emails on https://jp.mitsuichemicals.com/jp/sustainability/risk_compliance/index.htm (def from text)
2025-08-23 01:47:53,195 | DEBUG   | scraper.email_extractor |   0 emails on https://jp.mitsuichemicals.com/jp/sustainability/risk_compliance/index.htm (def from html)
2025-08-23 01:47:53,705 | DEBUG   | scraper.async_http_client | Async GET https://www.speedyfuels.co.uk/faqs/ -> 200 (len=259262)
2025-08-23 01:47:53,764 | INFO    | scraper.email_extractor |   0 emails on https://www.speedyfuels.co.uk/faqs/ (def from text)
2025-08-23 01:47:53,791 | DEBUG   | scraper.email_extractor |   0 emails on https://www.speedyfuels.co.uk/faqs/ (def from html)
2025-08-23 01:47:54,022 | DEBUG   | scraper.async_http_client | Async GET https://www.walter-schmidt-chemie.de/en/products/disinfection/ -> 200 (len=14105)
2025-08-23 01:47:54,034 | INFO    | scraper.email_extractor |   0 emails on https://www.walter-schmidt-chemie.de/en/products/disinfection/ (def from text)
2025-08-23 01:47:54,042 | DEBUG   | scraper.email_extractor |   0 emails on https://www.walter-schmidt-chemie.de/en/products/disinfection/ (def from html)
2025-08-23 01:47:54,140 | DEBUG   | scraper.async_http_client | Async GET https://jp.mitsuichemicals.com/jp/sustainability/rc/index.htm -> 200 (len=112868)
2025-08-23 01:47:54,173 | INFO    | scraper.email_extractor |   0 emails on https://jp.mitsuichemicals.com/jp/sustainability/rc/index.htm (def from text)
2025-08-23 01:47:54,205 | DEBUG   | scraper.email_extractor |   0 emails on https://jp.mitsuichemicals.com/jp/sustainability/rc/index.htm (def from html)
2025-08-23 01:47:54,711 | DEBUG   | scraper.async_http_client | Async GET https://www.speedyfuels.co.uk/guides/ -> 200 (len=259352)
2025-08-23 01:47:54,762 | INFO    | scraper.email_extractor |   0 emails on https://www.speedyfuels.co.uk/guides/ (def from text)
2025-08-23 01:47:54,784 | DEBUG   | scraper.email_extractor |   0 emails on https://www.speedyfuels.co.uk/guides/ (def from html)
2025-08-23 01:47:55,132 | DEBUG   | scraper.async_http_client | Async GET https://jp.mitsuichemicals.com/jp/sustainability/society/index.htm -> 200 (len=106866)
2025-08-23 01:47:55,166 | INFO    | scraper.email_extractor |   0 emails on https://jp.mitsuichemicals.com/jp/sustainability/society/index.htm (def from text)
2025-08-23 01:47:55,192 | DEBUG   | scraper.email_extractor |   0 emails on https://jp.mitsuichemicals.com/jp/sustainability/society/index.htm (def from html)
2025-08-23 01:47:55,723 | DEBUG   | scraper.async_http_client | Async GET https://www.speedyfuels.co.uk/guides/fuel-storage-regulations/ -> 200 (len=274924)
2025-08-23 01:47:55,780 | INFO    | scraper.email_extractor |   0 emails on https://www.speedyfuels.co.uk/guides/fuel-storage-regulations/ (def from text)
2025-08-23 01:47:55,958 | DEBUG   | scraper.email_extractor |   0 emails on https://www.speedyfuels.co.uk/guides/fuel-storage-regulations/ (def from html)
2025-08-23 01:47:55,996 | DEBUG   | scraper.async_http_client | Async GET https://www.walter-schmidt-chemie.de/en/products/adblue/ -> 200 (len=13944)
2025-08-23 01:47:56,002 | INFO    | scraper.email_extractor |   0 emails on https://www.walter-schmidt-chemie.de/en/products/adblue/ (def from text)
2025-08-23 01:47:56,009 | DEBUG   | scraper.email_extractor |   0 emails on https://www.walter-schmidt-chemie.de/en/products/adblue/ (def from html)
2025-08-23 01:47:56,260 | DEBUG   | scraper.async_http_client | Async GET https://jp.mitsuichemicals.com/jp/sustainability/esg_performance/environment/index.htm -> 200 (len=199008)
2025-08-23 01:47:56,328 | INFO    | scraper.email_extractor |   0 emails on https://jp.mitsuichemicals.com/jp/sustainability/esg_performance/environment/index.htm (def from text)
2025-08-23 01:47:56,384 | DEBUG   | scraper.email_extractor |   0 emails on https://jp.mitsuichemicals.com/jp/sustainability/esg_performance/environment/index.htm (def from html)
2025-08-23 01:47:56,445 | DEBUG   | scraper.async_http_client | Async GET https://www.walter-schmidt-chemie.de/en/products/professional-cleaner/ -> 200 (len=23040)
2025-08-23 01:47:56,454 | INFO    | scraper.email_extractor |   0 emails on https://www.walter-schmidt-chemie.de/en/products/professional-cleaner/ (def from text)
2025-08-23 01:47:56,465 | DEBUG   | scraper.email_extractor |   0 emails on https://www.walter-schmidt-chemie.de/en/products/professional-cleaner/ (def from html)
2025-08-23 01:47:56,699 | DEBUG   | scraper.async_http_client | Async GET https://www.speedyfuels.co.uk/downloads/ -> 200 (len=263812)
2025-08-23 01:47:56,760 | INFO    | scraper.email_extractor |   0 emails on https://www.speedyfuels.co.uk/downloads/ (def from text)
2025-08-23 01:47:56,794 | DEBUG   | scraper.email_extractor |   0 emails on https://www.speedyfuels.co.uk/downloads/ (def from html)
2025-08-23 01:47:57,033 | DEBUG   | scraper.async_http_client | Async GET https://www.walter-schmidt-chemie.de/en/products/cleanser/ -> 200 (len=28267)
2025-08-23 01:47:57,054 | INFO    | scraper.email_extractor |   0 emails on https://www.walter-schmidt-chemie.de/en/products/cleanser/ (def from text)
2025-08-23 01:47:57,069 | DEBUG   | scraper.email_extractor |   0 emails on https://www.walter-schmidt-chemie.de/en/products/cleanser/ (def from html)
2025-08-23 01:47:57,086 | DEBUG   | scraper.async_orchestrator | Summary walter-schmidt-chemie.de raw=3 filtered=3 valid=3
2025-08-23 01:47:57,086 | INFO    | scraper.async_orchestrator | ✅ Found 3 emails for walter schmidt chemie gmbh (walter-schmidt-chemie.de)
2025-08-23 01:47:57,087 | INFO    | scraper.async_orchestrator | [ORCHESTRATOR] Domain task completed: walter-schmidt-chemie.de (3 rows)
2025-08-23 01:47:57,087 | DEBUG   | scraper.async_orchestrator | [ORCHESTRATOR] Waiting for domain task completion
2025-08-23 01:47:57,088 | DEBUG   | scraper.async_http_client | Async GET https://jp.mitsuichemicals.com/jp/sustainability/others/index.htm -> 200 (len=99496)
2025-08-23 01:47:57,121 | INFO    | scraper.email_extractor |   0 emails on https://jp.mitsuichemicals.com/jp/sustainability/others/index.htm (def from text)
2025-08-23 01:47:57,152 | DEBUG   | scraper.email_extractor |   0 emails on https://jp.mitsuichemicals.com/jp/sustainability/others/index.htm (def from html)
2025-08-23 01:47:57,700 | DEBUG   | scraper.async_http_client | Async GET https://www.speedyfuels.co.uk/news/ -> 200 (len=262197)
2025-08-23 01:47:57,751 | INFO    | scraper.email_extractor |   0 emails on https://www.speedyfuels.co.uk/news/ (def from text)
2025-08-23 01:47:57,776 | DEBUG   | scraper.email_extractor |   0 emails on https://www.speedyfuels.co.uk/news/ (def from html)
2025-08-23 01:47:58,139 | DEBUG   | scraper.async_http_client | Async GET https://jp.mitsuichemicals.com/jp/sustainability/beplayer-replayer/index.htm -> 200 (len=28146)
2025-08-23 01:47:58,154 | INFO    | scraper.email_extractor |   0 emails on https://jp.mitsuichemicals.com/jp/sustainability/beplayer-replayer/index.htm (def from text)
2025-08-23 01:47:58,164 | DEBUG   | scraper.email_extractor |   0 emails on https://jp.mitsuichemicals.com/jp/sustainability/beplayer-replayer/index.htm (def from html)
2025-08-23 01:47:58,176 | DEBUG   | scraper.async_orchestrator | Summary jp.mitsuichemicals.com raw=1 filtered=1 valid=1
2025-08-23 01:47:58,176 | INFO    | scraper.async_orchestrator | ✅ Found 1 emails for mitsui toatsu chemicals  (jp.mitsuichemicals.com)
2025-08-23 01:47:58,176 | INFO    | scraper.async_orchestrator | [ORCHESTRATOR] Domain task completed: jp.mitsuichemicals.com (1 rows)
2025-08-23 01:47:58,177 | DEBUG   | scraper.async_orchestrator | [ORCHESTRATOR] Waiting for domain task completion
2025-08-23 01:47:58,723 | DEBUG   | scraper.async_http_client | Async GET https://www.speedyfuels.co.uk/resources/tank-size-calculator/ -> 200 (len=260778)
2025-08-23 01:47:58,772 | INFO    | scraper.email_extractor |   0 emails on https://www.speedyfuels.co.uk/resources/tank-size-calculator/ (def from text)
2025-08-23 01:47:58,795 | DEBUG   | scraper.email_extractor |   0 emails on https://www.speedyfuels.co.uk/resources/tank-size-calculator/ (def from html)
2025-08-23 01:47:59,009 | DEBUG   | scraper.async_http_client | Async GET https://sustainability.speedyfuels.co.uk/carbon-calculator/ -> 200 (len=184651)
2025-08-23 01:47:59,097 | INFO    | scraper.email_extractor |   0 emails on https://sustainability.speedyfuels.co.uk/carbon-calculator/ (def from text)
2025-08-23 01:47:59,172 | DEBUG   | scraper.email_extractor |   0 emails on https://sustainability.speedyfuels.co.uk/carbon-calculator/ (def from html)
2025-08-23 01:47:59,714 | DEBUG   | scraper.async_http_client | Async GET https://www.speedyfuels.co.uk/about-us/ -> 200 (len=265091)
2025-08-23 01:47:59,778 | INFO    | scraper.email_extractor |   0 emails on https://www.speedyfuels.co.uk/about-us/ (def from text)
2025-08-23 01:47:59,802 | DEBUG   | scraper.email_extractor |   0 emails on https://www.speedyfuels.co.uk/about-us/ (def from html)
2025-08-23 01:48:00,714 | DEBUG   | scraper.async_http_client | Async GET https://www.speedyfuels.co.uk/environment/ -> 200 (len=265817)
2025-08-23 01:48:00,767 | INFO    | scraper.email_extractor |   0 emails on https://www.speedyfuels.co.uk/environment/ (def from text)
2025-08-23 01:48:00,793 | DEBUG   | scraper.email_extractor |   0 emails on https://www.speedyfuels.co.uk/environment/ (def from html)
2025-08-23 01:48:01,766 | DEBUG   | scraper.async_http_client | Async GET https://speedyfuels.co.uk -> 200 (len=276481)
2025-08-23 01:48:01,766 | INFO    | scraper.async_http_client | Starting async batch request for 5 URLs
2025-08-23 01:48:03,873 | DEBUG   | scraper.async_http_client | Async GET https://speedyfuels.co.uk/contacts/ -> 404 (len=258040)
2025-08-23 01:48:03,961 | DEBUG   | scraper.async_http_client | Async GET https://speedyfuels.co.uk/contacts -> 404 (len=258074)
2025-08-23 01:48:04,053 | DEBUG   | scraper.async_http_client | Async GET https://speedyfuels.co.uk/contact/ -> 404 (len=258074)
2025-08-23 01:48:04,130 | DEBUG   | scraper.async_http_client | Async GET https://speedyfuels.co.uk/contact -> 404 (len=258108)
2025-08-23 01:48:04,202 | DEBUG   | scraper.async_http_client | Async GET https://speedyfuels.co.uk/kontakt -> 404 (len=258108)
2025-08-23 01:48:04,202 | INFO    | scraper.async_http_client | Async batch request completed: 5/5 successful in 2.44 seconds (2.05 requests/sec)
2025-08-23 01:48:04,856 | INFO    | scraper.async_browser_service | AsyncBrowserService started (headless=True, concurrent=8)
2025-08-23 01:48:09,769 | DEBUG   | scraper.async_orchestrator | Async JS render failed for speedyfuels.co.uk: module 'scraper.email_extractor' has no attribute 'extract_emails_from_content'
2025-08-23 01:48:09,769 | DEBUG   | scraper.async_orchestrator | Summary speedyfuels.co.uk raw=0 filtered=0 valid=0
2025-08-23 01:48:09,769 | DEBUG   | scraper.async_orchestrator | No emails found for speedy fuels (speedyfuels.co.uk)
2025-08-23 01:48:09,769 | INFO    | scraper.async_orchestrator | [ORCHESTRATOR] Domain task completed: speedyfuels.co.uk (0 rows)
2025-08-23 01:48:09,775 | INFO    | scraper.async_http_client | Async HTTP client closed
2025-08-23 01:48:09,776 | DEBUG   | scraper.async_google_search | Async Google API session closed
2025-08-23 01:48:09,828 | ERROR   | scraper.cli          | Failed final Excel write: [WinError 5] Zugriff verweigert: 'C:\\Users\\julia\\AppData\\Local\\Temp\\tmpuiakxvrb.xlsx' -> 'results.xlsx'
2025-08-23 01:48:09,831 | WARNING | scraper.cli          | Wrote fallback CSV instead: results.csv
2025-08-23 01:48:09,833 | INFO    | scraper.browser_service | BrowserService shutdown complete
2025-08-23 01:48:09,833 | INFO    | scraper.cli          | BrowserService: shutdown complete
